make[1]: Entering directory '/tmp/peon-valley-real-upgrade-typk2lke/published_source/tools' gcc -O3 -std=c17 -Wall -Wextra -pedantic -o gbcpal gbcpal.c gcc -O3 -std=c17 -Wall -Wextra -pedantic -o gfx gfx.c gcc -O3 -std=c17 -Wall -Wextra -pedantic -o lzcompress lzcompress.c gcc -O3 -std=c17 -Wall -Wextra -pedantic -o make_patch make_patch.c gcc -O3 -std=c17 -Wall -Wextra -pedantic -o png_dimensions png_dimensions.c gcc -O3 -std=c17 -Wall -Wextra -pedantic -o pokemon_animation pokemon_animation.c gcc -O3 -std=c17 -Wall -Wextra -pedantic -o pokemon_animation_graphics pokemon_animation_graphics.c gcc -O3 -std=c17 -Wall -Wextra -pedantic -o scan_includes scan_includes.c gcc -O3 -std=c17 -Wall -Wextra -pedantic -o stadium stadium.c make[1]: Leaving directory '/tmp/peon-valley-real-upgrade-typk2lke/published_source/tools'
/workspace/toolchains/rgbds-1.0.4/rgbasm -o rgbdscheck.o rgbdscheck.asm
/workspace/toolchains/rgbds-1.0.4/rgbgfx -p gfx/pokemon/dewgong/front.gbcpal gfx/pokemon/dewgong/front.png
/workspace/toolchains/rgbds-1.0.4/rgbgfx -p gfx/pokemon/dewgong/back.gbcpal gfx/pokemon/dewgong/back.png
tools/png_dimensions gfx/pokemon/dewgong/front.png gfx/pokemon/dewgong/front.dimensions
/workspace/toolchains/rgbds-1.0.4/rgbgfx -p gfx/pokemon/lugia/front.gbcpal gfx/pokemon/lugia/front.png
tools/gbcpal  gfx/pokemon/dewgong/back.gbcpal gfx/pokemon/dewgong/back.gbcpal || $(rm -f gfx/pokemon/dewgong/back.gbcpal && false)
/workspace/toolchains/rgbds-1.0.4/rgbgfx -p gfx/pokemon/lugia/back.gbcpal gfx/pokemon/lugia/back.png
tools/gbcpal  gfx/pokemon/lugia/front.gbcpal gfx/pokemon/lugia/front.gbcpal || $(rm -f gfx/pokemon/lugia/front.gbcpal && false)
tools/gbcpal  gfx/pokemon/dewgong/front.gbcpal gfx/pokemon/dewgong/front.gbcpal || $(rm -f gfx/pokemon/dewgong/front.gbcpal && false)
tools/gbcpal  gfx/pokemon/lugia/back.gbcpal gfx/pokemon/lugia/back.gbcpal || $(rm -f gfx/pokemon/lugia/back.gbcpal && false)
tools/png_dimensions gfx/pokemon/lugia/front.png gfx/pokemon/lugia/front.dimensions
tr < gfx/sgb/sgb_border.bin -d '\000' > gfx/sgb/sgb_border.sgb.tilemap
/workspace/toolchains/rgbds-1.0.4/rgbgfx --colors dmg -Weverything -o gfx/sgb/sgb_border.2bpp gfx/sgb/sgb_border.png
/workspace/toolchains/rgbds-1.0.4/rgbgfx -p gfx/pokemon/bulbasaur/front.gbcpal gfx/pokemon/bulbasaur/front.png
tools/gfx --trim-whitespace -o gfx/sgb/sgb_border.2bpp gfx/sgb/sgb_border.2bpp || $(rm -f gfx/sgb/sgb_border.2bpp && false)
tools/gbcpal  gfx/pokemon/bulbasaur/front.gbcpal gfx/pokemon/bulbasaur/front.gbcpal || $(rm -f gfx/pokemon/bulbasaur/front.gbcpal && false)
/workspace/toolchains/rgbds-1.0.4/rgbgfx -p gfx/pokemon/bulbasaur/back.gbcpal gfx/pokemon/bulbasaur/back.png
/workspace/toolchains/rgbds-1.0.4/rgbgfx -p gfx/pokemon/ivysaur/front.gbcpal gfx/pokemon/ivysaur/front.png
tools/gbcpal  gfx/pokemon/bulbasaur/back.gbcpal gfx/pokemon/bulbasaur/back.gbcpal || $(rm -f gfx/pokemon/bulbasaur/back.gbcpal && false)
tools/gbcpal  gfx/pokemon/ivysaur/front.gbcpal gfx/pokemon/ivysaur/front.gbcpal || $(rm -f gfx/pokemon/ivysaur/front.gbcpal && false)
/workspace/toolchains/rgbds-1.0.4/rgbgfx -p gfx/pokemon/ivysaur/back.gbcpal gfx/pokemon/ivysaur/back.png
/workspace/toolchains/rgbds-1.0.4/rgbgfx -p gfx/pokemon/venusaur/front.gbcpal gfx/pokemon/venusaur/front.png
tools/gbcpal  gfx/pokemon/ivysaur/back.gbcpal gfx/pokemon/ivysaur/back.gbcpal || $(rm -f gfx/pokemon/ivysaur/back.gbcpal && false)
/workspace/toolchains/rgbds-1.0.4/rgbgfx -p gfx/pokemon/venusaur/back.gbcpal gfx/pokemon/venusaur/back.png
tools/gbcpal  gfx/pokemon/venusaur/front.gbcpal gfx/pokemon/venusaur/front.gbcpal || $(rm -f gfx/pokemon/venusaur/front.gbcpal && false)
/workspace/toolchains/rgbds-1.0.4/rgbgfx -p gfx/pokemon/charmander/front.gbcpal gfx/pokemon/charmander/front.png
tools/gbcpal  gfx/pokemon/venusaur/back.gbcpal gfx/pokemon/venusaur/back.gbcpal || $(rm -f gfx/pokemon/venusaur/back.gbcpal && false)
tools/gbcpal  gfx/pokemon/charmander/front.gbcpal gfx/pokemon/charmander/front.gbcpal || $(rm -f gfx/pokemon/charmander/front.gbcpal && false)
/workspace/toolchains/rgbds-1.0.4/rgbgfx -p gfx/pokemon/charmander/back.gbcpal gfx/pokemon/charmander/back.png
tools/gbcpal  gfx/pokemon/charmander/back.gbcpal gfx/pokemon/charmander/back.gbcpal || $(rm -f gfx/pokemon/charmander/back.gbcpal && false)
/workspace/toolchains/rgbds-1.0.4/rgbgfx -p gfx/pokemon/charmeleon/front.gbcpal gfx/pokemon/charmeleon/front.png
/workspace/toolchains/rgbds-1.0.4/rgbgfx -p gfx/pokemon/charmeleon/back.gbcpal gfx/pokemon/charmeleon/back.png
/workspace/toolchains/rgbds-1.0.4/rgbgfx -p gfx/pokemon/charizard/front.gbcpal gfx/pokemon/charizard/front.png
tools/gbcpal  gfx/pokemon/charmeleon/front.gbcpal gfx/pokemon/charmeleon/front.gbcpal || $(rm -f gfx/pokemon/charmeleon/front.gbcpal && false)
/workspace/toolchains/rgbds-1.0.4/rgbgfx -p gfx/pokemon/charizard/back.gbcpal gfx/pokemon/charizard/back.png
tools/gbcpal  gfx/pokemon/charmeleon/back.gbcpal gfx/pokemon/charmeleon/back.gbcpal || $(rm -f gfx/pokemon/charmeleon/back.gbcpal && false)
tools/gbcpal  gfx/pokemon/charizard/back.gbcpal gfx/pokemon/charizard/back.gbcpal || $(rm -f gfx/pokemon/charizard/back.gbcpal && false)
tools/gbcpal  gfx/pokemon/charizard/front.gbcpal gfx/pokemon/charizard/front.gbcpal || $(rm -f gfx/pokemon/charizard/front.gbcpal && false)
/workspace/toolchains/rgbds-1.0.4/rgbgfx -p gfx/pokemon/squirtle/front.gbcpal gfx/pokemon/squirtle/front.png
/workspace/toolchains/rgbds-1.0.4/rgbgfx -p gfx/pokemon/squirtle/back.gbcpal gfx/pokemon/squirtle/back.png
tools/gbcpal  gfx/pokemon/squirtle/front.gbcpal gfx/pokemon/squirtle/front.gbcpal || $(rm -f gfx/pokemon/squirtle/front.gbcpal && false)
/workspace/toolchains/rgbds-1.0.4/rgbgfx -p gfx/pokemon/wartortle/front.gbcpal gfx/pokemon/wartortle/front.png
tools/gbcpal  gfx/pokemon/squirtle/back.gbcpal gfx/pokemon/squirtle/back.gbcpal || $(rm -f gfx/pokemon/squirtle/back.gbcpal && false)
/workspace/toolchains/rgbds-1.0.4/rgbgfx -p gfx/pokemon/wartortle/back.gbcpal gfx/pokemon/wartortle/back.png
tools/gbcpal  gfx/pokemon/wartortle/front.gbcpal gfx/pokemon/wartortle/front.gbcpal || $(rm -f gfx/pokemon/wartortle/front.gbcpal && false)
tools/gbcpal  gfx/pokemon/wartortle/back.gbcpal gfx/pokemon/wartortle/back.gbcpal || $(rm -f gfx/pokemon/wartortle/back.gbcpal && false)
/workspace/toolchains/rgbds-1.0.4/rgbgfx -p gfx/pokemon/blastoise/front.gbcpal gfx/pokemon/blastoise/front.png
/workspace/toolchains/rgbds-1.0.4/rgbgfx -p gfx/pokemon/blastoise/back.gbcpal gfx/pokemon/blastoise/back.png
tools/gbcpal  gfx/pokemon/blastoise/front.gbcpal gfx/pokemon/blastoise/front.gbcpal || $(rm -f gfx/pokemon/blastoise/front.gbcpal && false)
/workspace/toolchains/rgbds-1.0.4/rgbgfx -p gfx/pokemon/caterpie/front.gbcpal gfx/pokemon/caterpie/front.png
tools/gbcpal  gfx/pokemon/blastoise/back.gbcpal gfx/pokemon/blastoise/back.gbcpal || $(rm -f gfx/pokemon/blastoise/back.gbcpal && false)
/workspace/toolchains/rgbds-1.0.4/rgbgfx -p gfx/pokemon/caterpie/back.gbcpal gfx/pokemon/caterpie/back.png
tools/gbcpal  gfx/pokemon/caterpie/back.gbcpal gfx/pokemon/caterpie/back.gbcpal || $(rm -f gfx/pokemon/caterpie/back.gbcpal && false)
tools/gbcpal  gfx/pokemon/caterpie/front.gbcpal gfx/pokemon/caterpie/front.gbcpal || $(rm -f gfx/pokemon/caterpie/front.gbcpal && false)
/workspace/toolchains/rgbds-1.0.4/rgbgfx -p gfx/pokemon/metapod/front.gbcpal gfx/pokemon/metapod/front.png
/workspace/toolchains/rgbds-1.0.4/rgbgfx -p gfx/pokemon/metapod/back.gbcpal gfx/pokemon/metapod/back.png
tools/gbcpal  gfx/pokemon/metapod/front.gbcpal gfx/pokemon/metapod/front.gbcpal || $(rm -f gfx/pokemon/metapod/front.gbcpal && false)
/workspace/toolchains/rgbds-1.0.4/rgbgfx -p gfx/pokemon/butterfree/front.gbcpal gfx/pokemon/butterfree/front.png
tools/gbcpal  gfx/pokemon/metapod/back.gbcpal gfx/pokemon/metapod/back.gbcpal || $(rm -f gfx/pokemon/metapod/back.gbcpal && false)
/workspace/toolchains/rgbds-1.0.4/rgbgfx -p gfx/pokemon/butterfree/back.gbcpal gfx/pokemon/butterfree/back.png
tools/gbcpal  gfx/pokemon/butterfree/front.gbcpal gfx/pokemon/butterfree/front.gbcpal || $(rm -f gfx/pokemon/butterfree/front.gbcpal && false)
tools/gbcpal  gfx/pokemon/butterfree/back.gbcpal gfx/pokemon/butterfree/back.gbcpal || $(rm -f gfx/pokemon/butterfree/back.gbcpal && false)
/workspace/toolchains/rgbds-1.0.4/rgbgfx -p gfx/pokemon/weedle/front.gbcpal gfx/pokemon/weedle/front.png
/workspace/toolchains/rgbds-1.0.4/rgbgfx -p gfx/pokemon/weedle/back.gbcpal gfx/pokemon/weedle/back.png
tools/gbcpal  gfx/pokemon/weedle/front.gbcpal gfx/pokemon/weedle/front.gbcpal || $(rm -f gfx/pokemon/weedle/front.gbcpal && false)
/workspace/toolchains/rgbds-1.0.4/rgbgfx -p gfx/pokemon/kakuna/front.gbcpal gfx/pokemon/kakuna/front.png
tools/gbcpal  gfx/pokemon/weedle/back.gbcpal gfx/pokemon/weedle/back.gbcpal || $(rm -f gfx/pokemon/weedle/back.gbcpal && false)
tools/gbcpal  gfx/pokemon/kakuna/front.gbcpal gfx/pokemon/kakuna/front.gbcpal || $(rm -f gfx/pokemon/kakuna/front.gbcpal && false)
/workspace/toolchains/rgbds-1.0.4/rgbgfx -p gfx/pokemon/kakuna/back.gbcpal gfx/pokemon/kakuna/back.png
tools/gbcpal  gfx/pokemon/kakuna/back.gbcpal gfx/pokemon/kakuna/back.gbcpal || $(rm -f gfx/pokemon/kakuna/back.gbcpal && false)
/workspace/toolchains/rgbds-1.0.4/rgbgfx -p gfx/pokemon/beedrill/front.gbcpal gfx/pokemon/beedrill/front.png
/workspace/toolchains/rgbds-1.0.4/rgbgfx -p gfx/pokemon/beedrill/back.gbcpal gfx/pokemon/beedrill/back.png
/workspace/toolchains/rgbds-1.0.4/rgbgfx -p gfx/pokemon/pidgey/front.gbcpal gfx/pokemon/pidgey/front.png
tools/gbcpal  gfx/pokemon/beedrill/front.gbcpal gfx/pokemon/beedrill/front.gbcpal || $(rm -f gfx/pokemon/beedrill/front.gbcpal && false)
tools/gbcpal  gfx/pokemon/beedrill/back.gbcpal gfx/pokemon/beedrill/back.gbcpal || $(rm -f gfx/pokemon/beedrill/back.gbcpal && false)
tools/gbcpal  gfx/pokemon/pidgey/front.gbcpal gfx/pokemon/pidgey/front.gbcpal || $(rm -f gfx/pokemon/pidgey/front.gbcpal && false)
/workspace/toolchains/rgbds-1.0.4/rgbgfx -p gfx/pokemon/pidgey/back.gbcpal gfx/pokemon/pidgey/back.png
/workspace/toolchains/rgbds-1.0.4/rgbgfx -p gfx/pokemon/pidgeotto/front.gbcpal gfx/pokemon/pidgeotto/front.png
/workspace/toolchains/rgbds-1.0.4/rgbgfx -p gfx/pokemon/pidgeotto/back.gbcpal gfx/pokemon/pidgeotto/back.png
tools/gbcpal  gfx/pokemon/pidgey/back.gbcpal gfx/pokemon/pidgey/back.gbcpal || $(rm -f gfx/pokemon/pidgey/back.gbcpal && false)
tools/gbcpal  gfx/pokemon/pidgeotto/front.gbcpal gfx/pokemon/pidgeotto/front.gbcpal || $(rm -f gfx/pokemon/pidgeotto/front.gbcpal && false)
tools/gbcpal  gfx/pokemon/pidgeotto/back.gbcpal gfx/pokemon/pidgeotto/back.gbcpal || $(rm -f gfx/pokemon/pidgeotto/back.gbcpal && false)
/workspace/toolchains/rgbds-1.0.4/rgbgfx -p gfx/pokemon/pidgeot/front.gbcpal gfx/pokemon/pidgeot/front.png
tools/gbcpal  gfx/pokemon/pidgeot/front.gbcpal gfx/pokemon/pidgeot/front.gbcpal || $(rm -f gfx/pokemon/pidgeot/front.gbcpal && false)
/workspace/toolchains/rgbds-1.0.4/rgbgfx -p gfx/pokemon/pidgeot/back.gbcpal gfx/pokemon/pidgeot/back.png
/workspace/toolchains/rgbds-1.0.4/rgbgfx -p gfx/pokemon/rattata/front.gbcpal gfx/pokemon/rattata/front.png
/workspace/toolchains/rgbds-1.0.4/rgbgfx -p gfx/pokemon/rattata/back.gbcpal gfx/pokemon/rattata/back.png
tools/gbcpal  gfx/pokemon/pidgeot/back.gbcpal gfx/pokemon/pidgeot/back.gbcpal || $(rm -f gfx/pokemon/pidgeot/back.gbcpal && false)
tools/gbcpal  gfx/pokemon/rattata/front.gbcpal gfx/pokemon/rattata/front.gbcpal || $(rm -f gfx/pokemon/rattata/front.gbcpal && false)
tools/gbcpal  gfx/pokemon/rattata/back.gbcpal gfx/pokemon/rattata/back.gbcpal || $(rm -f gfx/pokemon/rattata/back.gbcpal && false)
/workspace/toolchains/rgbds-1.0.4/rgbgfx -p gfx/pokemon/raticate/front.gbcpal gfx/pokemon/raticate/front.png
tools/gbcpal  gfx/pokemon/raticate/front.gbcpal gfx/pokemon/raticate/front.gbcpal || $(rm -f gfx/pokemon/raticate/front.gbcpal && false)
/workspace/toolchains/rgbds-1.0.4/rgbgfx -p gfx/pokemon/raticate/back.gbcpal gfx/pokemon/raticate/back.png
/workspace/toolchains/rgbds-1.0.4/rgbgfx -p gfx/pokemon/spearow/front.gbcpal gfx/pokemon/spearow/front.png
/workspace/toolchains/rgbds-1.0.4/rgbgfx -p gfx/pokemon/spearow/back.gbcpal gfx/pokemon/spearow/back.png
tools/gbcpal  gfx/pokemon/raticate/back.gbcpal gfx/pokemon/raticate/back.gbcpal || $(rm -f gfx/pokemon/raticate/back.gbcpal && false)
tools/gbcpal --reverse gfx/pokemon/spearow/back.gbcpal gfx/pokemon/spearow/back.gbcpal || $(rm -f gfx/pokemon/spearow/back.gbcpal && false)
tools/gbcpal --reverse gfx/pokemon/spearow/front.gbcpal gfx/pokemon/spearow/front.gbcpal || $(rm -f gfx/pokemon/spearow/front.gbcpal && false)
/workspace/toolchains/rgbds-1.0.4/rgbgfx -p gfx/pokemon/fearow/front.gbcpal gfx/pokemon/fearow/front.png
/workspace/toolchains/rgbds-1.0.4/rgbgfx -p gfx/pokemon/fearow/back.gbcpal gfx/pokemon/fearow/back.png
/workspace/toolchains/rgbds-1.0.4/rgbgfx -p gfx/pokemon/ekans/front.gbcpal gfx/pokemon/ekans/front.png
tools/gbcpal --reverse gfx/pokemon/fearow/front.gbcpal gfx/pokemon/fearow/front.gbcpal || $(rm -f gfx/pokemon/fearow/front.gbcpal && false)
/workspace/toolchains/rgbds-1.0.4/rgbgfx -p gfx/pokemon/ekans/back.gbcpal gfx/pokemon/ekans/back.png
tools/gbcpal --reverse gfx/pokemon/fearow/back.gbcpal gfx/pokemon/fearow/back.gbcpal || $(rm -f gfx/pokemon/fearow/back.gbcpal && false)
tools/gbcpal  gfx/pokemon/ekans/front.gbcpal gfx/pokemon/ekans/front.gbcpal || $(rm -f gfx/pokemon/ekans/front.gbcpal && false)
tools/gbcpal  gfx/pokemon/ekans/back.gbcpal gfx/pokemon/ekans/back.gbcpal || $(rm -f gfx/pokemon/ekans/back.gbcpal && false)
/workspace/toolchains/rgbds-1.0.4/rgbgfx -p gfx/pokemon/arbok/front.gbcpal gfx/pokemon/arbok/front.png
/workspace/toolchains/rgbds-1.0.4/rgbgfx -p gfx/pokemon/arbok/back.gbcpal gfx/pokemon/arbok/back.png
/workspace/toolchains/rgbds-1.0.4/rgbgfx -p gfx/pokemon/pikachu/front.gbcpal gfx/pokemon/pikachu/front.png
/workspace/toolchains/rgbds-1.0.4/rgbgfx -p gfx/pokemon/pikachu/back.gbcpal gfx/pokemon/pikachu/back.png
tools/gbcpal  gfx/pokemon/arbok/back.gbcpal gfx/pokemon/arbok/back.gbcpal || $(rm -f gfx/pokemon/arbok/back.gbcpal && false)
tools/gbcpal  gfx/pokemon/arbok/front.gbcpal gfx/pokemon/arbok/front.gbcpal || $(rm -f gfx/pokemon/arbok/front.gbcpal && false)
tools/gbcpal  gfx/pokemon/pikachu/back.gbcpal gfx/pokemon/pikachu/back.gbcpal || $(rm -f gfx/pokemon/pikachu/back.gbcpal && false)
tools/gbcpal  gfx/pokemon/pikachu/front.gbcpal gfx/pokemon/pikachu/front.gbcpal || $(rm -f gfx/pokemon/pikachu/front.gbcpal && false)
/workspace/toolchains/rgbds-1.0.4/rgbgfx -p gfx/pokemon/raichu/front.gbcpal gfx/pokemon/raichu/front.png
/workspace/toolchains/rgbds-1.0.4/rgbgfx -p gfx/pokemon/raichu/back.gbcpal gfx/pokemon/raichu/back.png
/workspace/toolchains/rgbds-1.0.4/rgbgfx -p gfx/pokemon/sandshrew/front.gbcpal gfx/pokemon/sandshrew/front.png
tools/gbcpal  gfx/pokemon/raichu/front.gbcpal gfx/pokemon/raichu/front.gbcpal || $(rm -f gfx/pokemon/raichu/front.gbcpal && false)
/workspace/toolchains/rgbds-1.0.4/rgbgfx -p gfx/pokemon/sandshrew/back.gbcpal gfx/pokemon/sandshrew/back.png
tools/gbcpal  gfx/pokemon/raichu/back.gbcpal gfx/pokemon/raichu/back.gbcpal || $(rm -f gfx/pokemon/raichu/back.gbcpal && false)
tools/gbcpal  gfx/pokemon/sandshrew/front.gbcpal gfx/pokemon/sandshrew/front.gbcpal || $(rm -f gfx/pokemon/sandshrew/front.gbcpal && false)
tools/gbcpal  gfx/pokemon/sandshrew/back.gbcpal gfx/pokemon/sandshrew/back.gbcpal || $(rm -f gfx/pokemon/sandshrew/back.gbcpal && false)
/workspace/toolchains/rgbds-1.0.4/rgbgfx -p gfx/pokemon/sandslash/front.gbcpal gfx/pokemon/sandslash/front.png
/workspace/toolchains/rgbds-1.0.4/rgbgfx -p gfx/pokemon/sandslash/back.gbcpal gfx/pokemon/sandslash/back.png
tools/gbcpal  gfx/pokemon/sandslash/back.gbcpal gfx/pokemon/sandslash/back.gbcpal || $(rm -f gfx/pokemon/sandslash/back.gbcpal && false)
/workspace/toolchains/rgbds-1.0.4/rgbgfx -p gfx/pokemon/nidoran_f/front.gbcpal gfx/pokemon/nidoran_f/front.png
/workspace/toolchains/rgbds-1.0.4/rgbgfx -p gfx/pokemon/nidoran_f/back.gbcpal gfx/pokemon/nidoran_f/back.png
tools/gbcpal  gfx/pokemon/sandslash/front.gbcpal gfx/pokemon/sandslash/front.gbcpal || $(rm -f gfx/pokemon/sandslash/front.gbcpal && false)
tools/gbcpal  gfx/pokemon/nidoran_f/front.gbcpal gfx/pokemon/nidoran_f/front.gbcpal || $(rm -f gfx/pokemon/nidoran_f/front.gbcpal && false)
tools/gbcpal  gfx/pokemon/nidoran_f/back.gbcpal gfx/pokemon/nidoran_f/back.gbcpal || $(rm -f gfx/pokemon/nidoran_f/back.gbcpal && false)
/workspace/toolchains/rgbds-1.0.4/rgbgfx -p gfx/pokemon/nidorina/front.gbcpal gfx/pokemon/nidorina/front.png
/workspace/toolchains/rgbds-1.0.4/rgbgfx -p gfx/pokemon/nidorina/back.gbcpal gfx/pokemon/nidorina/back.png
tools/gbcpal  gfx/pokemon/nidorina/front.gbcpal gfx/pokemon/nidorina/front.gbcpal || $(rm -f gfx/pokemon/nidorina/front.gbcpal && false)
tools/gbcpal  gfx/pokemon/nidorina/back.gbcpal gfx/pokemon/nidorina/back.gbcpal || $(rm -f gfx/pokemon/nidorina/back.gbcpal && false)
/workspace/toolchains/rgbds-1.0.4/rgbgfx -p gfx/pokemon/nidoqueen/front.gbcpal gfx/pokemon/nidoqueen/front.png
/workspace/toolchains/rgbds-1.0.4/rgbgfx -p gfx/pokemon/nidoqueen/back.gbcpal gfx/pokemon/nidoqueen/back.png
tools/gbcpal  gfx/pokemon/nidoqueen/back.gbcpal gfx/pokemon/nidoqueen/back.gbcpal || $(rm -f gfx/pokemon/nidoqueen/back.gbcpal && false)
/workspace/toolchains/rgbds-1.0.4/rgbgfx -p gfx/pokemon/nidoran_m/front.gbcpal gfx/pokemon/nidoran_m/front.png
tools/gbcpal  gfx/pokemon/nidoqueen/front.gbcpal gfx/pokemon/nidoqueen/front.gbcpal || $(rm -f gfx/pokemon/nidoqueen/front.gbcpal && false)
/workspace/toolchains/rgbds-1.0.4/rgbgfx -p gfx/pokemon/nidoran_m/back.gbcpal gfx/pokemon/nidoran_m/back.png
tools/gbcpal  gfx/pokemon/nidoran_m/front.gbcpal gfx/pokemon/nidoran_m/front.gbcpal || $(rm -f gfx/pokemon/nidoran_m/front.gbcpal && false)
tools/gbcpal  gfx/pokemon/nidoran_m/back.gbcpal gfx/pokemon/nidoran_m/back.gbcpal || $(rm -f gfx/pokemon/nidoran_m/back.gbcpal && false)
/workspace/toolchains/rgbds-1.0.4/rgbgfx -p gfx/pokemon/nidorino/front.gbcpal gfx/pokemon/nidorino/front.png
/workspace/toolchains/rgbds-1.0.4/rgbgfx -p gfx/pokemon/nidorino/back.gbcpal gfx/pokemon/nidorino/back.png
tools/gbcpal  gfx/pokemon/nidorino/front.gbcpal gfx/pokemon/nidorino/front.gbcpal || $(rm -f gfx/pokemon/nidorino/front.gbcpal && false)
tools/gbcpal  gfx/pokemon/nidorino/back.gbcpal gfx/pokemon/nidorino/back.gbcpal || $(rm -f gfx/pokemon/nidorino/back.gbcpal && false)
/workspace/toolchains/rgbds-1.0.4/rgbgfx -p gfx/pokemon/nidoking/front.gbcpal gfx/pokemon/nidoking/front.png
tools/gbcpal  gfx/pokemon/nidoking/front.gbcpal gfx/pokemon/nidoking/front.gbcpal || $(rm -f gfx/pokemon/nidoking/front.gbcpal && false)
/workspace/toolchains/rgbds-1.0.4/rgbgfx -p gfx/pokemon/nidoking/back.gbcpal gfx/pokemon/nidoking/back.png
/workspace/toolchains/rgbds-1.0.4/rgbgfx -p gfx/pokemon/clefairy/front.gbcpal gfx/pokemon/clefairy/front.png
/workspace/toolchains/rgbds-1.0.4/rgbgfx -p gfx/pokemon/clefairy/back.gbcpal gfx/pokemon/clefairy/back.png
tools/gbcpal  gfx/pokemon/nidoking/back.gbcpal gfx/pokemon/nidoking/back.gbcpal || $(rm -f gfx/pokemon/nidoking/back.gbcpal && false)
tools/gbcpal  gfx/pokemon/clefairy/front.gbcpal gfx/pokemon/clefairy/front.gbcpal || $(rm -f gfx/pokemon/clefairy/front.gbcpal && false)
tools/gbcpal  gfx/pokemon/clefairy/back.gbcpal gfx/pokemon/clefairy/back.gbcpal || $(rm -f gfx/pokemon/clefairy/back.gbcpal && false)
/workspace/toolchains/rgbds-1.0.4/rgbgfx -p gfx/pokemon/clefable/front.gbcpal gfx/pokemon/clefable/front.png
tools/gbcpal  gfx/pokemon/clefable/front.gbcpal gfx/pokemon/clefable/front.gbcpal || $(rm -f gfx/pokemon/clefable/front.gbcpal && false)
/workspace/toolchains/rgbds-1.0.4/rgbgfx -p gfx/pokemon/clefable/back.gbcpal gfx/pokemon/clefable/back.png
/workspace/toolchains/rgbds-1.0.4/rgbgfx -p gfx/pokemon/vulpix/front.gbcpal gfx/pokemon/vulpix/front.png
/workspace/toolchains/rgbds-1.0.4/rgbgfx -p gfx/pokemon/vulpix/back.gbcpal gfx/pokemon/vulpix/back.png
tools/gbcpal  gfx/pokemon/clefable/back.gbcpal gfx/pokemon/clefable/back.gbcpal || $(rm -f gfx/pokemon/clefable/back.gbcpal && false)
tools/gbcpal  gfx/pokemon/vulpix/front.gbcpal gfx/pokemon/vulpix/front.gbcpal || $(rm -f gfx/pokemon/vulpix/front.gbcpal && false)
tools/gbcpal  gfx/pokemon/vulpix/back.gbcpal gfx/pokemon/vulpix/back.gbcpal || $(rm -f gfx/pokemon/vulpix/back.gbcpal && false)
/workspace/toolchains/rgbds-1.0.4/rgbgfx -p gfx/pokemon/ninetales/front.gbcpal gfx/pokemon/ninetales/front.png
/workspace/toolchains/rgbds-1.0.4/rgbgfx -p gfx/pokemon/ninetales/back.gbcpal gfx/pokemon/ninetales/back.png
tools/gbcpal  gfx/pokemon/ninetales/front.gbcpal gfx/pokemon/ninetales/front.gbcpal || $(rm -f gfx/pokemon/ninetales/front.gbcpal && false)
/workspace/toolchains/rgbds-1.0.4/rgbgfx -p gfx/pokemon/jigglypuff/front.gbcpal gfx/pokemon/jigglypuff/front.png
tools/gbcpal  gfx/pokemon/ninetales/back.gbcpal gfx/pokemon/ninetales/back.gbcpal || $(rm -f gfx/pokemon/ninetales/back.gbcpal && false)
/workspace/toolchains/rgbds-1.0.4/rgbgfx -p gfx/pokemon/jigglypuff/back.gbcpal gfx/pokemon/jigglypuff/back.png
tools/gbcpal  gfx/pokemon/jigglypuff/front.gbcpal gfx/pokemon/jigglypuff/front.gbcpal || $(rm -f gfx/pokemon/jigglypuff/front.gbcpal && false)
tools/gbcpal  gfx/pokemon/jigglypuff/back.gbcpal gfx/pokemon/jigglypuff/back.gbcpal || $(rm -f gfx/pokemon/jigglypuff/back.gbcpal && false)
/workspace/toolchains/rgbds-1.0.4/rgbgfx -p gfx/pokemon/wigglytuff/front.gbcpal gfx/pokemon/wigglytuff/front.png
tools/gbcpal  gfx/pokemon/wigglytuff/front.gbcpal gfx/pokemon/wigglytuff/front.gbcpal || $(rm -f gfx/pokemon/wigglytuff/front.gbcpal && false)
/workspace/toolchains/rgbds-1.0.4/rgbgfx -p gfx/pokemon/wigglytuff/back.gbcpal gfx/pokemon/wigglytuff/back.png
tools/gbcpal  gfx/pokemon/wigglytuff/back.gbcpal gfx/pokemon/wigglytuff/back.gbcpal || $(rm -f gfx/pokemon/wigglytuff/back.gbcpal && false)
/workspace/toolchains/rgbds-1.0.4/rgbgfx -p gfx/pokemon/zubat/front.gbcpal gfx/pokemon/zubat/front.png
/workspace/toolchains/rgbds-1.0.4/rgbgfx -p gfx/pokemon/zubat/back.gbcpal gfx/pokemon/zubat/back.png
tools/gbcpal  gfx/pokemon/zubat/front.gbcpal gfx/pokemon/zubat/front.gbcpal || $(rm -f gfx/pokemon/zubat/front.gbcpal && false)
tools/gbcpal  gfx/pokemon/zubat/back.gbcpal gfx/pokemon/zubat/back.gbcpal || $(rm -f gfx/pokemon/zubat/back.gbcpal && false)
/workspace/toolchains/rgbds-1.0.4/rgbgfx -p gfx/pokemon/golbat/front.gbcpal gfx/pokemon/golbat/front.png
/workspace/toolchains/rgbds-1.0.4/rgbgfx -p gfx/pokemon/golbat/back.gbcpal gfx/pokemon/golbat/back.png
tools/gbcpal  gfx/pokemon/golbat/front.gbcpal gfx/pokemon/golbat/front.gbcpal || $(rm -f gfx/pokemon/golbat/front.gbcpal && false)
tools/gbcpal  gfx/pokemon/golbat/back.gbcpal gfx/pokemon/golbat/back.gbcpal || $(rm -f gfx/pokemon/golbat/back.gbcpal && false)
/workspace/toolchains/rgbds-1.0.4/rgbgfx -p gfx/pokemon/oddish/front.gbcpal gfx/pokemon/oddish/front.png
tools/gbcpal  gfx/pokemon/oddish/front.gbcpal gfx/pokemon/oddish/front.gbcpal || $(rm -f gfx/pokemon/oddish/front.gbcpal && false)
/workspace/toolchains/rgbds-1.0.4/rgbgfx -p gfx/pokemon/oddish/back.gbcpal gfx/pokemon/oddish/back.png
/workspace/toolchains/rgbds-1.0.4/rgbgfx -p gfx/pokemon/gloom/front.gbcpal gfx/pokemon/gloom/front.png
/workspace/toolchains/rgbds-1.0.4/rgbgfx -p gfx/pokemon/gloom/back.gbcpal gfx/pokemon/gloom/back.png
tools/gbcpal  gfx/pokemon/oddish/back.gbcpal gfx/pokemon/oddish/back.gbcpal || $(rm -f gfx/pokemon/oddish/back.gbcpal && false)
tools/gbcpal  gfx/pokemon/gloom/front.gbcpal gfx/pokemon/gloom/front.gbcpal || $(rm -f gfx/pokemon/gloom/front.gbcpal && false)
tools/gbcpal  gfx/pokemon/gloom/back.gbcpal gfx/pokemon/gloom/back.gbcpal || $(rm -f gfx/pokemon/gloom/back.gbcpal && false)
/workspace/toolchains/rgbds-1.0.4/rgbgfx -p gfx/pokemon/vileplume/front.gbcpal gfx/pokemon/vileplume/front.png
tools/gbcpal  gfx/pokemon/vileplume/front.gbcpal gfx/pokemon/vileplume/front.gbcpal || $(rm -f gfx/pokemon/vileplume/front.gbcpal && false)
/workspace/toolchains/rgbds-1.0.4/rgbgfx -p gfx/pokemon/vileplume/back.gbcpal gfx/pokemon/vileplume/back.png
/workspace/toolchains/rgbds-1.0.4/rgbgfx -p gfx/pokemon/paras/front.gbcpal gfx/pokemon/paras/front.png
/workspace/toolchains/rgbds-1.0.4/rgbgfx -p gfx/pokemon/paras/back.gbcpal gfx/pokemon/paras/back.png
tools/gbcpal  gfx/pokemon/vileplume/back.gbcpal gfx/pokemon/vileplume/back.gbcpal || $(rm -f gfx/pokemon/vileplume/back.gbcpal && false)
tools/gbcpal  gfx/pokemon/paras/front.gbcpal gfx/pokemon/paras/front.gbcpal || $(rm -f gfx/pokemon/paras/front.gbcpal && false)
tools/gbcpal  gfx/pokemon/paras/back.gbcpal gfx/pokemon/paras/back.gbcpal || $(rm -f gfx/pokemon/paras/back.gbcpal && false)
/workspace/toolchains/rgbds-1.0.4/rgbgfx -p gfx/pokemon/parasect/front.gbcpal gfx/pokemon/parasect/front.png
tools/gbcpal  gfx/pokemon/parasect/front.gbcpal gfx/pokemon/parasect/front.gbcpal || $(rm -f gfx/pokemon/parasect/front.gbcpal && false)
/workspace/toolchains/rgbds-1.0.4/rgbgfx -p gfx/pokemon/parasect/back.gbcpal gfx/pokemon/parasect/back.png
/workspace/toolchains/rgbds-1.0.4/rgbgfx -p gfx/pokemon/venonat/front.gbcpal gfx/pokemon/venonat/front.png
/workspace/toolchains/rgbds-1.0.4/rgbgfx -p gfx/pokemon/venonat/back.gbcpal gfx/pokemon/venonat/back.png
tools/gbcpal  gfx/pokemon/parasect/back.gbcpal gfx/pokemon/parasect/back.gbcpal || $(rm -f gfx/pokemon/parasect/back.gbcpal && false)
tools/gbcpal  gfx/pokemon/venonat/front.gbcpal gfx/pokemon/venonat/front.gbcpal || $(rm -f gfx/pokemon/venonat/front.gbcpal && false)
tools/gbcpal  gfx/pokemon/venonat/back.gbcpal gfx/pokemon/venonat/back.gbcpal || $(rm -f gfx/pokemon/venonat/back.gbcpal && false)
/workspace/toolchains/rgbds-1.0.4/rgbgfx -p gfx/pokemon/venomoth/front.gbcpal gfx/pokemon/venomoth/front.png
tools/gbcpal  gfx/pokemon/venomoth/front.gbcpal gfx/pokemon/venomoth/front.gbcpal || $(rm -f gfx/pokemon/venomoth/front.gbcpal && false)
/workspace/toolchains/rgbds-1.0.4/rgbgfx -p gfx/pokemon/venomoth/back.gbcpal gfx/pokemon/venomoth/back.png
/workspace/toolchains/rgbds-1.0.4/rgbgfx -p gfx/pokemon/diglett/front.gbcpal gfx/pokemon/diglett/front.png
/workspace/toolchains/rgbds-1.0.4/rgbgfx -p gfx/pokemon/diglett/back.gbcpal gfx/pokemon/diglett/back.png
tools/gbcpal  gfx/pokemon/venomoth/back.gbcpal gfx/pokemon/venomoth/back.gbcpal || $(rm -f gfx/pokemon/venomoth/back.gbcpal && false)
tools/gbcpal  gfx/pokemon/diglett/front.gbcpal gfx/pokemon/diglett/front.gbcpal || $(rm -f gfx/pokemon/diglett/front.gbcpal && false)
tools/gbcpal  gfx/pokemon/diglett/back.gbcpal gfx/pokemon/diglett/back.gbcpal || $(rm -f gfx/pokemon/diglett/back.gbcpal && false)
/workspace/toolchains/rgbds-1.0.4/rgbgfx -p gfx/pokemon/dugtrio/front.gbcpal gfx/pokemon/dugtrio/front.png
/workspace/toolchains/rgbds-1.0.4/rgbgfx -p gfx/pokemon/dugtrio/back.gbcpal gfx/pokemon/dugtrio/back.png
/workspace/toolchains/rgbds-1.0.4/rgbgfx -p gfx/pokemon/meowth/front.gbcpal gfx/pokemon/meowth/front.png
/workspace/toolchains/rgbds-1.0.4/rgbgfx -p gfx/pokemon/meowth/back.gbcpal gfx/pokemon/meowth/back.png
tools/gbcpal  gfx/pokemon/dugtrio/front.gbcpal gfx/pokemon/dugtrio/front.gbcpal || $(rm -f gfx/pokemon/dugtrio/front.gbcpal && false)
tools/gbcpal  gfx/pokemon/dugtrio/back.gbcpal gfx/pokemon/dugtrio/back.gbcpal || $(rm -f gfx/pokemon/dugtrio/back.gbcpal && false)
tools/gbcpal  gfx/pokemon/meowth/back.gbcpal gfx/pokemon/meowth/back.gbcpal || $(rm -f gfx/pokemon/meowth/back.gbcpal && false)
tools/gbcpal  gfx/pokemon/meowth/front.gbcpal gfx/pokemon/meowth/front.gbcpal || $(rm -f gfx/pokemon/meowth/front.gbcpal && false)
/workspace/toolchains/rgbds-1.0.4/rgbgfx -p gfx/pokemon/persian/front.gbcpal gfx/pokemon/persian/front.png
/workspace/toolchains/rgbds-1.0.4/rgbgfx -p gfx/pokemon/persian/back.gbcpal gfx/pokemon/persian/back.png
/workspace/toolchains/rgbds-1.0.4/rgbgfx -p gfx/pokemon/psyduck/front.gbcpal gfx/pokemon/psyduck/front.png
/workspace/toolchains/rgbds-1.0.4/rgbgfx -p gfx/pokemon/psyduck/back.gbcpal gfx/pokemon/psyduck/back.png
tools/gbcpal  gfx/pokemon/persian/back.gbcpal gfx/pokemon/persian/back.gbcpal || $(rm -f gfx/pokemon/persian/back.gbcpal && false)
tools/gbcpal  gfx/pokemon/persian/front.gbcpal gfx/pokemon/persian/front.gbcpal || $(rm -f gfx/pokemon/persian/front.gbcpal && false)
tools/gbcpal  gfx/pokemon/psyduck/back.gbcpal gfx/pokemon/psyduck/back.gbcpal || $(rm -f gfx/pokemon/psyduck/back.gbcpal && false)
tools/gbcpal  gfx/pokemon/psyduck/front.gbcpal gfx/pokemon/psyduck/front.gbcpal || $(rm -f gfx/pokemon/psyduck/front.gbcpal && false)
/workspace/toolchains/rgbds-1.0.4/rgbgfx -p gfx/pokemon/golduck/front.gbcpal gfx/pokemon/golduck/front.png
/workspace/toolchains/rgbds-1.0.4/rgbgfx -p gfx/pokemon/golduck/back.gbcpal gfx/pokemon/golduck/back.png
/workspace/toolchains/rgbds-1.0.4/rgbgfx -p gfx/pokemon/mankey/front.gbcpal gfx/pokemon/mankey/front.png
/workspace/toolchains/rgbds-1.0.4/rgbgfx -p gfx/pokemon/mankey/back.gbcpal gfx/pokemon/mankey/back.png
tools/gbcpal  gfx/pokemon/golduck/back.gbcpal gfx/pokemon/golduck/back.gbcpal || $(rm -f gfx/pokemon/golduck/back.gbcpal && false)
tools/gbcpal  gfx/pokemon/mankey/back.gbcpal gfx/pokemon/mankey/back.gbcpal || $(rm -f gfx/pokemon/mankey/back.gbcpal && false)
tools/gbcpal  gfx/pokemon/golduck/front.gbcpal gfx/pokemon/golduck/front.gbcpal || $(rm -f gfx/pokemon/golduck/front.gbcpal && false)
tools/gbcpal  gfx/pokemon/mankey/front.gbcpal gfx/pokemon/mankey/front.gbcpal || $(rm -f gfx/pokemon/mankey/front.gbcpal && false)
/workspace/toolchains/rgbds-1.0.4/rgbgfx -p gfx/pokemon/primeape/front.gbcpal gfx/pokemon/primeape/front.png
/workspace/toolchains/rgbds-1.0.4/rgbgfx -p gfx/pokemon/primeape/back.gbcpal gfx/pokemon/primeape/back.png
/workspace/toolchains/rgbds-1.0.4/rgbgfx -p gfx/pokemon/growlithe/front.gbcpal gfx/pokemon/growlithe/front.png
/workspace/toolchains/rgbds-1.0.4/rgbgfx -p gfx/pokemon/growlithe/back.gbcpal gfx/pokemon/growlithe/back.png
tools/gbcpal  gfx/pokemon/primeape/back.gbcpal gfx/pokemon/primeape/back.gbcpal || $(rm -f gfx/pokemon/primeape/back.gbcpal && false)
tools/gbcpal  gfx/pokemon/growlithe/back.gbcpal gfx/pokemon/growlithe/back.gbcpal || $(rm -f gfx/pokemon/growlithe/back.gbcpal && false)
tools/gbcpal  gfx/pokemon/primeape/front.gbcpal gfx/pokemon/primeape/front.gbcpal || $(rm -f gfx/pokemon/primeape/front.gbcpal && false)
tools/gbcpal  gfx/pokemon/growlithe/front.gbcpal gfx/pokemon/growlithe/front.gbcpal || $(rm -f gfx/pokemon/growlithe/front.gbcpal && false)
/workspace/toolchains/rgbds-1.0.4/rgbgfx -p gfx/pokemon/arcanine/front.gbcpal gfx/pokemon/arcanine/front.png
/workspace/toolchains/rgbds-1.0.4/rgbgfx -p gfx/pokemon/arcanine/back.gbcpal gfx/pokemon/arcanine/back.png
/workspace/toolchains/rgbds-1.0.4/rgbgfx -p gfx/pokemon/poliwag/front.gbcpal gfx/pokemon/poliwag/front.png
tools/gbcpal  gfx/pokemon/arcanine/back.gbcpal gfx/pokemon/arcanine/back.gbcpal || $(rm -f gfx/pokemon/arcanine/back.gbcpal && false)
tools/gbcpal  gfx/pokemon/arcanine/front.gbcpal gfx/pokemon/arcanine/front.gbcpal || $(rm -f gfx/pokemon/arcanine/front.gbcpal && false)
/workspace/toolchains/rgbds-1.0.4/rgbgfx -p gfx/pokemon/poliwag/back.gbcpal gfx/pokemon/poliwag/back.png
tools/gbcpal  gfx/pokemon/poliwag/front.gbcpal gfx/pokemon/poliwag/front.gbcpal || $(rm -f gfx/pokemon/poliwag/front.gbcpal && false)
tools/gbcpal  gfx/pokemon/poliwag/back.gbcpal gfx/pokemon/poliwag/back.gbcpal || $(rm -f gfx/pokemon/poliwag/back.gbcpal && false)
/workspace/toolchains/rgbds-1.0.4/rgbgfx -p gfx/pokemon/poliwhirl/front.gbcpal gfx/pokemon/poliwhirl/front.png
/workspace/toolchains/rgbds-1.0.4/rgbgfx -p gfx/pokemon/poliwhirl/back.gbcpal gfx/pokemon/poliwhirl/back.png
/workspace/toolchains/rgbds-1.0.4/rgbgfx -p gfx/pokemon/poliwrath/front.gbcpal gfx/pokemon/poliwrath/front.png
tools/gbcpal  gfx/pokemon/poliwhirl/front.gbcpal gfx/pokemon/poliwhirl/front.gbcpal || $(rm -f gfx/pokemon/poliwhirl/front.gbcpal && false)
tools/gbcpal  gfx/pokemon/poliwhirl/back.gbcpal gfx/pokemon/poliwhirl/back.gbcpal || $(rm -f gfx/pokemon/poliwhirl/back.gbcpal && false)
/workspace/toolchains/rgbds-1.0.4/rgbgfx -p gfx/pokemon/poliwrath/back.gbcpal gfx/pokemon/poliwrath/back.png
tools/gbcpal  gfx/pokemon/poliwrath/front.gbcpal gfx/pokemon/poliwrath/front.gbcpal || $(rm -f gfx/pokemon/poliwrath/front.gbcpal && false)
tools/gbcpal  gfx/pokemon/poliwrath/back.gbcpal gfx/pokemon/poliwrath/back.gbcpal || $(rm -f gfx/pokemon/poliwrath/back.gbcpal && false)
/workspace/toolchains/rgbds-1.0.4/rgbgfx -p gfx/pokemon/abra/front.gbcpal gfx/pokemon/abra/front.png
/workspace/toolchains/rgbds-1.0.4/rgbgfx -p gfx/pokemon/abra/back.gbcpal gfx/pokemon/abra/back.png
tools/gbcpal  gfx/pokemon/abra/front.gbcpal gfx/pokemon/abra/front.gbcpal || $(rm -f gfx/pokemon/abra/front.gbcpal && false)
/workspace/toolchains/rgbds-1.0.4/rgbgfx -p gfx/pokemon/kadabra/front.gbcpal gfx/pokemon/kadabra/front.png
tools/gbcpal  gfx/pokemon/abra/back.gbcpal gfx/pokemon/abra/back.gbcpal || $(rm -f gfx/pokemon/abra/back.gbcpal && false)
/workspace/toolchains/rgbds-1.0.4/rgbgfx -p gfx/pokemon/kadabra/back.gbcpal gfx/pokemon/kadabra/back.png
tools/gbcpal  gfx/pokemon/kadabra/front.gbcpal gfx/pokemon/kadabra/front.gbcpal || $(rm -f gfx/pokemon/kadabra/front.gbcpal && false)
tools/gbcpal  gfx/pokemon/kadabra/back.gbcpal gfx/pokemon/kadabra/back.gbcpal || $(rm -f gfx/pokemon/kadabra/back.gbcpal && false)
/workspace/toolchains/rgbds-1.0.4/rgbgfx -p gfx/pokemon/alakazam/front.gbcpal gfx/pokemon/alakazam/front.png
tools/gbcpal  gfx/pokemon/alakazam/front.gbcpal gfx/pokemon/alakazam/front.gbcpal || $(rm -f gfx/pokemon/alakazam/front.gbcpal && false)
/workspace/toolchains/rgbds-1.0.4/rgbgfx -p gfx/pokemon/alakazam/back.gbcpal gfx/pokemon/alakazam/back.png
/workspace/toolchains/rgbds-1.0.4/rgbgfx -p gfx/pokemon/machop/front.gbcpal gfx/pokemon/machop/front.png
/workspace/toolchains/rgbds-1.0.4/rgbgfx -p gfx/pokemon/machop/back.gbcpal gfx/pokemon/machop/back.png
tools/gbcpal  gfx/pokemon/alakazam/back.gbcpal gfx/pokemon/alakazam/back.gbcpal || $(rm -f gfx/pokemon/alakazam/back.gbcpal && false)
tools/gbcpal  gfx/pokemon/machop/front.gbcpal gfx/pokemon/machop/front.gbcpal || $(rm -f gfx/pokemon/machop/front.gbcpal && false)
tools/gbcpal  gfx/pokemon/machop/back.gbcpal gfx/pokemon/machop/back.gbcpal || $(rm -f gfx/pokemon/machop/back.gbcpal && false)
/workspace/toolchains/rgbds-1.0.4/rgbgfx -p gfx/pokemon/machoke/front.gbcpal gfx/pokemon/machoke/front.png
/workspace/toolchains/rgbds-1.0.4/rgbgfx -p gfx/pokemon/machoke/back.gbcpal gfx/pokemon/machoke/back.png
tools/gbcpal  gfx/pokemon/machoke/front.gbcpal gfx/pokemon/machoke/front.gbcpal || $(rm -f gfx/pokemon/machoke/front.gbcpal && false)
/workspace/toolchains/rgbds-1.0.4/rgbgfx -p gfx/pokemon/machamp/front.gbcpal gfx/pokemon/machamp/front.png
tools/gbcpal  gfx/pokemon/machoke/back.gbcpal gfx/pokemon/machoke/back.gbcpal || $(rm -f gfx/pokemon/machoke/back.gbcpal && false)
tools/gbcpal  gfx/pokemon/machamp/front.gbcpal gfx/pokemon/machamp/front.gbcpal || $(rm -f gfx/pokemon/machamp/front.gbcpal && false)
/workspace/toolchains/rgbds-1.0.4/rgbgfx -p gfx/pokemon/machamp/back.gbcpal gfx/pokemon/machamp/back.png
/workspace/toolchains/rgbds-1.0.4/rgbgfx -p gfx/pokemon/bellsprout/front.gbcpal gfx/pokemon/bellsprout/front.png
/workspace/toolchains/rgbds-1.0.4/rgbgfx -p gfx/pokemon/bellsprout/back.gbcpal gfx/pokemon/bellsprout/back.png
tools/gbcpal  gfx/pokemon/machamp/back.gbcpal gfx/pokemon/machamp/back.gbcpal || $(rm -f gfx/pokemon/machamp/back.gbcpal && false)
tools/gbcpal  gfx/pokemon/bellsprout/front.gbcpal gfx/pokemon/bellsprout/front.gbcpal || $(rm -f gfx/pokemon/bellsprout/front.gbcpal && false)
tools/gbcpal  gfx/pokemon/bellsprout/back.gbcpal gfx/pokemon/bellsprout/back.gbcpal || $(rm -f gfx/pokemon/bellsprout/back.gbcpal && false)
/workspace/toolchains/rgbds-1.0.4/rgbgfx -p gfx/pokemon/weepinbell/front.gbcpal gfx/pokemon/weepinbell/front.png
tools/gbcpal  gfx/pokemon/weepinbell/front.gbcpal gfx/pokemon/weepinbell/front.gbcpal || $(rm -f gfx/pokemon/weepinbell/front.gbcpal && false)
/workspace/toolchains/rgbds-1.0.4/rgbgfx -p gfx/pokemon/weepinbell/back.gbcpal gfx/pokemon/weepinbell/back.png
/workspace/toolchains/rgbds-1.0.4/rgbgfx -p gfx/pokemon/victreebel/front.gbcpal gfx/pokemon/victreebel/front.png
tools/gbcpal  gfx/pokemon/weepinbell/back.gbcpal gfx/pokemon/weepinbell/back.gbcpal || $(rm -f gfx/pokemon/weepinbell/back.gbcpal && false)
tools/gbcpal  gfx/pokemon/victreebel/front.gbcpal gfx/pokemon/victreebel/front.gbcpal || $(rm -f gfx/pokemon/victreebel/front.gbcpal && false)
/workspace/toolchains/rgbds-1.0.4/rgbgfx -p gfx/pokemon/victreebel/back.gbcpal gfx/pokemon/victreebel/back.png
/workspace/toolchains/rgbds-1.0.4/rgbgfx -p gfx/pokemon/tentacool/front.gbcpal gfx/pokemon/tentacool/front.png
tools/gbcpal  gfx/pokemon/victreebel/back.gbcpal gfx/pokemon/victreebel/back.gbcpal || $(rm -f gfx/pokemon/victreebel/back.gbcpal && false)
tools/gbcpal  gfx/pokemon/tentacool/front.gbcpal gfx/pokemon/tentacool/front.gbcpal || $(rm -f gfx/pokemon/tentacool/front.gbcpal && false)
/workspace/toolchains/rgbds-1.0.4/rgbgfx -p gfx/pokemon/tentacool/back.gbcpal gfx/pokemon/tentacool/back.png
/workspace/toolchains/rgbds-1.0.4/rgbgfx -p gfx/pokemon/tentacruel/front.gbcpal gfx/pokemon/tentacruel/front.png
/workspace/toolchains/rgbds-1.0.4/rgbgfx -p gfx/pokemon/tentacruel/back.gbcpal gfx/pokemon/tentacruel/back.png
tools/gbcpal  gfx/pokemon/tentacool/back.gbcpal gfx/pokemon/tentacool/back.gbcpal || $(rm -f gfx/pokemon/tentacool/back.gbcpal && false)
tools/gbcpal  gfx/pokemon/tentacruel/front.gbcpal gfx/pokemon/tentacruel/front.gbcpal || $(rm -f gfx/pokemon/tentacruel/front.gbcpal && false)
tools/gbcpal  gfx/pokemon/tentacruel/back.gbcpal gfx/pokemon/tentacruel/back.gbcpal || $(rm -f gfx/pokemon/tentacruel/back.gbcpal && false)
/workspace/toolchains/rgbds-1.0.4/rgbgfx -p gfx/pokemon/geodude/front.gbcpal gfx/pokemon/geodude/front.png
tools/gbcpal  gfx/pokemon/geodude/front.gbcpal gfx/pokemon/geodude/front.gbcpal || $(rm -f gfx/pokemon/geodude/front.gbcpal && false)
/workspace/toolchains/rgbds-1.0.4/rgbgfx -p gfx/pokemon/geodude/back.gbcpal gfx/pokemon/geodude/back.png
/workspace/toolchains/rgbds-1.0.4/rgbgfx -p gfx/pokemon/graveler/front.gbcpal gfx/pokemon/graveler/front.png
/workspace/toolchains/rgbds-1.0.4/rgbgfx -p gfx/pokemon/graveler/back.gbcpal gfx/pokemon/graveler/back.png
tools/gbcpal  gfx/pokemon/geodude/back.gbcpal gfx/pokemon/geodude/back.gbcpal || $(rm -f gfx/pokemon/geodude/back.gbcpal && false)
tools/gbcpal  gfx/pokemon/graveler/back.gbcpal gfx/pokemon/graveler/back.gbcpal || $(rm -f gfx/pokemon/graveler/back.gbcpal && false)
tools/gbcpal  gfx/pokemon/graveler/front.gbcpal gfx/pokemon/graveler/front.gbcpal || $(rm -f gfx/pokemon/graveler/front.gbcpal && false)
/workspace/toolchains/rgbds-1.0.4/rgbgfx -p gfx/pokemon/golem/front.gbcpal gfx/pokemon/golem/front.png
/workspace/toolchains/rgbds-1.0.4/rgbgfx -p gfx/pokemon/golem/back.gbcpal gfx/pokemon/golem/back.png
tools/gbcpal  gfx/pokemon/golem/front.gbcpal gfx/pokemon/golem/front.gbcpal || $(rm -f gfx/pokemon/golem/front.gbcpal && false)
/workspace/toolchains/rgbds-1.0.4/rgbgfx -p gfx/pokemon/ponyta/front.gbcpal gfx/pokemon/ponyta/front.png
/workspace/toolchains/rgbds-1.0.4/rgbgfx -p gfx/pokemon/ponyta/back.gbcpal gfx/pokemon/ponyta/back.png
tools/gbcpal  gfx/pokemon/golem/back.gbcpal gfx/pokemon/golem/back.gbcpal || $(rm -f gfx/pokemon/golem/back.gbcpal && false)
tools/gbcpal  gfx/pokemon/ponyta/front.gbcpal gfx/pokemon/ponyta/front.gbcpal || $(rm -f gfx/pokemon/ponyta/front.gbcpal && false)
tools/gbcpal  gfx/pokemon/ponyta/back.gbcpal gfx/pokemon/ponyta/back.gbcpal || $(rm -f gfx/pokemon/ponyta/back.gbcpal && false)
/workspace/toolchains/rgbds-1.0.4/rgbgfx -p gfx/pokemon/rapidash/front.gbcpal gfx/pokemon/rapidash/front.png
/workspace/toolchains/rgbds-1.0.4/rgbgfx -p gfx/pokemon/rapidash/back.gbcpal gfx/pokemon/rapidash/back.png
/workspace/toolchains/rgbds-1.0.4/rgbgfx -p gfx/pokemon/slowpoke/front.gbcpal gfx/pokemon/slowpoke/front.png
tools/gbcpal  gfx/pokemon/rapidash/front.gbcpal gfx/pokemon/rapidash/front.gbcpal || $(rm -f gfx/pokemon/rapidash/front.gbcpal && false)
/workspace/toolchains/rgbds-1.0.4/rgbgfx -p gfx/pokemon/slowpoke/back.gbcpal gfx/pokemon/slowpoke/back.png
tools/gbcpal  gfx/pokemon/rapidash/back.gbcpal gfx/pokemon/rapidash/back.gbcpal || $(rm -f gfx/pokemon/rapidash/back.gbcpal && false)
tools/gbcpal  gfx/pokemon/slowpoke/front.gbcpal gfx/pokemon/slowpoke/front.gbcpal || $(rm -f gfx/pokemon/slowpoke/front.gbcpal && false)
tools/gbcpal  gfx/pokemon/slowpoke/back.gbcpal gfx/pokemon/slowpoke/back.gbcpal || $(rm -f gfx/pokemon/slowpoke/back.gbcpal && false)
/workspace/toolchains/rgbds-1.0.4/rgbgfx -p gfx/pokemon/slowbro/front.gbcpal gfx/pokemon/slowbro/front.png
/workspace/toolchains/rgbds-1.0.4/rgbgfx -p gfx/pokemon/slowbro/back.gbcpal gfx/pokemon/slowbro/back.png
/workspace/toolchains/rgbds-1.0.4/rgbgfx -p gfx/pokemon/magnemite/front.gbcpal gfx/pokemon/magnemite/front.png
tools/gbcpal  gfx/pokemon/slowbro/front.gbcpal gfx/pokemon/slowbro/front.gbcpal || $(rm -f gfx/pokemon/slowbro/front.gbcpal && false)
tools/gbcpal  gfx/pokemon/slowbro/back.gbcpal gfx/pokemon/slowbro/back.gbcpal || $(rm -f gfx/pokemon/slowbro/back.gbcpal && false)
tools/gbcpal  gfx/pokemon/magnemite/front.gbcpal gfx/pokemon/magnemite/front.gbcpal || $(rm -f gfx/pokemon/magnemite/front.gbcpal && false)
/workspace/toolchains/rgbds-1.0.4/rgbgfx -p gfx/pokemon/magnemite/back.gbcpal gfx/pokemon/magnemite/back.png
tools/gbcpal  gfx/pokemon/magnemite/back.gbcpal gfx/pokemon/magnemite/back.gbcpal || $(rm -f gfx/pokemon/magnemite/back.gbcpal && false)
/workspace/toolchains/rgbds-1.0.4/rgbgfx -p gfx/pokemon/magneton/front.gbcpal gfx/pokemon/magneton/front.png
/workspace/toolchains/rgbds-1.0.4/rgbgfx -p gfx/pokemon/magneton/back.gbcpal gfx/pokemon/magneton/back.png
/workspace/toolchains/rgbds-1.0.4/rgbgfx -p gfx/pokemon/farfetch_d/front.gbcpal gfx/pokemon/farfetch_d/front.png
tools/gbcpal  gfx/pokemon/magneton/back.gbcpal gfx/pokemon/magneton/back.gbcpal || $(rm -f gfx/pokemon/magneton/back.gbcpal && false)
tools/gbcpal --reverse gfx/pokemon/farfetch_d/front.gbcpal gfx/pokemon/farfetch_d/front.gbcpal || $(rm -f gfx/pokemon/farfetch_d/front.gbcpal && false)
tools/gbcpal  gfx/pokemon/magneton/front.gbcpal gfx/pokemon/magneton/front.gbcpal || $(rm -f gfx/pokemon/magneton/front.gbcpal && false)
/workspace/toolchains/rgbds-1.0.4/rgbgfx -p gfx/pokemon/farfetch_d/back.gbcpal gfx/pokemon/farfetch_d/back.png
tools/gbcpal --reverse gfx/pokemon/farfetch_d/back.gbcpal gfx/pokemon/farfetch_d/back.gbcpal || $(rm -f gfx/pokemon/farfetch_d/back.gbcpal && false)
/workspace/toolchains/rgbds-1.0.4/rgbgfx -p gfx/pokemon/doduo/front.gbcpal gfx/pokemon/doduo/front.png
/workspace/toolchains/rgbds-1.0.4/rgbgfx -p gfx/pokemon/doduo/back.gbcpal gfx/pokemon/doduo/back.png
tools/gbcpal  gfx/pokemon/doduo/front.gbcpal gfx/pokemon/doduo/front.gbcpal || $(rm -f gfx/pokemon/doduo/front.gbcpal && false)
tools/gbcpal  gfx/pokemon/doduo/back.gbcpal gfx/pokemon/doduo/back.gbcpal || $(rm -f gfx/pokemon/doduo/back.gbcpal && false)
/workspace/toolchains/rgbds-1.0.4/rgbgfx -p gfx/pokemon/dodrio/front.gbcpal gfx/pokemon/dodrio/front.png
/workspace/toolchains/rgbds-1.0.4/rgbgfx -p gfx/pokemon/dodrio/back.gbcpal gfx/pokemon/dodrio/back.png
tools/gbcpal  gfx/pokemon/dodrio/front.gbcpal gfx/pokemon/dodrio/front.gbcpal || $(rm -f gfx/pokemon/dodrio/front.gbcpal && false)
tools/gbcpal  gfx/pokemon/dodrio/back.gbcpal gfx/pokemon/dodrio/back.gbcpal || $(rm -f gfx/pokemon/dodrio/back.gbcpal && false)
/workspace/toolchains/rgbds-1.0.4/rgbgfx -p gfx/pokemon/seel/front.gbcpal gfx/pokemon/seel/front.png
/workspace/toolchains/rgbds-1.0.4/rgbgfx -p gfx/pokemon/seel/back.gbcpal gfx/pokemon/seel/back.png
tools/gbcpal  gfx/pokemon/seel/back.gbcpal gfx/pokemon/seel/back.gbcpal || $(rm -f gfx/pokemon/seel/back.gbcpal && false)
tools/gbcpal  gfx/pokemon/dewgong/normal.gbcpal gfx/pokemon/dewgong/front.gbcpal gfx/pokemon/dewgong/back.gbcpal
tools/gbcpal  gfx/pokemon/seel/front.gbcpal gfx/pokemon/seel/front.gbcpal || $(rm -f gfx/pokemon/seel/front.gbcpal && false)
/workspace/toolchains/rgbds-1.0.4/rgbgfx -p gfx/pokemon/grimer/front.gbcpal gfx/pokemon/grimer/front.png
/workspace/toolchains/rgbds-1.0.4/rgbgfx -p gfx/pokemon/grimer/back.gbcpal gfx/pokemon/grimer/back.png
tools/gbcpal  gfx/pokemon/grimer/front.gbcpal gfx/pokemon/grimer/front.gbcpal || $(rm -f gfx/pokemon/grimer/front.gbcpal && false)
/workspace/toolchains/rgbds-1.0.4/rgbgfx -p gfx/pokemon/muk/front.gbcpal gfx/pokemon/muk/front.png
/workspace/toolchains/rgbds-1.0.4/rgbgfx -p gfx/pokemon/muk/back.gbcpal gfx/pokemon/muk/back.png
tools/gbcpal  gfx/pokemon/grimer/back.gbcpal gfx/pokemon/grimer/back.gbcpal || $(rm -f gfx/pokemon/grimer/back.gbcpal && false)
tools/gbcpal  gfx/pokemon/muk/front.gbcpal gfx/pokemon/muk/front.gbcpal || $(rm -f gfx/pokemon/muk/front.gbcpal && false)
tools/gbcpal  gfx/pokemon/muk/back.gbcpal gfx/pokemon/muk/back.gbcpal || $(rm -f gfx/pokemon/muk/back.gbcpal && false)
/workspace/toolchains/rgbds-1.0.4/rgbgfx -p gfx/pokemon/shellder/front.gbcpal gfx/pokemon/shellder/front.png
tools/gbcpal  gfx/pokemon/shellder/front.gbcpal gfx/pokemon/shellder/front.gbcpal || $(rm -f gfx/pokemon/shellder/front.gbcpal && false)
/workspace/toolchains/rgbds-1.0.4/rgbgfx -p gfx/pokemon/shellder/back.gbcpal gfx/pokemon/shellder/back.png
tools/gbcpal  gfx/pokemon/shellder/back.gbcpal gfx/pokemon/shellder/back.gbcpal || $(rm -f gfx/pokemon/shellder/back.gbcpal && false)
/workspace/toolchains/rgbds-1.0.4/rgbgfx -p gfx/pokemon/cloyster/front.gbcpal gfx/pokemon/cloyster/front.png
/workspace/toolchains/rgbds-1.0.4/rgbgfx -p gfx/pokemon/cloyster/back.gbcpal gfx/pokemon/cloyster/back.png
/workspace/toolchains/rgbds-1.0.4/rgbgfx -p gfx/pokemon/gastly/front.gbcpal gfx/pokemon/gastly/front.png
tools/gbcpal  gfx/pokemon/cloyster/back.gbcpal gfx/pokemon/cloyster/back.gbcpal || $(rm -f gfx/pokemon/cloyster/back.gbcpal && false)
tools/gbcpal  gfx/pokemon/cloyster/front.gbcpal gfx/pokemon/cloyster/front.gbcpal || $(rm -f gfx/pokemon/cloyster/front.gbcpal && false)
tools/gbcpal  gfx/pokemon/gastly/front.gbcpal gfx/pokemon/gastly/front.gbcpal || $(rm -f gfx/pokemon/gastly/front.gbcpal && false)
/workspace/toolchains/rgbds-1.0.4/rgbgfx -p gfx/pokemon/gastly/back.gbcpal gfx/pokemon/gastly/back.png
/workspace/toolchains/rgbds-1.0.4/rgbgfx -p gfx/pokemon/haunter/front.gbcpal gfx/pokemon/haunter/front.png
/workspace/toolchains/rgbds-1.0.4/rgbgfx -p gfx/pokemon/haunter/back.gbcpal gfx/pokemon/haunter/back.png
tools/gbcpal  gfx/pokemon/gastly/back.gbcpal gfx/pokemon/gastly/back.gbcpal || $(rm -f gfx/pokemon/gastly/back.gbcpal && false)
/workspace/toolchains/rgbds-1.0.4/rgbgfx -p gfx/pokemon/gengar/front.gbcpal gfx/pokemon/gengar/front.png
tools/gbcpal  gfx/pokemon/haunter/back.gbcpal gfx/pokemon/haunter/back.gbcpal || $(rm -f gfx/pokemon/haunter/back.gbcpal && false)
tools/gbcpal  gfx/pokemon/haunter/front.gbcpal gfx/pokemon/haunter/front.gbcpal || $(rm -f gfx/pokemon/haunter/front.gbcpal && false)
tools/gbcpal  gfx/pokemon/gengar/front.gbcpal gfx/pokemon/gengar/front.gbcpal || $(rm -f gfx/pokemon/gengar/front.gbcpal && false)
/workspace/toolchains/rgbds-1.0.4/rgbgfx -p gfx/pokemon/gengar/back.gbcpal gfx/pokemon/gengar/back.png
/workspace/toolchains/rgbds-1.0.4/rgbgfx -p gfx/pokemon/onix/front.gbcpal gfx/pokemon/onix/front.png
tools/gbcpal  gfx/pokemon/gengar/back.gbcpal gfx/pokemon/gengar/back.gbcpal || $(rm -f gfx/pokemon/gengar/back.gbcpal && false)
tools/gbcpal  gfx/pokemon/onix/front.gbcpal gfx/pokemon/onix/front.gbcpal || $(rm -f gfx/pokemon/onix/front.gbcpal && false)
/workspace/toolchains/rgbds-1.0.4/rgbgfx -p gfx/pokemon/onix/back.gbcpal gfx/pokemon/onix/back.png
/workspace/toolchains/rgbds-1.0.4/rgbgfx -p gfx/pokemon/drowzee/front.gbcpal gfx/pokemon/drowzee/front.png
tools/gbcpal  gfx/pokemon/onix/back.gbcpal gfx/pokemon/onix/back.gbcpal || $(rm -f gfx/pokemon/onix/back.gbcpal && false)
tools/gbcpal  gfx/pokemon/drowzee/front.gbcpal gfx/pokemon/drowzee/front.gbcpal || $(rm -f gfx/pokemon/drowzee/front.gbcpal && false)
/workspace/toolchains/rgbds-1.0.4/rgbgfx -p gfx/pokemon/drowzee/back.gbcpal gfx/pokemon/drowzee/back.png
/workspace/toolchains/rgbds-1.0.4/rgbgfx -p gfx/pokemon/hypno/front.gbcpal gfx/pokemon/hypno/front.png
tools/gbcpal  gfx/pokemon/drowzee/back.gbcpal gfx/pokemon/drowzee/back.gbcpal || $(rm -f gfx/pokemon/drowzee/back.gbcpal && false)
tools/gbcpal  gfx/pokemon/hypno/front.gbcpal gfx/pokemon/hypno/front.gbcpal || $(rm -f gfx/pokemon/hypno/front.gbcpal && false)
/workspace/toolchains/rgbds-1.0.4/rgbgfx -p gfx/pokemon/hypno/back.gbcpal gfx/pokemon/hypno/back.png
/workspace/toolchains/rgbds-1.0.4/rgbgfx -p gfx/pokemon/krabby/front.gbcpal gfx/pokemon/krabby/front.png
tools/gbcpal  gfx/pokemon/hypno/back.gbcpal gfx/pokemon/hypno/back.gbcpal || $(rm -f gfx/pokemon/hypno/back.gbcpal && false)
tools/gbcpal  gfx/pokemon/krabby/front.gbcpal gfx/pokemon/krabby/front.gbcpal || $(rm -f gfx/pokemon/krabby/front.gbcpal && false)
/workspace/toolchains/rgbds-1.0.4/rgbgfx -p gfx/pokemon/krabby/back.gbcpal gfx/pokemon/krabby/back.png
/workspace/toolchains/rgbds-1.0.4/rgbgfx -p gfx/pokemon/kingler/front.gbcpal gfx/pokemon/kingler/front.png
tools/gbcpal  gfx/pokemon/krabby/back.gbcpal gfx/pokemon/krabby/back.gbcpal || $(rm -f gfx/pokemon/krabby/back.gbcpal && false)
tools/gbcpal  gfx/pokemon/kingler/front.gbcpal gfx/pokemon/kingler/front.gbcpal || $(rm -f gfx/pokemon/kingler/front.gbcpal && false)
/workspace/toolchains/rgbds-1.0.4/rgbgfx -p gfx/pokemon/kingler/back.gbcpal gfx/pokemon/kingler/back.png
/workspace/toolchains/rgbds-1.0.4/rgbgfx -p gfx/pokemon/voltorb/front.gbcpal gfx/pokemon/voltorb/front.png
tools/gbcpal  gfx/pokemon/kingler/back.gbcpal gfx/pokemon/kingler/back.gbcpal || $(rm -f gfx/pokemon/kingler/back.gbcpal && false)
tools/gbcpal  gfx/pokemon/voltorb/front.gbcpal gfx/pokemon/voltorb/front.gbcpal || $(rm -f gfx/pokemon/voltorb/front.gbcpal && false)
/workspace/toolchains/rgbds-1.0.4/rgbgfx -p gfx/pokemon/voltorb/back.gbcpal gfx/pokemon/voltorb/back.png
/workspace/toolchains/rgbds-1.0.4/rgbgfx -p gfx/pokemon/electrode/front.gbcpal gfx/pokemon/electrode/front.png
tools/gbcpal  gfx/pokemon/voltorb/back.gbcpal gfx/pokemon/voltorb/back.gbcpal || $(rm -f gfx/pokemon/voltorb/back.gbcpal && false)
tools/gbcpal  gfx/pokemon/electrode/front.gbcpal gfx/pokemon/electrode/front.gbcpal || $(rm -f gfx/pokemon/electrode/front.gbcpal && false)
/workspace/toolchains/rgbds-1.0.4/rgbgfx -p gfx/pokemon/electrode/back.gbcpal gfx/pokemon/electrode/back.png
/workspace/toolchains/rgbds-1.0.4/rgbgfx -p gfx/pokemon/exeggcute/front.gbcpal gfx/pokemon/exeggcute/front.png
tools/gbcpal  gfx/pokemon/electrode/back.gbcpal gfx/pokemon/electrode/back.gbcpal || $(rm -f gfx/pokemon/electrode/back.gbcpal && false)
tools/gbcpal  gfx/pokemon/exeggcute/front.gbcpal gfx/pokemon/exeggcute/front.gbcpal || $(rm -f gfx/pokemon/exeggcute/front.gbcpal && false)
/workspace/toolchains/rgbds-1.0.4/rgbgfx -p gfx/pokemon/exeggcute/back.gbcpal gfx/pokemon/exeggcute/back.png
tools/gbcpal  gfx/pokemon/exeggcute/back.gbcpal gfx/pokemon/exeggcute/back.gbcpal || $(rm -f gfx/pokemon/exeggcute/back.gbcpal && false)
/workspace/toolchains/rgbds-1.0.4/rgbgfx -p gfx/pokemon/exeggutor/front.gbcpal gfx/pokemon/exeggutor/front.png
/workspace/toolchains/rgbds-1.0.4/rgbgfx -p gfx/pokemon/exeggutor/back.gbcpal gfx/pokemon/exeggutor/back.png
/workspace/toolchains/rgbds-1.0.4/rgbgfx -p gfx/pokemon/cubone/front.gbcpal gfx/pokemon/cubone/front.png
tools/gbcpal  gfx/pokemon/exeggutor/back.gbcpal gfx/pokemon/exeggutor/back.gbcpal || $(rm -f gfx/pokemon/exeggutor/back.gbcpal && false)
tools/gbcpal  gfx/pokemon/exeggutor/front.gbcpal gfx/pokemon/exeggutor/front.gbcpal || $(rm -f gfx/pokemon/exeggutor/front.gbcpal && false)
tools/gbcpal  gfx/pokemon/cubone/front.gbcpal gfx/pokemon/cubone/front.gbcpal || $(rm -f gfx/pokemon/cubone/front.gbcpal && false)
/workspace/toolchains/rgbds-1.0.4/rgbgfx -p gfx/pokemon/cubone/back.gbcpal gfx/pokemon/cubone/back.png
tools/gbcpal  gfx/pokemon/cubone/back.gbcpal gfx/pokemon/cubone/back.gbcpal || $(rm -f gfx/pokemon/cubone/back.gbcpal && false)
/workspace/toolchains/rgbds-1.0.4/rgbgfx -p gfx/pokemon/marowak/front.gbcpal gfx/pokemon/marowak/front.png
/workspace/toolchains/rgbds-1.0.4/rgbgfx -p gfx/pokemon/marowak/back.gbcpal gfx/pokemon/marowak/back.png
tools/gbcpal  gfx/pokemon/marowak/front.gbcpal gfx/pokemon/marowak/front.gbcpal || $(rm -f gfx/pokemon/marowak/front.gbcpal && false)
tools/gbcpal  gfx/pokemon/marowak/back.gbcpal gfx/pokemon/marowak/back.gbcpal || $(rm -f gfx/pokemon/marowak/back.gbcpal && false)
/workspace/toolchains/rgbds-1.0.4/rgbgfx -p gfx/pokemon/hitmonlee/front.gbcpal gfx/pokemon/hitmonlee/front.png
/workspace/toolchains/rgbds-1.0.4/rgbgfx -p gfx/pokemon/hitmonlee/back.gbcpal gfx/pokemon/hitmonlee/back.png
tools/gbcpal --reverse gfx/pokemon/hitmonlee/back.gbcpal gfx/pokemon/hitmonlee/back.gbcpal || $(rm -f gfx/pokemon/hitmonlee/back.gbcpal && false)
/workspace/toolchains/rgbds-1.0.4/rgbgfx -p gfx/pokemon/hitmonchan/front.gbcpal gfx/pokemon/hitmonchan/front.png
tools/gbcpal --reverse gfx/pokemon/hitmonlee/front.gbcpal gfx/pokemon/hitmonlee/front.gbcpal || $(rm -f gfx/pokemon/hitmonlee/front.gbcpal && false)
/workspace/toolchains/rgbds-1.0.4/rgbgfx -p gfx/pokemon/hitmonchan/back.gbcpal gfx/pokemon/hitmonchan/back.png
tools/gbcpal  gfx/pokemon/hitmonchan/front.gbcpal gfx/pokemon/hitmonchan/front.gbcpal || $(rm -f gfx/pokemon/hitmonchan/front.gbcpal && false)
tools/gbcpal  gfx/pokemon/hitmonchan/back.gbcpal gfx/pokemon/hitmonchan/back.gbcpal || $(rm -f gfx/pokemon/hitmonchan/back.gbcpal && false)
/workspace/toolchains/rgbds-1.0.4/rgbgfx -p gfx/pokemon/lickitung/front.gbcpal gfx/pokemon/lickitung/front.png
/workspace/toolchains/rgbds-1.0.4/rgbgfx -p gfx/pokemon/lickitung/back.gbcpal gfx/pokemon/lickitung/back.png
/workspace/toolchains/rgbds-1.0.4/rgbgfx -p gfx/pokemon/koffing/front.gbcpal gfx/pokemon/koffing/front.png
tools/gbcpal  gfx/pokemon/lickitung/back.gbcpal gfx/pokemon/lickitung/back.gbcpal || $(rm -f gfx/pokemon/lickitung/back.gbcpal && false)
/workspace/toolchains/rgbds-1.0.4/rgbgfx -p gfx/pokemon/koffing/back.gbcpal gfx/pokemon/koffing/back.png
tools/gbcpal  gfx/pokemon/lickitung/front.gbcpal gfx/pokemon/lickitung/front.gbcpal || $(rm -f gfx/pokemon/lickitung/front.gbcpal && false)
tools/gbcpal  gfx/pokemon/koffing/front.gbcpal gfx/pokemon/koffing/front.gbcpal || $(rm -f gfx/pokemon/koffing/front.gbcpal && false)
tools/gbcpal  gfx/pokemon/koffing/back.gbcpal gfx/pokemon/koffing/back.gbcpal || $(rm -f gfx/pokemon/koffing/back.gbcpal && false)
/workspace/toolchains/rgbds-1.0.4/rgbgfx -p gfx/pokemon/weezing/front.gbcpal gfx/pokemon/weezing/front.png
/workspace/toolchains/rgbds-1.0.4/rgbgfx -p gfx/pokemon/weezing/back.gbcpal gfx/pokemon/weezing/back.png
tools/gbcpal  gfx/pokemon/weezing/front.gbcpal gfx/pokemon/weezing/front.gbcpal || $(rm -f gfx/pokemon/weezing/front.gbcpal && false)
tools/gbcpal  gfx/pokemon/weezing/back.gbcpal gfx/pokemon/weezing/back.gbcpal || $(rm -f gfx/pokemon/weezing/back.gbcpal && false)
/workspace/toolchains/rgbds-1.0.4/rgbgfx -p gfx/pokemon/rhyhorn/front.gbcpal gfx/pokemon/rhyhorn/front.png
/workspace/toolchains/rgbds-1.0.4/rgbgfx -p gfx/pokemon/rhyhorn/back.gbcpal gfx/pokemon/rhyhorn/back.png
tools/gbcpal  gfx/pokemon/rhyhorn/front.gbcpal gfx/pokemon/rhyhorn/front.gbcpal || $(rm -f gfx/pokemon/rhyhorn/front.gbcpal && false)
tools/gbcpal  gfx/pokemon/rhyhorn/back.gbcpal gfx/pokemon/rhyhorn/back.gbcpal || $(rm -f gfx/pokemon/rhyhorn/back.gbcpal && false)
/workspace/toolchains/rgbds-1.0.4/rgbgfx -p gfx/pokemon/rhydon/front.gbcpal gfx/pokemon/rhydon/front.png
/workspace/toolchains/rgbds-1.0.4/rgbgfx -p gfx/pokemon/rhydon/back.gbcpal gfx/pokemon/rhydon/back.png
tools/gbcpal  gfx/pokemon/rhydon/back.gbcpal gfx/pokemon/rhydon/back.gbcpal || $(rm -f gfx/pokemon/rhydon/back.gbcpal && false)
tools/gbcpal  gfx/pokemon/rhydon/front.gbcpal gfx/pokemon/rhydon/front.gbcpal || $(rm -f gfx/pokemon/rhydon/front.gbcpal && false)
/workspace/toolchains/rgbds-1.0.4/rgbgfx -p gfx/pokemon/chansey/front.gbcpal gfx/pokemon/chansey/front.png
/workspace/toolchains/rgbds-1.0.4/rgbgfx -p gfx/pokemon/chansey/back.gbcpal gfx/pokemon/chansey/back.png
tools/gbcpal  gfx/pokemon/chansey/front.gbcpal gfx/pokemon/chansey/front.gbcpal || $(rm -f gfx/pokemon/chansey/front.gbcpal && false)
tools/gbcpal  gfx/pokemon/chansey/back.gbcpal gfx/pokemon/chansey/back.gbcpal || $(rm -f gfx/pokemon/chansey/back.gbcpal && false)
/workspace/toolchains/rgbds-1.0.4/rgbgfx -p gfx/pokemon/tangela/front.gbcpal gfx/pokemon/tangela/front.png
/workspace/toolchains/rgbds-1.0.4/rgbgfx -p gfx/pokemon/tangela/back.gbcpal gfx/pokemon/tangela/back.png
tools/gbcpal  gfx/pokemon/tangela/front.gbcpal gfx/pokemon/tangela/front.gbcpal || $(rm -f gfx/pokemon/tangela/front.gbcpal && false)
tools/gbcpal  gfx/pokemon/tangela/back.gbcpal gfx/pokemon/tangela/back.gbcpal || $(rm -f gfx/pokemon/tangela/back.gbcpal && false)
/workspace/toolchains/rgbds-1.0.4/rgbgfx -p gfx/pokemon/kangaskhan/front.gbcpal gfx/pokemon/kangaskhan/front.png
/workspace/toolchains/rgbds-1.0.4/rgbgfx -p gfx/pokemon/kangaskhan/back.gbcpal gfx/pokemon/kangaskhan/back.png
tools/gbcpal  gfx/pokemon/kangaskhan/front.gbcpal gfx/pokemon/kangaskhan/front.gbcpal || $(rm -f gfx/pokemon/kangaskhan/front.gbcpal && false)
tools/gbcpal  gfx/pokemon/kangaskhan/back.gbcpal gfx/pokemon/kangaskhan/back.gbcpal || $(rm -f gfx/pokemon/kangaskhan/back.gbcpal && false)
/workspace/toolchains/rgbds-1.0.4/rgbgfx -p gfx/pokemon/horsea/front.gbcpal gfx/pokemon/horsea/front.png
/workspace/toolchains/rgbds-1.0.4/rgbgfx -p gfx/pokemon/horsea/back.gbcpal gfx/pokemon/horsea/back.png
tools/gbcpal  gfx/pokemon/horsea/back.gbcpal gfx/pokemon/horsea/back.gbcpal || $(rm -f gfx/pokemon/horsea/back.gbcpal && false)
tools/gbcpal  gfx/pokemon/horsea/front.gbcpal gfx/pokemon/horsea/front.gbcpal || $(rm -f gfx/pokemon/horsea/front.gbcpal && false)
/workspace/toolchains/rgbds-1.0.4/rgbgfx -p gfx/pokemon/seadra/front.gbcpal gfx/pokemon/seadra/front.png
tools/gbcpal  gfx/pokemon/seadra/front.gbcpal gfx/pokemon/seadra/front.gbcpal || $(rm -f gfx/pokemon/seadra/front.gbcpal && false)
/workspace/toolchains/rgbds-1.0.4/rgbgfx -p gfx/pokemon/seadra/back.gbcpal gfx/pokemon/seadra/back.png
/workspace/toolchains/rgbds-1.0.4/rgbgfx -p gfx/pokemon/goldeen/front.gbcpal gfx/pokemon/goldeen/front.png
/workspace/toolchains/rgbds-1.0.4/rgbgfx -p gfx/pokemon/goldeen/back.gbcpal gfx/pokemon/goldeen/back.png
tools/gbcpal  gfx/pokemon/seadra/back.gbcpal gfx/pokemon/seadra/back.gbcpal || $(rm -f gfx/pokemon/seadra/back.gbcpal && false)
tools/gbcpal  gfx/pokemon/goldeen/front.gbcpal gfx/pokemon/goldeen/front.gbcpal || $(rm -f gfx/pokemon/goldeen/front.gbcpal && false)
tools/gbcpal  gfx/pokemon/goldeen/back.gbcpal gfx/pokemon/goldeen/back.gbcpal || $(rm -f gfx/pokemon/goldeen/back.gbcpal && false)
/workspace/toolchains/rgbds-1.0.4/rgbgfx -p gfx/pokemon/seaking/front.gbcpal gfx/pokemon/seaking/front.png
tools/gbcpal  gfx/pokemon/seaking/front.gbcpal gfx/pokemon/seaking/front.gbcpal || $(rm -f gfx/pokemon/seaking/front.gbcpal && false)
/workspace/toolchains/rgbds-1.0.4/rgbgfx -p gfx/pokemon/seaking/back.gbcpal gfx/pokemon/seaking/back.png
/workspace/toolchains/rgbds-1.0.4/rgbgfx -p gfx/pokemon/staryu/front.gbcpal gfx/pokemon/staryu/front.png
/workspace/toolchains/rgbds-1.0.4/rgbgfx -p gfx/pokemon/staryu/back.gbcpal gfx/pokemon/staryu/back.png
tools/gbcpal  gfx/pokemon/seaking/back.gbcpal gfx/pokemon/seaking/back.gbcpal || $(rm -f gfx/pokemon/seaking/back.gbcpal && false)
tools/gbcpal  gfx/pokemon/staryu/front.gbcpal gfx/pokemon/staryu/front.gbcpal || $(rm -f gfx/pokemon/staryu/front.gbcpal && false)
tools/gbcpal  gfx/pokemon/staryu/back.gbcpal gfx/pokemon/staryu/back.gbcpal || $(rm -f gfx/pokemon/staryu/back.gbcpal && false)
/workspace/toolchains/rgbds-1.0.4/rgbgfx -p gfx/pokemon/starmie/front.gbcpal gfx/pokemon/starmie/front.png
/workspace/toolchains/rgbds-1.0.4/rgbgfx -p gfx/pokemon/starmie/back.gbcpal gfx/pokemon/starmie/back.png
/workspace/toolchains/rgbds-1.0.4/rgbgfx -p gfx/pokemon/mr__mime/front.gbcpal gfx/pokemon/mr__mime/front.png
/workspace/toolchains/rgbds-1.0.4/rgbgfx -p gfx/pokemon/mr__mime/back.gbcpal gfx/pokemon/mr__mime/back.png
tools/gbcpal  gfx/pokemon/starmie/front.gbcpal gfx/pokemon/starmie/front.gbcpal || $(rm -f gfx/pokemon/starmie/front.gbcpal && false)
tools/gbcpal  gfx/pokemon/starmie/back.gbcpal gfx/pokemon/starmie/back.gbcpal || $(rm -f gfx/pokemon/starmie/back.gbcpal && false)
tools/gbcpal  gfx/pokemon/mr__mime/back.gbcpal gfx/pokemon/mr__mime/back.gbcpal || $(rm -f gfx/pokemon/mr__mime/back.gbcpal && false)
tools/gbcpal  gfx/pokemon/mr__mime/front.gbcpal gfx/pokemon/mr__mime/front.gbcpal || $(rm -f gfx/pokemon/mr__mime/front.gbcpal && false)
/workspace/toolchains/rgbds-1.0.4/rgbgfx -p gfx/pokemon/scyther/front.gbcpal gfx/pokemon/scyther/front.png
/workspace/toolchains/rgbds-1.0.4/rgbgfx -p gfx/pokemon/scyther/back.gbcpal gfx/pokemon/scyther/back.png
/workspace/toolchains/rgbds-1.0.4/rgbgfx -p gfx/pokemon/jynx/front.gbcpal gfx/pokemon/jynx/front.png
tools/gbcpal --reverse gfx/pokemon/scyther/back.gbcpal gfx/pokemon/scyther/back.gbcpal || $(rm -f gfx/pokemon/scyther/back.gbcpal && false)
tools/gbcpal --reverse gfx/pokemon/scyther/front.gbcpal gfx/pokemon/scyther/front.gbcpal || $(rm -f gfx/pokemon/scyther/front.gbcpal && false)
tools/gbcpal --reverse gfx/pokemon/jynx/front.gbcpal gfx/pokemon/jynx/front.gbcpal || $(rm -f gfx/pokemon/jynx/front.gbcpal && false)
/workspace/toolchains/rgbds-1.0.4/rgbgfx -p gfx/pokemon/jynx/back.gbcpal gfx/pokemon/jynx/back.png
tools/gbcpal --reverse gfx/pokemon/jynx/back.gbcpal gfx/pokemon/jynx/back.gbcpal || $(rm -f gfx/pokemon/jynx/back.gbcpal && false)
/workspace/toolchains/rgbds-1.0.4/rgbgfx -p gfx/pokemon/electabuzz/front.gbcpal gfx/pokemon/electabuzz/front.png
/workspace/toolchains/rgbds-1.0.4/rgbgfx -p gfx/pokemon/electabuzz/back.gbcpal gfx/pokemon/electabuzz/back.png
/workspace/toolchains/rgbds-1.0.4/rgbgfx -p gfx/pokemon/magmar/front.gbcpal gfx/pokemon/magmar/front.png
/workspace/toolchains/rgbds-1.0.4/rgbgfx -p gfx/pokemon/magmar/back.gbcpal gfx/pokemon/magmar/back.png
tools/gbcpal  gfx/pokemon/electabuzz/back.gbcpal gfx/pokemon/electabuzz/back.gbcpal || $(rm -f gfx/pokemon/electabuzz/back.gbcpal && false)
tools/gbcpal  gfx/pokemon/electabuzz/front.gbcpal gfx/pokemon/electabuzz/front.gbcpal || $(rm -f gfx/pokemon/electabuzz/front.gbcpal && false)
tools/gbcpal  gfx/pokemon/magmar/front.gbcpal gfx/pokemon/magmar/front.gbcpal || $(rm -f gfx/pokemon/magmar/front.gbcpal && false)
tools/gbcpal  gfx/pokemon/magmar/back.gbcpal gfx/pokemon/magmar/back.gbcpal || $(rm -f gfx/pokemon/magmar/back.gbcpal && false)
/workspace/toolchains/rgbds-1.0.4/rgbgfx -p gfx/pokemon/pinsir/front.gbcpal gfx/pokemon/pinsir/front.png
/workspace/toolchains/rgbds-1.0.4/rgbgfx -p gfx/pokemon/pinsir/back.gbcpal gfx/pokemon/pinsir/back.png
/workspace/toolchains/rgbds-1.0.4/rgbgfx -p gfx/pokemon/tauros/front.gbcpal gfx/pokemon/tauros/front.png
tools/gbcpal  gfx/pokemon/pinsir/front.gbcpal gfx/pokemon/pinsir/front.gbcpal || $(rm -f gfx/pokemon/pinsir/front.gbcpal && false)
tools/gbcpal  gfx/pokemon/pinsir/back.gbcpal gfx/pokemon/pinsir/back.gbcpal || $(rm -f gfx/pokemon/pinsir/back.gbcpal && false)
tools/gbcpal  gfx/pokemon/tauros/front.gbcpal gfx/pokemon/tauros/front.gbcpal || $(rm -f gfx/pokemon/tauros/front.gbcpal && false)
/workspace/toolchains/rgbds-1.0.4/rgbgfx -p gfx/pokemon/tauros/back.gbcpal gfx/pokemon/tauros/back.png
tools/gbcpal  gfx/pokemon/tauros/back.gbcpal gfx/pokemon/tauros/back.gbcpal || $(rm -f gfx/pokemon/tauros/back.gbcpal && false)
/workspace/toolchains/rgbds-1.0.4/rgbgfx -p gfx/pokemon/magikarp/front.gbcpal gfx/pokemon/magikarp/front.png
/workspace/toolchains/rgbds-1.0.4/rgbgfx -p gfx/pokemon/magikarp/back.gbcpal gfx/pokemon/magikarp/back.png
/workspace/toolchains/rgbds-1.0.4/rgbgfx -p gfx/pokemon/gyarados/front.gbcpal gfx/pokemon/gyarados/front.png
tools/gbcpal  gfx/pokemon/magikarp/back.gbcpal gfx/pokemon/magikarp/back.gbcpal || $(rm -f gfx/pokemon/magikarp/back.gbcpal && false)
tools/gbcpal  gfx/pokemon/magikarp/front.gbcpal gfx/pokemon/magikarp/front.gbcpal || $(rm -f gfx/pokemon/magikarp/front.gbcpal && false)
/workspace/toolchains/rgbds-1.0.4/rgbgfx -p gfx/pokemon/gyarados/back.gbcpal gfx/pokemon/gyarados/back.png
tools/gbcpal  gfx/pokemon/gyarados/front.gbcpal gfx/pokemon/gyarados/front.gbcpal || $(rm -f gfx/pokemon/gyarados/front.gbcpal && false)
tools/gbcpal  gfx/pokemon/gyarados/back.gbcpal gfx/pokemon/gyarados/back.gbcpal || $(rm -f gfx/pokemon/gyarados/back.gbcpal && false)
/workspace/toolchains/rgbds-1.0.4/rgbgfx -p gfx/pokemon/lapras/front.gbcpal gfx/pokemon/lapras/front.png
/workspace/toolchains/rgbds-1.0.4/rgbgfx -p gfx/pokemon/lapras/back.gbcpal gfx/pokemon/lapras/back.png
/workspace/toolchains/rgbds-1.0.4/rgbgfx -p gfx/pokemon/ditto/front.gbcpal gfx/pokemon/ditto/front.png
tools/gbcpal  gfx/pokemon/lapras/front.gbcpal gfx/pokemon/lapras/front.gbcpal || $(rm -f gfx/pokemon/lapras/front.gbcpal && false)
tools/gbcpal  gfx/pokemon/lapras/back.gbcpal gfx/pokemon/lapras/back.gbcpal || $(rm -f gfx/pokemon/lapras/back.gbcpal && false)
tools/gbcpal  gfx/pokemon/ditto/front.gbcpal gfx/pokemon/ditto/front.gbcpal || $(rm -f gfx/pokemon/ditto/front.gbcpal && false)
/workspace/toolchains/rgbds-1.0.4/rgbgfx -p gfx/pokemon/ditto/back.gbcpal gfx/pokemon/ditto/back.png
tools/gbcpal  gfx/pokemon/ditto/back.gbcpal gfx/pokemon/ditto/back.gbcpal || $(rm -f gfx/pokemon/ditto/back.gbcpal && false)
/workspace/toolchains/rgbds-1.0.4/rgbgfx -p gfx/pokemon/eevee/front.gbcpal gfx/pokemon/eevee/front.png
/workspace/toolchains/rgbds-1.0.4/rgbgfx -p gfx/pokemon/eevee/back.gbcpal gfx/pokemon/eevee/back.png
tools/gbcpal  gfx/pokemon/eevee/back.gbcpal gfx/pokemon/eevee/back.gbcpal || $(rm -f gfx/pokemon/eevee/back.gbcpal && false)
tools/gbcpal  gfx/pokemon/eevee/front.gbcpal gfx/pokemon/eevee/front.gbcpal || $(rm -f gfx/pokemon/eevee/front.gbcpal && false)
/workspace/toolchains/rgbds-1.0.4/rgbgfx -p gfx/pokemon/vaporeon/front.gbcpal gfx/pokemon/vaporeon/front.png
/workspace/toolchains/rgbds-1.0.4/rgbgfx -p gfx/pokemon/vaporeon/back.gbcpal gfx/pokemon/vaporeon/back.png
tools/gbcpal  gfx/pokemon/vaporeon/front.gbcpal gfx/pokemon/vaporeon/front.gbcpal || $(rm -f gfx/pokemon/vaporeon/front.gbcpal && false)
tools/gbcpal  gfx/pokemon/vaporeon/back.gbcpal gfx/pokemon/vaporeon/back.gbcpal || $(rm -f gfx/pokemon/vaporeon/back.gbcpal && false)
/workspace/toolchains/rgbds-1.0.4/rgbgfx -p gfx/pokemon/jolteon/front.gbcpal gfx/pokemon/jolteon/front.png
tools/gbcpal  gfx/pokemon/jolteon/front.gbcpal gfx/pokemon/jolteon/front.gbcpal || $(rm -f gfx/pokemon/jolteon/front.gbcpal && false)
/workspace/toolchains/rgbds-1.0.4/rgbgfx -p gfx/pokemon/jolteon/back.gbcpal gfx/pokemon/jolteon/back.png
/workspace/toolchains/rgbds-1.0.4/rgbgfx -p gfx/pokemon/flareon/front.gbcpal gfx/pokemon/flareon/front.png
/workspace/toolchains/rgbds-1.0.4/rgbgfx -p gfx/pokemon/flareon/back.gbcpal gfx/pokemon/flareon/back.png
tools/gbcpal  gfx/pokemon/jolteon/back.gbcpal gfx/pokemon/jolteon/back.gbcpal || $(rm -f gfx/pokemon/jolteon/back.gbcpal && false)
tools/gbcpal  gfx/pokemon/flareon/back.gbcpal gfx/pokemon/flareon/back.gbcpal || $(rm -f gfx/pokemon/flareon/back.gbcpal && false)
tools/gbcpal  gfx/pokemon/flareon/front.gbcpal gfx/pokemon/flareon/front.gbcpal || $(rm -f gfx/pokemon/flareon/front.gbcpal && false)
/workspace/toolchains/rgbds-1.0.4/rgbgfx -p gfx/pokemon/porygon/front.gbcpal gfx/pokemon/porygon/front.png
/workspace/toolchains/rgbds-1.0.4/rgbgfx -p gfx/pokemon/porygon/back.gbcpal gfx/pokemon/porygon/back.png
/workspace/toolchains/rgbds-1.0.4/rgbgfx -p gfx/pokemon/omanyte/front.gbcpal gfx/pokemon/omanyte/front.png
/workspace/toolchains/rgbds-1.0.4/rgbgfx -p gfx/pokemon/omanyte/back.gbcpal gfx/pokemon/omanyte/back.png
tools/gbcpal --reverse gfx/pokemon/porygon/front.gbcpal gfx/pokemon/porygon/front.gbcpal || $(rm -f gfx/pokemon/porygon/front.gbcpal && false)
tools/gbcpal --reverse gfx/pokemon/porygon/back.gbcpal gfx/pokemon/porygon/back.gbcpal || $(rm -f gfx/pokemon/porygon/back.gbcpal && false)
tools/gbcpal  gfx/pokemon/omanyte/back.gbcpal gfx/pokemon/omanyte/back.gbcpal || $(rm -f gfx/pokemon/omanyte/back.gbcpal && false)
tools/gbcpal  gfx/pokemon/omanyte/front.gbcpal gfx/pokemon/omanyte/front.gbcpal || $(rm -f gfx/pokemon/omanyte/front.gbcpal && false)
/workspace/toolchains/rgbds-1.0.4/rgbgfx -p gfx/pokemon/omastar/front.gbcpal gfx/pokemon/omastar/front.png
/workspace/toolchains/rgbds-1.0.4/rgbgfx -p gfx/pokemon/omastar/back.gbcpal gfx/pokemon/omastar/back.png
/workspace/toolchains/rgbds-1.0.4/rgbgfx -p gfx/pokemon/kabuto/front.gbcpal gfx/pokemon/kabuto/front.png
/workspace/toolchains/rgbds-1.0.4/rgbgfx -p gfx/pokemon/kabuto/back.gbcpal gfx/pokemon/kabuto/back.png
tools/gbcpal  gfx/pokemon/omastar/back.gbcpal gfx/pokemon/omastar/back.gbcpal || $(rm -f gfx/pokemon/omastar/back.gbcpal && false)
tools/gbcpal  gfx/pokemon/omastar/front.gbcpal gfx/pokemon/omastar/front.gbcpal || $(rm -f gfx/pokemon/omastar/front.gbcpal && false)
tools/gbcpal  gfx/pokemon/kabuto/back.gbcpal gfx/pokemon/kabuto/back.gbcpal || $(rm -f gfx/pokemon/kabuto/back.gbcpal && false)
tools/gbcpal  gfx/pokemon/kabuto/front.gbcpal gfx/pokemon/kabuto/front.gbcpal || $(rm -f gfx/pokemon/kabuto/front.gbcpal && false)
/workspace/toolchains/rgbds-1.0.4/rgbgfx -p gfx/pokemon/kabutops/front.gbcpal gfx/pokemon/kabutops/front.png
/workspace/toolchains/rgbds-1.0.4/rgbgfx -p gfx/pokemon/kabutops/back.gbcpal gfx/pokemon/kabutops/back.png
/workspace/toolchains/rgbds-1.0.4/rgbgfx -p gfx/pokemon/aerodactyl/front.gbcpal gfx/pokemon/aerodactyl/front.png
tools/gbcpal  gfx/pokemon/kabutops/back.gbcpal gfx/pokemon/kabutops/back.gbcpal || $(rm -f gfx/pokemon/kabutops/back.gbcpal && false)
/workspace/toolchains/rgbds-1.0.4/rgbgfx -p gfx/pokemon/aerodactyl/back.gbcpal gfx/pokemon/aerodactyl/back.png
tools/gbcpal  gfx/pokemon/kabutops/front.gbcpal gfx/pokemon/kabutops/front.gbcpal || $(rm -f gfx/pokemon/kabutops/front.gbcpal && false)
tools/gbcpal  gfx/pokemon/aerodactyl/front.gbcpal gfx/pokemon/aerodactyl/front.gbcpal || $(rm -f gfx/pokemon/aerodactyl/front.gbcpal && false)
tools/gbcpal  gfx/pokemon/aerodactyl/back.gbcpal gfx/pokemon/aerodactyl/back.gbcpal || $(rm -f gfx/pokemon/aerodactyl/back.gbcpal && false)
/workspace/toolchains/rgbds-1.0.4/rgbgfx -p gfx/pokemon/snorlax/front.gbcpal gfx/pokemon/snorlax/front.png
/workspace/toolchains/rgbds-1.0.4/rgbgfx -p gfx/pokemon/snorlax/back.gbcpal gfx/pokemon/snorlax/back.png
/workspace/toolchains/rgbds-1.0.4/rgbgfx -p gfx/pokemon/articuno/front.gbcpal gfx/pokemon/articuno/front.png
tools/gbcpal  gfx/pokemon/snorlax/back.gbcpal gfx/pokemon/snorlax/back.gbcpal || $(rm -f gfx/pokemon/snorlax/back.gbcpal && false)
tools/gbcpal  gfx/pokemon/snorlax/front.gbcpal gfx/pokemon/snorlax/front.gbcpal || $(rm -f gfx/pokemon/snorlax/front.gbcpal && false)
tools/gbcpal  gfx/pokemon/articuno/front.gbcpal gfx/pokemon/articuno/front.gbcpal || $(rm -f gfx/pokemon/articuno/front.gbcpal && false)
/workspace/toolchains/rgbds-1.0.4/rgbgfx -p gfx/pokemon/articuno/back.gbcpal gfx/pokemon/articuno/back.png
tools/gbcpal  gfx/pokemon/articuno/back.gbcpal gfx/pokemon/articuno/back.gbcpal || $(rm -f gfx/pokemon/articuno/back.gbcpal && false)
/workspace/toolchains/rgbds-1.0.4/rgbgfx -p gfx/pokemon/zapdos/front.gbcpal gfx/pokemon/zapdos/front.png
/workspace/toolchains/rgbds-1.0.4/rgbgfx -p gfx/pokemon/zapdos/back.gbcpal gfx/pokemon/zapdos/back.png
/workspace/toolchains/rgbds-1.0.4/rgbgfx -p gfx/pokemon/moltres/front.gbcpal gfx/pokemon/moltres/front.png
tools/gbcpal  gfx/pokemon/zapdos/front.gbcpal gfx/pokemon/zapdos/front.gbcpal || $(rm -f gfx/pokemon/zapdos/front.gbcpal && false)
tools/gbcpal  gfx/pokemon/zapdos/back.gbcpal gfx/pokemon/zapdos/back.gbcpal || $(rm -f gfx/pokemon/zapdos/back.gbcpal && false)
tools/gbcpal  gfx/pokemon/moltres/front.gbcpal gfx/pokemon/moltres/front.gbcpal || $(rm -f gfx/pokemon/moltres/front.gbcpal && false)
/workspace/toolchains/rgbds-1.0.4/rgbgfx -p gfx/pokemon/moltres/back.gbcpal gfx/pokemon/moltres/back.png
/workspace/toolchains/rgbds-1.0.4/rgbgfx -p gfx/pokemon/dratini/front.gbcpal gfx/pokemon/dratini/front.png
/workspace/toolchains/rgbds-1.0.4/rgbgfx -p gfx/pokemon/dratini/back.gbcpal gfx/pokemon/dratini/back.png
tools/gbcpal  gfx/pokemon/moltres/back.gbcpal gfx/pokemon/moltres/back.gbcpal || $(rm -f gfx/pokemon/moltres/back.gbcpal && false)
tools/gbcpal  gfx/pokemon/dratini/front.gbcpal gfx/pokemon/dratini/front.gbcpal || $(rm -f gfx/pokemon/dratini/front.gbcpal && false)
tools/gbcpal  gfx/pokemon/dratini/back.gbcpal gfx/pokemon/dratini/back.gbcpal || $(rm -f gfx/pokemon/dratini/back.gbcpal && false)
/workspace/toolchains/rgbds-1.0.4/rgbgfx -p gfx/pokemon/dragonair/front.gbcpal gfx/pokemon/dragonair/front.png
tools/gbcpal  gfx/pokemon/dragonair/front.gbcpal gfx/pokemon/dragonair/front.gbcpal || $(rm -f gfx/pokemon/dragonair/front.gbcpal && false)
/workspace/toolchains/rgbds-1.0.4/rgbgfx -p gfx/pokemon/dragonair/back.gbcpal gfx/pokemon/dragonair/back.png
/workspace/toolchains/rgbds-1.0.4/rgbgfx -p gfx/pokemon/dragonite/front.gbcpal gfx/pokemon/dragonite/front.png
tools/gbcpal  gfx/pokemon/dragonair/back.gbcpal gfx/pokemon/dragonair/back.gbcpal || $(rm -f gfx/pokemon/dragonair/back.gbcpal && false)
tools/gbcpal  gfx/pokemon/dragonite/front.gbcpal gfx/pokemon/dragonite/front.gbcpal || $(rm -f gfx/pokemon/dragonite/front.gbcpal && false)
/workspace/toolchains/rgbds-1.0.4/rgbgfx -p gfx/pokemon/dragonite/back.gbcpal gfx/pokemon/dragonite/back.png
/workspace/toolchains/rgbds-1.0.4/rgbgfx -p gfx/pokemon/mewtwo/front.gbcpal gfx/pokemon/mewtwo/front.png
tools/gbcpal  gfx/pokemon/dragonite/back.gbcpal gfx/pokemon/dragonite/back.gbcpal || $(rm -f gfx/pokemon/dragonite/back.gbcpal && false)
tools/gbcpal  gfx/pokemon/mewtwo/front.gbcpal gfx/pokemon/mewtwo/front.gbcpal || $(rm -f gfx/pokemon/mewtwo/front.gbcpal && false)
/workspace/toolchains/rgbds-1.0.4/rgbgfx -p gfx/pokemon/mewtwo/back.gbcpal gfx/pokemon/mewtwo/back.png
/workspace/toolchains/rgbds-1.0.4/rgbgfx -p gfx/pokemon/mew/front.gbcpal gfx/pokemon/mew/front.png
tools/gbcpal  gfx/pokemon/mewtwo/back.gbcpal gfx/pokemon/mewtwo/back.gbcpal || $(rm -f gfx/pokemon/mewtwo/back.gbcpal && false)
tools/gbcpal  gfx/pokemon/mew/front.gbcpal gfx/pokemon/mew/front.gbcpal || $(rm -f gfx/pokemon/mew/front.gbcpal && false)
/workspace/toolchains/rgbds-1.0.4/rgbgfx -p gfx/pokemon/mew/back.gbcpal gfx/pokemon/mew/back.png
tools/gbcpal  gfx/pokemon/mew/back.gbcpal gfx/pokemon/mew/back.gbcpal || $(rm -f gfx/pokemon/mew/back.gbcpal && false)
/workspace/toolchains/rgbds-1.0.4/rgbgfx -p gfx/pokemon/chikorita/front.gbcpal gfx/pokemon/chikorita/front.png
/workspace/toolchains/rgbds-1.0.4/rgbgfx -p gfx/pokemon/chikorita/back.gbcpal gfx/pokemon/chikorita/back.png
/workspace/toolchains/rgbds-1.0.4/rgbgfx -p gfx/pokemon/bayleef/front.gbcpal gfx/pokemon/bayleef/front.png
tools/gbcpal  gfx/pokemon/chikorita/front.gbcpal gfx/pokemon/chikorita/front.gbcpal || $(rm -f gfx/pokemon/chikorita/front.gbcpal && false)
tools/gbcpal  gfx/pokemon/chikorita/back.gbcpal gfx/pokemon/chikorita/back.gbcpal || $(rm -f gfx/pokemon/chikorita/back.gbcpal && false)
tools/gbcpal  gfx/pokemon/bayleef/front.gbcpal gfx/pokemon/bayleef/front.gbcpal || $(rm -f gfx/pokemon/bayleef/front.gbcpal && false)
/workspace/toolchains/rgbds-1.0.4/rgbgfx -p gfx/pokemon/bayleef/back.gbcpal gfx/pokemon/bayleef/back.png
tools/gbcpal  gfx/pokemon/bayleef/back.gbcpal gfx/pokemon/bayleef/back.gbcpal || $(rm -f gfx/pokemon/bayleef/back.gbcpal && false)
/workspace/toolchains/rgbds-1.0.4/rgbgfx -p gfx/pokemon/meganium/front.gbcpal gfx/pokemon/meganium/front.png
/workspace/toolchains/rgbds-1.0.4/rgbgfx -p gfx/pokemon/meganium/back.gbcpal gfx/pokemon/meganium/back.png
/workspace/toolchains/rgbds-1.0.4/rgbgfx -p gfx/pokemon/cyndaquil/front.gbcpal gfx/pokemon/cyndaquil/front.png
tools/gbcpal  gfx/pokemon/meganium/front.gbcpal gfx/pokemon/meganium/front.gbcpal || $(rm -f gfx/pokemon/meganium/front.gbcpal && false)
tools/gbcpal  gfx/pokemon/meganium/back.gbcpal gfx/pokemon/meganium/back.gbcpal || $(rm -f gfx/pokemon/meganium/back.gbcpal && false)
/workspace/toolchains/rgbds-1.0.4/rgbgfx -p gfx/pokemon/cyndaquil/back.gbcpal gfx/pokemon/cyndaquil/back.png
tools/gbcpal  gfx/pokemon/cyndaquil/front.gbcpal gfx/pokemon/cyndaquil/front.gbcpal || $(rm -f gfx/pokemon/cyndaquil/front.gbcpal && false)
tools/gbcpal  gfx/pokemon/cyndaquil/back.gbcpal gfx/pokemon/cyndaquil/back.gbcpal || $(rm -f gfx/pokemon/cyndaquil/back.gbcpal && false)
/workspace/toolchains/rgbds-1.0.4/rgbgfx -p gfx/pokemon/quilava/front.gbcpal gfx/pokemon/quilava/front.png
/workspace/toolchains/rgbds-1.0.4/rgbgfx -p gfx/pokemon/quilava/back.gbcpal gfx/pokemon/quilava/back.png
tools/gbcpal  gfx/pokemon/quilava/front.gbcpal gfx/pokemon/quilava/front.gbcpal || $(rm -f gfx/pokemon/quilava/front.gbcpal && false)
tools/gbcpal  gfx/pokemon/quilava/back.gbcpal gfx/pokemon/quilava/back.gbcpal || $(rm -f gfx/pokemon/quilava/back.gbcpal && false)
/workspace/toolchains/rgbds-1.0.4/rgbgfx -p gfx/pokemon/typhlosion/front.gbcpal gfx/pokemon/typhlosion/front.png
/workspace/toolchains/rgbds-1.0.4/rgbgfx -p gfx/pokemon/typhlosion/back.gbcpal gfx/pokemon/typhlosion/back.png
tools/gbcpal  gfx/pokemon/typhlosion/front.gbcpal gfx/pokemon/typhlosion/front.gbcpal || $(rm -f gfx/pokemon/typhlosion/front.gbcpal && false)
/workspace/toolchains/rgbds-1.0.4/rgbgfx -p gfx/pokemon/totodile/front.gbcpal gfx/pokemon/totodile/front.png
/workspace/toolchains/rgbds-1.0.4/rgbgfx -p gfx/pokemon/totodile/back.gbcpal gfx/pokemon/totodile/back.png
tools/gbcpal  gfx/pokemon/typhlosion/back.gbcpal gfx/pokemon/typhlosion/back.gbcpal || $(rm -f gfx/pokemon/typhlosion/back.gbcpal && false)
tools/gbcpal  gfx/pokemon/totodile/front.gbcpal gfx/pokemon/totodile/front.gbcpal || $(rm -f gfx/pokemon/totodile/front.gbcpal && false)
tools/gbcpal  gfx/pokemon/totodile/back.gbcpal gfx/pokemon/totodile/back.gbcpal || $(rm -f gfx/pokemon/totodile/back.gbcpal && false)
/workspace/toolchains/rgbds-1.0.4/rgbgfx -p gfx/pokemon/croconaw/front.gbcpal gfx/pokemon/croconaw/front.png
/workspace/toolchains/rgbds-1.0.4/rgbgfx -p gfx/pokemon/croconaw/back.gbcpal gfx/pokemon/croconaw/back.png
tools/gbcpal  gfx/pokemon/croconaw/front.gbcpal gfx/pokemon/croconaw/front.gbcpal || $(rm -f gfx/pokemon/croconaw/front.gbcpal && false)
/workspace/toolchains/rgbds-1.0.4/rgbgfx -p gfx/pokemon/feraligatr/front.gbcpal gfx/pokemon/feraligatr/front.png
tools/gbcpal  gfx/pokemon/croconaw/back.gbcpal gfx/pokemon/croconaw/back.gbcpal || $(rm -f gfx/pokemon/croconaw/back.gbcpal && false)
tools/gbcpal  gfx/pokemon/feraligatr/front.gbcpal gfx/pokemon/feraligatr/front.gbcpal || $(rm -f gfx/pokemon/feraligatr/front.gbcpal && false)
/workspace/toolchains/rgbds-1.0.4/rgbgfx -p gfx/pokemon/feraligatr/back.gbcpal gfx/pokemon/feraligatr/back.png
/workspace/toolchains/rgbds-1.0.4/rgbgfx -p gfx/pokemon/sentret/front.gbcpal gfx/pokemon/sentret/front.png
tools/gbcpal  gfx/pokemon/feraligatr/back.gbcpal gfx/pokemon/feraligatr/back.gbcpal || $(rm -f gfx/pokemon/feraligatr/back.gbcpal && false)
tools/gbcpal  gfx/pokemon/sentret/front.gbcpal gfx/pokemon/sentret/front.gbcpal || $(rm -f gfx/pokemon/sentret/front.gbcpal && false)
/workspace/toolchains/rgbds-1.0.4/rgbgfx -p gfx/pokemon/sentret/back.gbcpal gfx/pokemon/sentret/back.png
/workspace/toolchains/rgbds-1.0.4/rgbgfx -p gfx/pokemon/furret/front.gbcpal gfx/pokemon/furret/front.png
tools/gbcpal  gfx/pokemon/sentret/back.gbcpal gfx/pokemon/sentret/back.gbcpal || $(rm -f gfx/pokemon/sentret/back.gbcpal && false)
/workspace/toolchains/rgbds-1.0.4/rgbgfx -p gfx/pokemon/furret/back.gbcpal gfx/pokemon/furret/back.png
tools/gbcpal  gfx/pokemon/furret/front.gbcpal gfx/pokemon/furret/front.gbcpal || $(rm -f gfx/pokemon/furret/front.gbcpal && false)
/workspace/toolchains/rgbds-1.0.4/rgbgfx -p gfx/pokemon/hoothoot/front.gbcpal gfx/pokemon/hoothoot/front.png
tools/gbcpal  gfx/pokemon/furret/back.gbcpal gfx/pokemon/furret/back.gbcpal || $(rm -f gfx/pokemon/furret/back.gbcpal && false)
/workspace/toolchains/rgbds-1.0.4/rgbgfx -p gfx/pokemon/hoothoot/back.gbcpal gfx/pokemon/hoothoot/back.png
tools/gbcpal  gfx/pokemon/hoothoot/front.gbcpal gfx/pokemon/hoothoot/front.gbcpal || $(rm -f gfx/pokemon/hoothoot/front.gbcpal && false)
tools/gbcpal  gfx/pokemon/hoothoot/back.gbcpal gfx/pokemon/hoothoot/back.gbcpal || $(rm -f gfx/pokemon/hoothoot/back.gbcpal && false)
/workspace/toolchains/rgbds-1.0.4/rgbgfx -p gfx/pokemon/noctowl/front.gbcpal gfx/pokemon/noctowl/front.png
/workspace/toolchains/rgbds-1.0.4/rgbgfx -p gfx/pokemon/noctowl/back.gbcpal gfx/pokemon/noctowl/back.png
/workspace/toolchains/rgbds-1.0.4/rgbgfx -p gfx/pokemon/ledyba/front.gbcpal gfx/pokemon/ledyba/front.png
tools/gbcpal  gfx/pokemon/noctowl/back.gbcpal gfx/pokemon/noctowl/back.gbcpal || $(rm -f gfx/pokemon/noctowl/back.gbcpal && false)
/workspace/toolchains/rgbds-1.0.4/rgbgfx -p gfx/pokemon/ledyba/back.gbcpal gfx/pokemon/ledyba/back.png
tools/gbcpal  gfx/pokemon/noctowl/front.gbcpal gfx/pokemon/noctowl/front.gbcpal || $(rm -f gfx/pokemon/noctowl/front.gbcpal && false)
tools/gbcpal  gfx/pokemon/ledyba/front.gbcpal gfx/pokemon/ledyba/front.gbcpal || $(rm -f gfx/pokemon/ledyba/front.gbcpal && false)
tools/gbcpal  gfx/pokemon/ledyba/back.gbcpal gfx/pokemon/ledyba/back.gbcpal || $(rm -f gfx/pokemon/ledyba/back.gbcpal && false)
/workspace/toolchains/rgbds-1.0.4/rgbgfx -p gfx/pokemon/ledian/front.gbcpal gfx/pokemon/ledian/front.png
/workspace/toolchains/rgbds-1.0.4/rgbgfx -p gfx/pokemon/ledian/back.gbcpal gfx/pokemon/ledian/back.png
/workspace/toolchains/rgbds-1.0.4/rgbgfx -p gfx/pokemon/spinarak/front.gbcpal gfx/pokemon/spinarak/front.png
/workspace/toolchains/rgbds-1.0.4/rgbgfx -p gfx/pokemon/spinarak/back.gbcpal gfx/pokemon/spinarak/back.png
tools/gbcpal  gfx/pokemon/ledian/front.gbcpal gfx/pokemon/ledian/front.gbcpal || $(rm -f gfx/pokemon/ledian/front.gbcpal && false)
tools/gbcpal  gfx/pokemon/ledian/back.gbcpal gfx/pokemon/ledian/back.gbcpal || $(rm -f gfx/pokemon/ledian/back.gbcpal && false)
tools/gbcpal  gfx/pokemon/spinarak/back.gbcpal gfx/pokemon/spinarak/back.gbcpal || $(rm -f gfx/pokemon/spinarak/back.gbcpal && false)
tools/gbcpal  gfx/pokemon/spinarak/front.gbcpal gfx/pokemon/spinarak/front.gbcpal || $(rm -f gfx/pokemon/spinarak/front.gbcpal && false)
/workspace/toolchains/rgbds-1.0.4/rgbgfx -p gfx/pokemon/ariados/front.gbcpal gfx/pokemon/ariados/front.png
/workspace/toolchains/rgbds-1.0.4/rgbgfx -p gfx/pokemon/ariados/back.gbcpal gfx/pokemon/ariados/back.png
/workspace/toolchains/rgbds-1.0.4/rgbgfx -p gfx/pokemon/crobat/front.gbcpal gfx/pokemon/crobat/front.png
/workspace/toolchains/rgbds-1.0.4/rgbgfx -p gfx/pokemon/crobat/back.gbcpal gfx/pokemon/crobat/back.png
tools/gbcpal  gfx/pokemon/ariados/front.gbcpal gfx/pokemon/ariados/front.gbcpal || $(rm -f gfx/pokemon/ariados/front.gbcpal && false)
tools/gbcpal  gfx/pokemon/ariados/back.gbcpal gfx/pokemon/ariados/back.gbcpal || $(rm -f gfx/pokemon/ariados/back.gbcpal && false)
tools/gbcpal  gfx/pokemon/crobat/back.gbcpal gfx/pokemon/crobat/back.gbcpal || $(rm -f gfx/pokemon/crobat/back.gbcpal && false)
tools/gbcpal  gfx/pokemon/crobat/front.gbcpal gfx/pokemon/crobat/front.gbcpal || $(rm -f gfx/pokemon/crobat/front.gbcpal && false)
/workspace/toolchains/rgbds-1.0.4/rgbgfx -p gfx/pokemon/chinchou/front.gbcpal gfx/pokemon/chinchou/front.png
/workspace/toolchains/rgbds-1.0.4/rgbgfx -p gfx/pokemon/chinchou/back.gbcpal gfx/pokemon/chinchou/back.png
/workspace/toolchains/rgbds-1.0.4/rgbgfx -p gfx/pokemon/lanturn/front.gbcpal gfx/pokemon/lanturn/front.png
/workspace/toolchains/rgbds-1.0.4/rgbgfx -p gfx/pokemon/lanturn/back.gbcpal gfx/pokemon/lanturn/back.png
tools/gbcpal  gfx/pokemon/chinchou/back.gbcpal gfx/pokemon/chinchou/back.gbcpal || $(rm -f gfx/pokemon/chinchou/back.gbcpal && false)
tools/gbcpal  gfx/pokemon/chinchou/front.gbcpal gfx/pokemon/chinchou/front.gbcpal || $(rm -f gfx/pokemon/chinchou/front.gbcpal && false)
tools/gbcpal  gfx/pokemon/lanturn/back.gbcpal gfx/pokemon/lanturn/back.gbcpal || $(rm -f gfx/pokemon/lanturn/back.gbcpal && false)
tools/gbcpal  gfx/pokemon/lanturn/front.gbcpal gfx/pokemon/lanturn/front.gbcpal || $(rm -f gfx/pokemon/lanturn/front.gbcpal && false)
/workspace/toolchains/rgbds-1.0.4/rgbgfx -p gfx/pokemon/pichu/front.gbcpal gfx/pokemon/pichu/front.png
/workspace/toolchains/rgbds-1.0.4/rgbgfx -p gfx/pokemon/pichu/back.gbcpal gfx/pokemon/pichu/back.png
/workspace/toolchains/rgbds-1.0.4/rgbgfx -p gfx/pokemon/cleffa/front.gbcpal gfx/pokemon/cleffa/front.png
tools/gbcpal  gfx/pokemon/pichu/front.gbcpal gfx/pokemon/pichu/front.gbcpal || $(rm -f gfx/pokemon/pichu/front.gbcpal && false)
tools/gbcpal  gfx/pokemon/pichu/back.gbcpal gfx/pokemon/pichu/back.gbcpal || $(rm -f gfx/pokemon/pichu/back.gbcpal && false)
tools/gbcpal  gfx/pokemon/cleffa/front.gbcpal gfx/pokemon/cleffa/front.gbcpal || $(rm -f gfx/pokemon/cleffa/front.gbcpal && false)
/workspace/toolchains/rgbds-1.0.4/rgbgfx -p gfx/pokemon/cleffa/back.gbcpal gfx/pokemon/cleffa/back.png
tools/gbcpal  gfx/pokemon/cleffa/back.gbcpal gfx/pokemon/cleffa/back.gbcpal || $(rm -f gfx/pokemon/cleffa/back.gbcpal && false)
/workspace/toolchains/rgbds-1.0.4/rgbgfx -p gfx/pokemon/igglybuff/front.gbcpal gfx/pokemon/igglybuff/front.png
/workspace/toolchains/rgbds-1.0.4/rgbgfx -p gfx/pokemon/igglybuff/back.gbcpal gfx/pokemon/igglybuff/back.png
/workspace/toolchains/rgbds-1.0.4/rgbgfx -p gfx/pokemon/togepi/front.gbcpal gfx/pokemon/togepi/front.png
/workspace/toolchains/rgbds-1.0.4/rgbgfx -p gfx/pokemon/togepi/back.gbcpal gfx/pokemon/togepi/back.png
tools/gbcpal  gfx/pokemon/igglybuff/front.gbcpal gfx/pokemon/igglybuff/front.gbcpal || $(rm -f gfx/pokemon/igglybuff/front.gbcpal && false)
tools/gbcpal  gfx/pokemon/igglybuff/back.gbcpal gfx/pokemon/igglybuff/back.gbcpal || $(rm -f gfx/pokemon/igglybuff/back.gbcpal && false)
tools/gbcpal  gfx/pokemon/togepi/front.gbcpal gfx/pokemon/togepi/front.gbcpal || $(rm -f gfx/pokemon/togepi/front.gbcpal && false)
tools/gbcpal  gfx/pokemon/togepi/back.gbcpal gfx/pokemon/togepi/back.gbcpal || $(rm -f gfx/pokemon/togepi/back.gbcpal && false)
/workspace/toolchains/rgbds-1.0.4/rgbgfx -p gfx/pokemon/togetic/front.gbcpal gfx/pokemon/togetic/front.png
/workspace/toolchains/rgbds-1.0.4/rgbgfx -p gfx/pokemon/togetic/back.gbcpal gfx/pokemon/togetic/back.png
/workspace/toolchains/rgbds-1.0.4/rgbgfx -p gfx/pokemon/natu/front.gbcpal gfx/pokemon/natu/front.png
/workspace/toolchains/rgbds-1.0.4/rgbgfx -p gfx/pokemon/natu/back.gbcpal gfx/pokemon/natu/back.png
tools/gbcpal  gfx/pokemon/togetic/front.gbcpal gfx/pokemon/togetic/front.gbcpal || $(rm -f gfx/pokemon/togetic/front.gbcpal && false)
tools/gbcpal  gfx/pokemon/togetic/back.gbcpal gfx/pokemon/togetic/back.gbcpal || $(rm -f gfx/pokemon/togetic/back.gbcpal && false)
tools/gbcpal  gfx/pokemon/natu/front.gbcpal gfx/pokemon/natu/front.gbcpal || $(rm -f gfx/pokemon/natu/front.gbcpal && false)
tools/gbcpal  gfx/pokemon/natu/back.gbcpal gfx/pokemon/natu/back.gbcpal || $(rm -f gfx/pokemon/natu/back.gbcpal && false)
/workspace/toolchains/rgbds-1.0.4/rgbgfx -p gfx/pokemon/xatu/front.gbcpal gfx/pokemon/xatu/front.png
/workspace/toolchains/rgbds-1.0.4/rgbgfx -p gfx/pokemon/xatu/back.gbcpal gfx/pokemon/xatu/back.png
/workspace/toolchains/rgbds-1.0.4/rgbgfx -p gfx/pokemon/mareep/front.gbcpal gfx/pokemon/mareep/front.png
/workspace/toolchains/rgbds-1.0.4/rgbgfx -p gfx/pokemon/mareep/back.gbcpal gfx/pokemon/mareep/back.png
tools/gbcpal  gfx/pokemon/xatu/front.gbcpal gfx/pokemon/xatu/front.gbcpal || $(rm -f gfx/pokemon/xatu/front.gbcpal && false)
tools/gbcpal  gfx/pokemon/xatu/back.gbcpal gfx/pokemon/xatu/back.gbcpal || $(rm -f gfx/pokemon/xatu/back.gbcpal && false)
tools/gbcpal  gfx/pokemon/mareep/front.gbcpal gfx/pokemon/mareep/front.gbcpal || $(rm -f gfx/pokemon/mareep/front.gbcpal && false)
tools/gbcpal  gfx/pokemon/mareep/back.gbcpal gfx/pokemon/mareep/back.gbcpal || $(rm -f gfx/pokemon/mareep/back.gbcpal && false)
/workspace/toolchains/rgbds-1.0.4/rgbgfx -p gfx/pokemon/flaaffy/front.gbcpal gfx/pokemon/flaaffy/front.png
/workspace/toolchains/rgbds-1.0.4/rgbgfx -p gfx/pokemon/flaaffy/back.gbcpal gfx/pokemon/flaaffy/back.png
/workspace/toolchains/rgbds-1.0.4/rgbgfx -p gfx/pokemon/ampharos/front.gbcpal gfx/pokemon/ampharos/front.png
/workspace/toolchains/rgbds-1.0.4/rgbgfx -p gfx/pokemon/ampharos/back.gbcpal gfx/pokemon/ampharos/back.png
tools/gbcpal  gfx/pokemon/flaaffy/back.gbcpal gfx/pokemon/flaaffy/back.gbcpal || $(rm -f gfx/pokemon/flaaffy/back.gbcpal && false)
tools/gbcpal  gfx/pokemon/flaaffy/front.gbcpal gfx/pokemon/flaaffy/front.gbcpal || $(rm -f gfx/pokemon/flaaffy/front.gbcpal && false)
tools/gbcpal  gfx/pokemon/ampharos/back.gbcpal gfx/pokemon/ampharos/back.gbcpal || $(rm -f gfx/pokemon/ampharos/back.gbcpal && false)
tools/gbcpal  gfx/pokemon/ampharos/front.gbcpal gfx/pokemon/ampharos/front.gbcpal || $(rm -f gfx/pokemon/ampharos/front.gbcpal && false)
/workspace/toolchains/rgbds-1.0.4/rgbgfx -p gfx/pokemon/bellossom/front.gbcpal gfx/pokemon/bellossom/front.png
/workspace/toolchains/rgbds-1.0.4/rgbgfx -p gfx/pokemon/bellossom/back.gbcpal gfx/pokemon/bellossom/back.png
/workspace/toolchains/rgbds-1.0.4/rgbgfx -p gfx/pokemon/marill/front.gbcpal gfx/pokemon/marill/front.png
/workspace/toolchains/rgbds-1.0.4/rgbgfx -p gfx/pokemon/marill/back.gbcpal gfx/pokemon/marill/back.png
tools/gbcpal  gfx/pokemon/bellossom/front.gbcpal gfx/pokemon/bellossom/front.gbcpal || $(rm -f gfx/pokemon/bellossom/front.gbcpal && false)
tools/gbcpal  gfx/pokemon/bellossom/back.gbcpal gfx/pokemon/bellossom/back.gbcpal || $(rm -f gfx/pokemon/bellossom/back.gbcpal && false)
tools/gbcpal  gfx/pokemon/marill/back.gbcpal gfx/pokemon/marill/back.gbcpal || $(rm -f gfx/pokemon/marill/back.gbcpal && false)
tools/gbcpal  gfx/pokemon/marill/front.gbcpal gfx/pokemon/marill/front.gbcpal || $(rm -f gfx/pokemon/marill/front.gbcpal && false)
/workspace/toolchains/rgbds-1.0.4/rgbgfx -p gfx/pokemon/azumarill/front.gbcpal gfx/pokemon/azumarill/front.png
/workspace/toolchains/rgbds-1.0.4/rgbgfx -p gfx/pokemon/azumarill/back.gbcpal gfx/pokemon/azumarill/back.png
/workspace/toolchains/rgbds-1.0.4/rgbgfx -p gfx/pokemon/sudowoodo/front.gbcpal gfx/pokemon/sudowoodo/front.png
/workspace/toolchains/rgbds-1.0.4/rgbgfx -p gfx/pokemon/sudowoodo/back.gbcpal gfx/pokemon/sudowoodo/back.png
tools/gbcpal  gfx/pokemon/azumarill/back.gbcpal gfx/pokemon/azumarill/back.gbcpal || $(rm -f gfx/pokemon/azumarill/back.gbcpal && false)
tools/gbcpal  gfx/pokemon/azumarill/front.gbcpal gfx/pokemon/azumarill/front.gbcpal || $(rm -f gfx/pokemon/azumarill/front.gbcpal && false)
tools/gbcpal  gfx/pokemon/sudowoodo/back.gbcpal gfx/pokemon/sudowoodo/back.gbcpal || $(rm -f gfx/pokemon/sudowoodo/back.gbcpal && false)
tools/gbcpal  gfx/pokemon/sudowoodo/front.gbcpal gfx/pokemon/sudowoodo/front.gbcpal || $(rm -f gfx/pokemon/sudowoodo/front.gbcpal && false)
/workspace/toolchains/rgbds-1.0.4/rgbgfx -p gfx/pokemon/politoed/front.gbcpal gfx/pokemon/politoed/front.png
/workspace/toolchains/rgbds-1.0.4/rgbgfx -p gfx/pokemon/politoed/back.gbcpal gfx/pokemon/politoed/back.png
/workspace/toolchains/rgbds-1.0.4/rgbgfx -p gfx/pokemon/hoppip/front.gbcpal gfx/pokemon/hoppip/front.png
/workspace/toolchains/rgbds-1.0.4/rgbgfx -p gfx/pokemon/hoppip/back.gbcpal gfx/pokemon/hoppip/back.png
tools/gbcpal  gfx/pokemon/politoed/front.gbcpal gfx/pokemon/politoed/front.gbcpal || $(rm -f gfx/pokemon/politoed/front.gbcpal && false)
tools/gbcpal  gfx/pokemon/politoed/back.gbcpal gfx/pokemon/politoed/back.gbcpal || $(rm -f gfx/pokemon/politoed/back.gbcpal && false)
tools/gbcpal  gfx/pokemon/hoppip/front.gbcpal gfx/pokemon/hoppip/front.gbcpal || $(rm -f gfx/pokemon/hoppip/front.gbcpal && false)
tools/gbcpal  gfx/pokemon/hoppip/back.gbcpal gfx/pokemon/hoppip/back.gbcpal || $(rm -f gfx/pokemon/hoppip/back.gbcpal && false)
/workspace/toolchains/rgbds-1.0.4/rgbgfx -p gfx/pokemon/skiploom/front.gbcpal gfx/pokemon/skiploom/front.png
/workspace/toolchains/rgbds-1.0.4/rgbgfx -p gfx/pokemon/skiploom/back.gbcpal gfx/pokemon/skiploom/back.png
/workspace/toolchains/rgbds-1.0.4/rgbgfx -p gfx/pokemon/jumpluff/front.gbcpal gfx/pokemon/jumpluff/front.png
/workspace/toolchains/rgbds-1.0.4/rgbgfx -p gfx/pokemon/jumpluff/back.gbcpal gfx/pokemon/jumpluff/back.png
tools/gbcpal  gfx/pokemon/skiploom/back.gbcpal gfx/pokemon/skiploom/back.gbcpal || $(rm -f gfx/pokemon/skiploom/back.gbcpal && false)
tools/gbcpal  gfx/pokemon/skiploom/front.gbcpal gfx/pokemon/skiploom/front.gbcpal || $(rm -f gfx/pokemon/skiploom/front.gbcpal && false)
tools/gbcpal  gfx/pokemon/jumpluff/back.gbcpal gfx/pokemon/jumpluff/back.gbcpal || $(rm -f gfx/pokemon/jumpluff/back.gbcpal && false)
tools/gbcpal  gfx/pokemon/jumpluff/front.gbcpal gfx/pokemon/jumpluff/front.gbcpal || $(rm -f gfx/pokemon/jumpluff/front.gbcpal && false)
/workspace/toolchains/rgbds-1.0.4/rgbgfx -p gfx/pokemon/aipom/front.gbcpal gfx/pokemon/aipom/front.png
/workspace/toolchains/rgbds-1.0.4/rgbgfx -p gfx/pokemon/aipom/back.gbcpal gfx/pokemon/aipom/back.png
/workspace/toolchains/rgbds-1.0.4/rgbgfx -p gfx/pokemon/sunkern/front.gbcpal gfx/pokemon/sunkern/front.png
/workspace/toolchains/rgbds-1.0.4/rgbgfx -p gfx/pokemon/sunkern/back.gbcpal gfx/pokemon/sunkern/back.png
tools/gbcpal  gfx/pokemon/aipom/front.gbcpal gfx/pokemon/aipom/front.gbcpal || $(rm -f gfx/pokemon/aipom/front.gbcpal && false)
tools/gbcpal  gfx/pokemon/aipom/back.gbcpal gfx/pokemon/aipom/back.gbcpal || $(rm -f gfx/pokemon/aipom/back.gbcpal && false)
tools/gbcpal  gfx/pokemon/sunkern/front.gbcpal gfx/pokemon/sunkern/front.gbcpal || $(rm -f gfx/pokemon/sunkern/front.gbcpal && false)
tools/gbcpal  gfx/pokemon/sunkern/back.gbcpal gfx/pokemon/sunkern/back.gbcpal || $(rm -f gfx/pokemon/sunkern/back.gbcpal && false)
/workspace/toolchains/rgbds-1.0.4/rgbgfx -p gfx/pokemon/sunflora/front.gbcpal gfx/pokemon/sunflora/front.png
/workspace/toolchains/rgbds-1.0.4/rgbgfx -p gfx/pokemon/sunflora/back.gbcpal gfx/pokemon/sunflora/back.png
/workspace/toolchains/rgbds-1.0.4/rgbgfx -p gfx/pokemon/yanma/front.gbcpal gfx/pokemon/yanma/front.png
/workspace/toolchains/rgbds-1.0.4/rgbgfx -p gfx/pokemon/yanma/back.gbcpal gfx/pokemon/yanma/back.png
tools/gbcpal  gfx/pokemon/sunflora/front.gbcpal gfx/pokemon/sunflora/front.gbcpal || $(rm -f gfx/pokemon/sunflora/front.gbcpal && false)
tools/gbcpal  gfx/pokemon/sunflora/back.gbcpal gfx/pokemon/sunflora/back.gbcpal || $(rm -f gfx/pokemon/sunflora/back.gbcpal && false)
tools/gbcpal  gfx/pokemon/yanma/front.gbcpal gfx/pokemon/yanma/front.gbcpal || $(rm -f gfx/pokemon/yanma/front.gbcpal && false)
tools/gbcpal  gfx/pokemon/yanma/back.gbcpal gfx/pokemon/yanma/back.gbcpal || $(rm -f gfx/pokemon/yanma/back.gbcpal && false)
/workspace/toolchains/rgbds-1.0.4/rgbgfx -p gfx/pokemon/wooper/front.gbcpal gfx/pokemon/wooper/front.png
/workspace/toolchains/rgbds-1.0.4/rgbgfx -p gfx/pokemon/wooper/back.gbcpal gfx/pokemon/wooper/back.png
/workspace/toolchains/rgbds-1.0.4/rgbgfx -p gfx/pokemon/quagsire/front.gbcpal gfx/pokemon/quagsire/front.png
/workspace/toolchains/rgbds-1.0.4/rgbgfx -p gfx/pokemon/quagsire/back.gbcpal gfx/pokemon/quagsire/back.png
tools/gbcpal  gfx/pokemon/wooper/back.gbcpal gfx/pokemon/wooper/back.gbcpal || $(rm -f gfx/pokemon/wooper/back.gbcpal && false)
tools/gbcpal  gfx/pokemon/wooper/front.gbcpal gfx/pokemon/wooper/front.gbcpal || $(rm -f gfx/pokemon/wooper/front.gbcpal && false)
tools/gbcpal  gfx/pokemon/quagsire/back.gbcpal gfx/pokemon/quagsire/back.gbcpal || $(rm -f gfx/pokemon/quagsire/back.gbcpal && false)
tools/gbcpal  gfx/pokemon/quagsire/front.gbcpal gfx/pokemon/quagsire/front.gbcpal || $(rm -f gfx/pokemon/quagsire/front.gbcpal && false)
/workspace/toolchains/rgbds-1.0.4/rgbgfx -p gfx/pokemon/espeon/front.gbcpal gfx/pokemon/espeon/front.png
/workspace/toolchains/rgbds-1.0.4/rgbgfx -p gfx/pokemon/espeon/back.gbcpal gfx/pokemon/espeon/back.png
/workspace/toolchains/rgbds-1.0.4/rgbgfx -p gfx/pokemon/umbreon/front.gbcpal gfx/pokemon/umbreon/front.png
/workspace/toolchains/rgbds-1.0.4/rgbgfx -p gfx/pokemon/umbreon/back.gbcpal gfx/pokemon/umbreon/back.png
tools/gbcpal  gfx/pokemon/espeon/back.gbcpal gfx/pokemon/espeon/back.gbcpal || $(rm -f gfx/pokemon/espeon/back.gbcpal && false)
tools/gbcpal  gfx/pokemon/espeon/front.gbcpal gfx/pokemon/espeon/front.gbcpal || $(rm -f gfx/pokemon/espeon/front.gbcpal && false)
tools/gbcpal  gfx/pokemon/umbreon/front.gbcpal gfx/pokemon/umbreon/front.gbcpal || $(rm -f gfx/pokemon/umbreon/front.gbcpal && false)
tools/gbcpal  gfx/pokemon/umbreon/back.gbcpal gfx/pokemon/umbreon/back.gbcpal || $(rm -f gfx/pokemon/umbreon/back.gbcpal && false)
/workspace/toolchains/rgbds-1.0.4/rgbgfx -p gfx/pokemon/murkrow/front.gbcpal gfx/pokemon/murkrow/front.png
/workspace/toolchains/rgbds-1.0.4/rgbgfx -p gfx/pokemon/murkrow/back.gbcpal gfx/pokemon/murkrow/back.png
/workspace/toolchains/rgbds-1.0.4/rgbgfx -p gfx/pokemon/slowking/front.gbcpal gfx/pokemon/slowking/front.png
/workspace/toolchains/rgbds-1.0.4/rgbgfx -p gfx/pokemon/slowking/back.gbcpal gfx/pokemon/slowking/back.png
tools/gbcpal  gfx/pokemon/murkrow/front.gbcpal gfx/pokemon/murkrow/front.gbcpal || $(rm -f gfx/pokemon/murkrow/front.gbcpal && false)
tools/gbcpal  gfx/pokemon/murkrow/back.gbcpal gfx/pokemon/murkrow/back.gbcpal || $(rm -f gfx/pokemon/murkrow/back.gbcpal && false)
tools/gbcpal  gfx/pokemon/slowking/back.gbcpal gfx/pokemon/slowking/back.gbcpal || $(rm -f gfx/pokemon/slowking/back.gbcpal && false)
tools/gbcpal  gfx/pokemon/slowking/front.gbcpal gfx/pokemon/slowking/front.gbcpal || $(rm -f gfx/pokemon/slowking/front.gbcpal && false)
/workspace/toolchains/rgbds-1.0.4/rgbgfx -p gfx/pokemon/misdreavus/front.gbcpal gfx/pokemon/misdreavus/front.png
/workspace/toolchains/rgbds-1.0.4/rgbgfx -p gfx/pokemon/misdreavus/back.gbcpal gfx/pokemon/misdreavus/back.png
/workspace/toolchains/rgbds-1.0.4/rgbgfx -p gfx/pokemon/unown_a/front.gbcpal gfx/pokemon/unown_a/front.png
/workspace/toolchains/rgbds-1.0.4/rgbgfx -p gfx/pokemon/unown_b/front.gbcpal gfx/pokemon/unown_b/front.png
tools/gbcpal  gfx/pokemon/misdreavus/back.gbcpal gfx/pokemon/misdreavus/back.gbcpal || $(rm -f gfx/pokemon/misdreavus/back.gbcpal && false)
tools/gbcpal  gfx/pokemon/misdreavus/front.gbcpal gfx/pokemon/misdreavus/front.gbcpal || $(rm -f gfx/pokemon/misdreavus/front.gbcpal && false)
tools/gbcpal  gfx/pokemon/unown_a/front.gbcpal gfx/pokemon/unown_a/front.gbcpal || $(rm -f gfx/pokemon/unown_a/front.gbcpal && false)
tools/gbcpal  gfx/pokemon/unown_b/front.gbcpal gfx/pokemon/unown_b/front.gbcpal || $(rm -f gfx/pokemon/unown_b/front.gbcpal && false)
/workspace/toolchains/rgbds-1.0.4/rgbgfx -p gfx/pokemon/unown_c/front.gbcpal gfx/pokemon/unown_c/front.png
/workspace/toolchains/rgbds-1.0.4/rgbgfx -p gfx/pokemon/unown_d/front.gbcpal gfx/pokemon/unown_d/front.png
/workspace/toolchains/rgbds-1.0.4/rgbgfx -p gfx/pokemon/unown_e/front.gbcpal gfx/pokemon/unown_e/front.png
/workspace/toolchains/rgbds-1.0.4/rgbgfx -p gfx/pokemon/unown_f/front.gbcpal gfx/pokemon/unown_f/front.png
tools/gbcpal  gfx/pokemon/unown_c/front.gbcpal gfx/pokemon/unown_c/front.gbcpal || $(rm -f gfx/pokemon/unown_c/front.gbcpal && false)
tools/gbcpal  gfx/pokemon/unown_d/front.gbcpal gfx/pokemon/unown_d/front.gbcpal || $(rm -f gfx/pokemon/unown_d/front.gbcpal && false)
tools/gbcpal  gfx/pokemon/unown_e/front.gbcpal gfx/pokemon/unown_e/front.gbcpal || $(rm -f gfx/pokemon/unown_e/front.gbcpal && false)
tools/gbcpal  gfx/pokemon/unown_f/front.gbcpal gfx/pokemon/unown_f/front.gbcpal || $(rm -f gfx/pokemon/unown_f/front.gbcpal && false)
/workspace/toolchains/rgbds-1.0.4/rgbgfx -p gfx/pokemon/unown_g/front.gbcpal gfx/pokemon/unown_g/front.png
/workspace/toolchains/rgbds-1.0.4/rgbgfx -p gfx/pokemon/unown_h/front.gbcpal gfx/pokemon/unown_h/front.png
/workspace/toolchains/rgbds-1.0.4/rgbgfx -p gfx/pokemon/unown_i/front.gbcpal gfx/pokemon/unown_i/front.png
tools/gbcpal  gfx/pokemon/unown_g/front.gbcpal gfx/pokemon/unown_g/front.gbcpal || $(rm -f gfx/pokemon/unown_g/front.gbcpal && false)
tools/gbcpal  gfx/pokemon/unown_i/front.gbcpal gfx/pokemon/unown_i/front.gbcpal || $(rm -f gfx/pokemon/unown_i/front.gbcpal && false)
/workspace/toolchains/rgbds-1.0.4/rgbgfx -p gfx/pokemon/unown_j/front.gbcpal gfx/pokemon/unown_j/front.png
tools/gbcpal  gfx/pokemon/unown_h/front.gbcpal gfx/pokemon/unown_h/front.gbcpal || $(rm -f gfx/pokemon/unown_h/front.gbcpal && false)
tools/gbcpal  gfx/pokemon/unown_j/front.gbcpal gfx/pokemon/unown_j/front.gbcpal || $(rm -f gfx/pokemon/unown_j/front.gbcpal && false)
/workspace/toolchains/rgbds-1.0.4/rgbgfx -p gfx/pokemon/unown_k/front.gbcpal gfx/pokemon/unown_k/front.png
/workspace/toolchains/rgbds-1.0.4/rgbgfx -p gfx/pokemon/unown_l/front.gbcpal gfx/pokemon/unown_l/front.png
tools/gbcpal  gfx/pokemon/unown_k/front.gbcpal gfx/pokemon/unown_k/front.gbcpal || $(rm -f gfx/pokemon/unown_k/front.gbcpal && false)
tools/gbcpal  gfx/pokemon/unown_l/front.gbcpal gfx/pokemon/unown_l/front.gbcpal || $(rm -f gfx/pokemon/unown_l/front.gbcpal && false)
/workspace/toolchains/rgbds-1.0.4/rgbgfx -p gfx/pokemon/unown_m/front.gbcpal gfx/pokemon/unown_m/front.png
/workspace/toolchains/rgbds-1.0.4/rgbgfx -p gfx/pokemon/unown_n/front.gbcpal gfx/pokemon/unown_n/front.png
tools/gbcpal  gfx/pokemon/unown_m/front.gbcpal gfx/pokemon/unown_m/front.gbcpal || $(rm -f gfx/pokemon/unown_m/front.gbcpal && false)
tools/gbcpal  gfx/pokemon/unown_n/front.gbcpal gfx/pokemon/unown_n/front.gbcpal || $(rm -f gfx/pokemon/unown_n/front.gbcpal && false)
/workspace/toolchains/rgbds-1.0.4/rgbgfx -p gfx/pokemon/unown_o/front.gbcpal gfx/pokemon/unown_o/front.png
/workspace/toolchains/rgbds-1.0.4/rgbgfx -p gfx/pokemon/unown_p/front.gbcpal gfx/pokemon/unown_p/front.png
tools/gbcpal  gfx/pokemon/unown_o/front.gbcpal gfx/pokemon/unown_o/front.gbcpal || $(rm -f gfx/pokemon/unown_o/front.gbcpal && false)
tools/gbcpal  gfx/pokemon/unown_p/front.gbcpal gfx/pokemon/unown_p/front.gbcpal || $(rm -f gfx/pokemon/unown_p/front.gbcpal && false)
/workspace/toolchains/rgbds-1.0.4/rgbgfx -p gfx/pokemon/unown_q/front.gbcpal gfx/pokemon/unown_q/front.png
/workspace/toolchains/rgbds-1.0.4/rgbgfx -p gfx/pokemon/unown_r/front.gbcpal gfx/pokemon/unown_r/front.png
tools/gbcpal  gfx/pokemon/unown_q/front.gbcpal gfx/pokemon/unown_q/front.gbcpal || $(rm -f gfx/pokemon/unown_q/front.gbcpal && false)
tools/gbcpal  gfx/pokemon/unown_r/front.gbcpal gfx/pokemon/unown_r/front.gbcpal || $(rm -f gfx/pokemon/unown_r/front.gbcpal && false)
/workspace/toolchains/rgbds-1.0.4/rgbgfx -p gfx/pokemon/unown_s/front.gbcpal gfx/pokemon/unown_s/front.png
/workspace/toolchains/rgbds-1.0.4/rgbgfx -p gfx/pokemon/unown_t/front.gbcpal gfx/pokemon/unown_t/front.png
tools/gbcpal  gfx/pokemon/unown_s/front.gbcpal gfx/pokemon/unown_s/front.gbcpal || $(rm -f gfx/pokemon/unown_s/front.gbcpal && false)
tools/gbcpal  gfx/pokemon/unown_t/front.gbcpal gfx/pokemon/unown_t/front.gbcpal || $(rm -f gfx/pokemon/unown_t/front.gbcpal && false)
/workspace/toolchains/rgbds-1.0.4/rgbgfx -p gfx/pokemon/unown_u/front.gbcpal gfx/pokemon/unown_u/front.png
/workspace/toolchains/rgbds-1.0.4/rgbgfx -p gfx/pokemon/unown_v/front.gbcpal gfx/pokemon/unown_v/front.png
tools/gbcpal  gfx/pokemon/unown_u/front.gbcpal gfx/pokemon/unown_u/front.gbcpal || $(rm -f gfx/pokemon/unown_u/front.gbcpal && false)
tools/gbcpal  gfx/pokemon/unown_v/front.gbcpal gfx/pokemon/unown_v/front.gbcpal || $(rm -f gfx/pokemon/unown_v/front.gbcpal && false)
/workspace/toolchains/rgbds-1.0.4/rgbgfx -p gfx/pokemon/unown_w/front.gbcpal gfx/pokemon/unown_w/front.png
/workspace/toolchains/rgbds-1.0.4/rgbgfx -p gfx/pokemon/unown_x/front.gbcpal gfx/pokemon/unown_x/front.png
tools/gbcpal  gfx/pokemon/unown_w/front.gbcpal gfx/pokemon/unown_w/front.gbcpal || $(rm -f gfx/pokemon/unown_w/front.gbcpal && false)
tools/gbcpal  gfx/pokemon/unown_x/front.gbcpal gfx/pokemon/unown_x/front.gbcpal || $(rm -f gfx/pokemon/unown_x/front.gbcpal && false)
/workspace/toolchains/rgbds-1.0.4/rgbgfx -p gfx/pokemon/unown_y/front.gbcpal gfx/pokemon/unown_y/front.png
/workspace/toolchains/rgbds-1.0.4/rgbgfx -p gfx/pokemon/unown_z/front.gbcpal gfx/pokemon/unown_z/front.png
/workspace/toolchains/rgbds-1.0.4/rgbgfx -p gfx/pokemon/unown_a/back.gbcpal gfx/pokemon/unown_a/back.png
tools/gbcpal  gfx/pokemon/unown_y/front.gbcpal gfx/pokemon/unown_y/front.gbcpal || $(rm -f gfx/pokemon/unown_y/front.gbcpal && false)
tools/gbcpal  gfx/pokemon/unown_z/front.gbcpal gfx/pokemon/unown_z/front.gbcpal || $(rm -f gfx/pokemon/unown_z/front.gbcpal && false)
tools/gbcpal  gfx/pokemon/unown_a/back.gbcpal gfx/pokemon/unown_a/back.gbcpal || $(rm -f gfx/pokemon/unown_a/back.gbcpal && false)
/workspace/toolchains/rgbds-1.0.4/rgbgfx -p gfx/pokemon/unown_b/back.gbcpal gfx/pokemon/unown_b/back.png
tools/gbcpal  gfx/pokemon/unown_b/back.gbcpal gfx/pokemon/unown_b/back.gbcpal || $(rm -f gfx/pokemon/unown_b/back.gbcpal && false)
/workspace/toolchains/rgbds-1.0.4/rgbgfx -p gfx/pokemon/unown_c/back.gbcpal gfx/pokemon/unown_c/back.png
/workspace/toolchains/rgbds-1.0.4/rgbgfx -p gfx/pokemon/unown_d/back.gbcpal gfx/pokemon/unown_d/back.png
tools/gbcpal  gfx/pokemon/unown_c/back.gbcpal gfx/pokemon/unown_c/back.gbcpal || $(rm -f gfx/pokemon/unown_c/back.gbcpal && false)
tools/gbcpal  gfx/pokemon/unown_d/back.gbcpal gfx/pokemon/unown_d/back.gbcpal || $(rm -f gfx/pokemon/unown_d/back.gbcpal && false)
/workspace/toolchains/rgbds-1.0.4/rgbgfx -p gfx/pokemon/unown_e/back.gbcpal gfx/pokemon/unown_e/back.png
/workspace/toolchains/rgbds-1.0.4/rgbgfx -p gfx/pokemon/unown_f/back.gbcpal gfx/pokemon/unown_f/back.png
tools/gbcpal  gfx/pokemon/unown_e/back.gbcpal gfx/pokemon/unown_e/back.gbcpal || $(rm -f gfx/pokemon/unown_e/back.gbcpal && false)
tools/gbcpal  gfx/pokemon/unown_f/back.gbcpal gfx/pokemon/unown_f/back.gbcpal || $(rm -f gfx/pokemon/unown_f/back.gbcpal && false)
/workspace/toolchains/rgbds-1.0.4/rgbgfx -p gfx/pokemon/unown_g/back.gbcpal gfx/pokemon/unown_g/back.png
/workspace/toolchains/rgbds-1.0.4/rgbgfx -p gfx/pokemon/unown_h/back.gbcpal gfx/pokemon/unown_h/back.png
tools/gbcpal  gfx/pokemon/unown_g/back.gbcpal gfx/pokemon/unown_g/back.gbcpal || $(rm -f gfx/pokemon/unown_g/back.gbcpal && false)
tools/gbcpal  gfx/pokemon/unown_h/back.gbcpal gfx/pokemon/unown_h/back.gbcpal || $(rm -f gfx/pokemon/unown_h/back.gbcpal && false)
/workspace/toolchains/rgbds-1.0.4/rgbgfx -p gfx/pokemon/unown_i/back.gbcpal gfx/pokemon/unown_i/back.png
/workspace/toolchains/rgbds-1.0.4/rgbgfx -p gfx/pokemon/unown_j/back.gbcpal gfx/pokemon/unown_j/back.png
tools/gbcpal  gfx/pokemon/unown_i/back.gbcpal gfx/pokemon/unown_i/back.gbcpal || $(rm -f gfx/pokemon/unown_i/back.gbcpal && false)
tools/gbcpal  gfx/pokemon/unown_j/back.gbcpal gfx/pokemon/unown_j/back.gbcpal || $(rm -f gfx/pokemon/unown_j/back.gbcpal && false)
/workspace/toolchains/rgbds-1.0.4/rgbgfx -p gfx/pokemon/unown_k/back.gbcpal gfx/pokemon/unown_k/back.png
/workspace/toolchains/rgbds-1.0.4/rgbgfx -p gfx/pokemon/unown_l/back.gbcpal gfx/pokemon/unown_l/back.png
tools/gbcpal  gfx/pokemon/unown_k/back.gbcpal gfx/pokemon/unown_k/back.gbcpal || $(rm -f gfx/pokemon/unown_k/back.gbcpal && false)
tools/gbcpal  gfx/pokemon/unown_l/back.gbcpal gfx/pokemon/unown_l/back.gbcpal || $(rm -f gfx/pokemon/unown_l/back.gbcpal && false)
/workspace/toolchains/rgbds-1.0.4/rgbgfx -p gfx/pokemon/unown_m/back.gbcpal gfx/pokemon/unown_m/back.png
/workspace/toolchains/rgbds-1.0.4/rgbgfx -p gfx/pokemon/unown_n/back.gbcpal gfx/pokemon/unown_n/back.png
tools/gbcpal  gfx/pokemon/unown_m/back.gbcpal gfx/pokemon/unown_m/back.gbcpal || $(rm -f gfx/pokemon/unown_m/back.gbcpal && false)
tools/gbcpal  gfx/pokemon/unown_n/back.gbcpal gfx/pokemon/unown_n/back.gbcpal || $(rm -f gfx/pokemon/unown_n/back.gbcpal && false)
/workspace/toolchains/rgbds-1.0.4/rgbgfx -p gfx/pokemon/unown_o/back.gbcpal gfx/pokemon/unown_o/back.png
/workspace/toolchains/rgbds-1.0.4/rgbgfx -p gfx/pokemon/unown_p/back.gbcpal gfx/pokemon/unown_p/back.png
tools/gbcpal  gfx/pokemon/unown_o/back.gbcpal gfx/pokemon/unown_o/back.gbcpal || $(rm -f gfx/pokemon/unown_o/back.gbcpal && false)
tools/gbcpal  gfx/pokemon/unown_p/back.gbcpal gfx/pokemon/unown_p/back.gbcpal || $(rm -f gfx/pokemon/unown_p/back.gbcpal && false)
/workspace/toolchains/rgbds-1.0.4/rgbgfx -p gfx/pokemon/unown_q/back.gbcpal gfx/pokemon/unown_q/back.png
/workspace/toolchains/rgbds-1.0.4/rgbgfx -p gfx/pokemon/unown_r/back.gbcpal gfx/pokemon/unown_r/back.png
tools/gbcpal  gfx/pokemon/unown_q/back.gbcpal gfx/pokemon/unown_q/back.gbcpal || $(rm -f gfx/pokemon/unown_q/back.gbcpal && false)
tools/gbcpal  gfx/pokemon/unown_r/back.gbcpal gfx/pokemon/unown_r/back.gbcpal || $(rm -f gfx/pokemon/unown_r/back.gbcpal && false)
/workspace/toolchains/rgbds-1.0.4/rgbgfx -p gfx/pokemon/unown_s/back.gbcpal gfx/pokemon/unown_s/back.png
/workspace/toolchains/rgbds-1.0.4/rgbgfx -p gfx/pokemon/unown_t/back.gbcpal gfx/pokemon/unown_t/back.png
tools/gbcpal  gfx/pokemon/unown_s/back.gbcpal gfx/pokemon/unown_s/back.gbcpal || $(rm -f gfx/pokemon/unown_s/back.gbcpal && false)
tools/gbcpal  gfx/pokemon/unown_t/back.gbcpal gfx/pokemon/unown_t/back.gbcpal || $(rm -f gfx/pokemon/unown_t/back.gbcpal && false)
/workspace/toolchains/rgbds-1.0.4/rgbgfx -p gfx/pokemon/unown_u/back.gbcpal gfx/pokemon/unown_u/back.png
/workspace/toolchains/rgbds-1.0.4/rgbgfx -p gfx/pokemon/unown_v/back.gbcpal gfx/pokemon/unown_v/back.png
tools/gbcpal  gfx/pokemon/unown_u/back.gbcpal gfx/pokemon/unown_u/back.gbcpal || $(rm -f gfx/pokemon/unown_u/back.gbcpal && false)
tools/gbcpal  gfx/pokemon/unown_v/back.gbcpal gfx/pokemon/unown_v/back.gbcpal || $(rm -f gfx/pokemon/unown_v/back.gbcpal && false)
/workspace/toolchains/rgbds-1.0.4/rgbgfx -p gfx/pokemon/unown_w/back.gbcpal gfx/pokemon/unown_w/back.png
/workspace/toolchains/rgbds-1.0.4/rgbgfx -p gfx/pokemon/unown_x/back.gbcpal gfx/pokemon/unown_x/back.png
tools/gbcpal  gfx/pokemon/unown_w/back.gbcpal gfx/pokemon/unown_w/back.gbcpal || $(rm -f gfx/pokemon/unown_w/back.gbcpal && false)
/workspace/toolchains/rgbds-1.0.4/rgbgfx -p gfx/pokemon/unown_y/back.gbcpal gfx/pokemon/unown_y/back.png
tools/gbcpal  gfx/pokemon/unown_x/back.gbcpal gfx/pokemon/unown_x/back.gbcpal || $(rm -f gfx/pokemon/unown_x/back.gbcpal && false)
tools/gbcpal  gfx/pokemon/unown_y/back.gbcpal gfx/pokemon/unown_y/back.gbcpal || $(rm -f gfx/pokemon/unown_y/back.gbcpal && false)
/workspace/toolchains/rgbds-1.0.4/rgbgfx -p gfx/pokemon/unown_z/back.gbcpal gfx/pokemon/unown_z/back.png
tools/gbcpal  gfx/pokemon/unown_z/back.gbcpal gfx/pokemon/unown_z/back.gbcpal || $(rm -f gfx/pokemon/unown_z/back.gbcpal && false)
/workspace/toolchains/rgbds-1.0.4/rgbgfx -p gfx/pokemon/wobbuffet/front.gbcpal gfx/pokemon/wobbuffet/front.png
/workspace/toolchains/rgbds-1.0.4/rgbgfx -p gfx/pokemon/wobbuffet/back.gbcpal gfx/pokemon/wobbuffet/back.png
/workspace/toolchains/rgbds-1.0.4/rgbgfx -p gfx/pokemon/girafarig/front.gbcpal gfx/pokemon/girafarig/front.png
tools/gbcpal  gfx/pokemon/wobbuffet/front.gbcpal gfx/pokemon/wobbuffet/front.gbcpal || $(rm -f gfx/pokemon/wobbuffet/front.gbcpal && false)
tools/gbcpal  gfx/pokemon/wobbuffet/back.gbcpal gfx/pokemon/wobbuffet/back.gbcpal || $(rm -f gfx/pokemon/wobbuffet/back.gbcpal && false)
tools/gbcpal  gfx/pokemon/girafarig/front.gbcpal gfx/pokemon/girafarig/front.gbcpal || $(rm -f gfx/pokemon/girafarig/front.gbcpal && false)
/workspace/toolchains/rgbds-1.0.4/rgbgfx -p gfx/pokemon/girafarig/back.gbcpal gfx/pokemon/girafarig/back.png
/workspace/toolchains/rgbds-1.0.4/rgbgfx -p gfx/pokemon/pineco/front.gbcpal gfx/pokemon/pineco/front.png
tools/gbcpal  gfx/pokemon/girafarig/back.gbcpal gfx/pokemon/girafarig/back.gbcpal || $(rm -f gfx/pokemon/girafarig/back.gbcpal && false)
/workspace/toolchains/rgbds-1.0.4/rgbgfx -p gfx/pokemon/pineco/back.gbcpal gfx/pokemon/pineco/back.png
/workspace/toolchains/rgbds-1.0.4/rgbgfx -p gfx/pokemon/forretress/front.gbcpal gfx/pokemon/forretress/front.png
tools/gbcpal  gfx/pokemon/pineco/front.gbcpal gfx/pokemon/pineco/front.gbcpal || $(rm -f gfx/pokemon/pineco/front.gbcpal && false)
tools/gbcpal  gfx/pokemon/pineco/back.gbcpal gfx/pokemon/pineco/back.gbcpal || $(rm -f gfx/pokemon/pineco/back.gbcpal && false)
tools/gbcpal  gfx/pokemon/forretress/front.gbcpal gfx/pokemon/forretress/front.gbcpal || $(rm -f gfx/pokemon/forretress/front.gbcpal && false)
/workspace/toolchains/rgbds-1.0.4/rgbgfx -p gfx/pokemon/forretress/back.gbcpal gfx/pokemon/forretress/back.png
tools/gbcpal  gfx/pokemon/forretress/back.gbcpal gfx/pokemon/forretress/back.gbcpal || $(rm -f gfx/pokemon/forretress/back.gbcpal && false)
/workspace/toolchains/rgbds-1.0.4/rgbgfx -p gfx/pokemon/dunsparce/front.gbcpal gfx/pokemon/dunsparce/front.png
/workspace/toolchains/rgbds-1.0.4/rgbgfx -p gfx/pokemon/dunsparce/back.gbcpal gfx/pokemon/dunsparce/back.png
/workspace/toolchains/rgbds-1.0.4/rgbgfx -p gfx/pokemon/gligar/front.gbcpal gfx/pokemon/gligar/front.png
tools/gbcpal  gfx/pokemon/dunsparce/front.gbcpal gfx/pokemon/dunsparce/front.gbcpal || $(rm -f gfx/pokemon/dunsparce/front.gbcpal && false)
tools/gbcpal  gfx/pokemon/dunsparce/back.gbcpal gfx/pokemon/dunsparce/back.gbcpal || $(rm -f gfx/pokemon/dunsparce/back.gbcpal && false)
tools/gbcpal  gfx/pokemon/gligar/front.gbcpal gfx/pokemon/gligar/front.gbcpal || $(rm -f gfx/pokemon/gligar/front.gbcpal && false)
/workspace/toolchains/rgbds-1.0.4/rgbgfx -p gfx/pokemon/gligar/back.gbcpal gfx/pokemon/gligar/back.png
tools/gbcpal  gfx/pokemon/gligar/back.gbcpal gfx/pokemon/gligar/back.gbcpal || $(rm -f gfx/pokemon/gligar/back.gbcpal && false)
/workspace/toolchains/rgbds-1.0.4/rgbgfx -p gfx/pokemon/steelix/front.gbcpal gfx/pokemon/steelix/front.png
/workspace/toolchains/rgbds-1.0.4/rgbgfx -p gfx/pokemon/steelix/back.gbcpal gfx/pokemon/steelix/back.png
/workspace/toolchains/rgbds-1.0.4/rgbgfx -p gfx/pokemon/snubbull/front.gbcpal gfx/pokemon/snubbull/front.png
tools/gbcpal  gfx/pokemon/steelix/back.gbcpal gfx/pokemon/steelix/back.gbcpal || $(rm -f gfx/pokemon/steelix/back.gbcpal && false)
/workspace/toolchains/rgbds-1.0.4/rgbgfx -p gfx/pokemon/snubbull/back.gbcpal gfx/pokemon/snubbull/back.png
tools/gbcpal  gfx/pokemon/steelix/front.gbcpal gfx/pokemon/steelix/front.gbcpal || $(rm -f gfx/pokemon/steelix/front.gbcpal && false)
tools/gbcpal  gfx/pokemon/snubbull/front.gbcpal gfx/pokemon/snubbull/front.gbcpal || $(rm -f gfx/pokemon/snubbull/front.gbcpal && false)
tools/gbcpal  gfx/pokemon/snubbull/back.gbcpal gfx/pokemon/snubbull/back.gbcpal || $(rm -f gfx/pokemon/snubbull/back.gbcpal && false)
/workspace/toolchains/rgbds-1.0.4/rgbgfx -p gfx/pokemon/granbull/front.gbcpal gfx/pokemon/granbull/front.png
/workspace/toolchains/rgbds-1.0.4/rgbgfx -p gfx/pokemon/granbull/back.gbcpal gfx/pokemon/granbull/back.png
/workspace/toolchains/rgbds-1.0.4/rgbgfx -p gfx/pokemon/qwilfish/front.gbcpal gfx/pokemon/qwilfish/front.png
/workspace/toolchains/rgbds-1.0.4/rgbgfx -p gfx/pokemon/qwilfish/back.gbcpal gfx/pokemon/qwilfish/back.png
tools/gbcpal  gfx/pokemon/granbull/front.gbcpal gfx/pokemon/granbull/front.gbcpal || $(rm -f gfx/pokemon/granbull/front.gbcpal && false)
tools/gbcpal  gfx/pokemon/granbull/back.gbcpal gfx/pokemon/granbull/back.gbcpal || $(rm -f gfx/pokemon/granbull/back.gbcpal && false)
tools/gbcpal  gfx/pokemon/qwilfish/back.gbcpal gfx/pokemon/qwilfish/back.gbcpal || $(rm -f gfx/pokemon/qwilfish/back.gbcpal && false)
tools/gbcpal  gfx/pokemon/qwilfish/front.gbcpal gfx/pokemon/qwilfish/front.gbcpal || $(rm -f gfx/pokemon/qwilfish/front.gbcpal && false)
/workspace/toolchains/rgbds-1.0.4/rgbgfx -p gfx/pokemon/scizor/front.gbcpal gfx/pokemon/scizor/front.png
/workspace/toolchains/rgbds-1.0.4/rgbgfx -p gfx/pokemon/scizor/back.gbcpal gfx/pokemon/scizor/back.png
/workspace/toolchains/rgbds-1.0.4/rgbgfx -p gfx/pokemon/shuckle/front.gbcpal gfx/pokemon/shuckle/front.png
tools/gbcpal  gfx/pokemon/scizor/back.gbcpal gfx/pokemon/scizor/back.gbcpal || $(rm -f gfx/pokemon/scizor/back.gbcpal && false)
tools/gbcpal  gfx/pokemon/scizor/front.gbcpal gfx/pokemon/scizor/front.gbcpal || $(rm -f gfx/pokemon/scizor/front.gbcpal && false)
/workspace/toolchains/rgbds-1.0.4/rgbgfx -p gfx/pokemon/shuckle/back.gbcpal gfx/pokemon/shuckle/back.png
tools/gbcpal  gfx/pokemon/shuckle/front.gbcpal gfx/pokemon/shuckle/front.gbcpal || $(rm -f gfx/pokemon/shuckle/front.gbcpal && false)
tools/gbcpal  gfx/pokemon/shuckle/back.gbcpal gfx/pokemon/shuckle/back.gbcpal || $(rm -f gfx/pokemon/shuckle/back.gbcpal && false)
/workspace/toolchains/rgbds-1.0.4/rgbgfx -p gfx/pokemon/heracross/front.gbcpal gfx/pokemon/heracross/front.png
/workspace/toolchains/rgbds-1.0.4/rgbgfx -p gfx/pokemon/heracross/back.gbcpal gfx/pokemon/heracross/back.png
/workspace/toolchains/rgbds-1.0.4/rgbgfx -p gfx/pokemon/sneasel/front.gbcpal gfx/pokemon/sneasel/front.png
tools/gbcpal  gfx/pokemon/heracross/back.gbcpal gfx/pokemon/heracross/back.gbcpal || $(rm -f gfx/pokemon/heracross/back.gbcpal && false)
tools/gbcpal  gfx/pokemon/heracross/front.gbcpal gfx/pokemon/heracross/front.gbcpal || $(rm -f gfx/pokemon/heracross/front.gbcpal && false)
/workspace/toolchains/rgbds-1.0.4/rgbgfx -p gfx/pokemon/sneasel/back.gbcpal gfx/pokemon/sneasel/back.png
tools/gbcpal  gfx/pokemon/sneasel/front.gbcpal gfx/pokemon/sneasel/front.gbcpal || $(rm -f gfx/pokemon/sneasel/front.gbcpal && false)
tools/gbcpal  gfx/pokemon/sneasel/back.gbcpal gfx/pokemon/sneasel/back.gbcpal || $(rm -f gfx/pokemon/sneasel/back.gbcpal && false)
/workspace/toolchains/rgbds-1.0.4/rgbgfx -p gfx/pokemon/teddiursa/front.gbcpal gfx/pokemon/teddiursa/front.png
/workspace/toolchains/rgbds-1.0.4/rgbgfx -p gfx/pokemon/teddiursa/back.gbcpal gfx/pokemon/teddiursa/back.png
/workspace/toolchains/rgbds-1.0.4/rgbgfx -p gfx/pokemon/ursaring/front.gbcpal gfx/pokemon/ursaring/front.png
tools/gbcpal  gfx/pokemon/teddiursa/front.gbcpal gfx/pokemon/teddiursa/front.gbcpal || $(rm -f gfx/pokemon/teddiursa/front.gbcpal && false)
tools/gbcpal  gfx/pokemon/teddiursa/back.gbcpal gfx/pokemon/teddiursa/back.gbcpal || $(rm -f gfx/pokemon/teddiursa/back.gbcpal && false)
/workspace/toolchains/rgbds-1.0.4/rgbgfx -p gfx/pokemon/ursaring/back.gbcpal gfx/pokemon/ursaring/back.png
tools/gbcpal  gfx/pokemon/ursaring/front.gbcpal gfx/pokemon/ursaring/front.gbcpal || $(rm -f gfx/pokemon/ursaring/front.gbcpal && false)
tools/gbcpal  gfx/pokemon/ursaring/back.gbcpal gfx/pokemon/ursaring/back.gbcpal || $(rm -f gfx/pokemon/ursaring/back.gbcpal && false)
/workspace/toolchains/rgbds-1.0.4/rgbgfx -p gfx/pokemon/slugma/front.gbcpal gfx/pokemon/slugma/front.png
/workspace/toolchains/rgbds-1.0.4/rgbgfx -p gfx/pokemon/slugma/back.gbcpal gfx/pokemon/slugma/back.png
/workspace/toolchains/rgbds-1.0.4/rgbgfx -p gfx/pokemon/magcargo/front.gbcpal gfx/pokemon/magcargo/front.png
/workspace/toolchains/rgbds-1.0.4/rgbgfx -p gfx/pokemon/magcargo/back.gbcpal gfx/pokemon/magcargo/back.png
tools/gbcpal  gfx/pokemon/slugma/front.gbcpal gfx/pokemon/slugma/front.gbcpal || $(rm -f gfx/pokemon/slugma/front.gbcpal && false)
tools/gbcpal  gfx/pokemon/slugma/back.gbcpal gfx/pokemon/slugma/back.gbcpal || $(rm -f gfx/pokemon/slugma/back.gbcpal && false)
tools/gbcpal  gfx/pokemon/magcargo/front.gbcpal gfx/pokemon/magcargo/front.gbcpal || $(rm -f gfx/pokemon/magcargo/front.gbcpal && false)
tools/gbcpal  gfx/pokemon/magcargo/back.gbcpal gfx/pokemon/magcargo/back.gbcpal || $(rm -f gfx/pokemon/magcargo/back.gbcpal && false)
/workspace/toolchains/rgbds-1.0.4/rgbgfx -p gfx/pokemon/swinub/front.gbcpal gfx/pokemon/swinub/front.png
/workspace/toolchains/rgbds-1.0.4/rgbgfx -p gfx/pokemon/swinub/back.gbcpal gfx/pokemon/swinub/back.png
tools/gbcpal  gfx/pokemon/swinub/front.gbcpal gfx/pokemon/swinub/front.gbcpal || $(rm -f gfx/pokemon/swinub/front.gbcpal && false)
tools/gbcpal  gfx/pokemon/swinub/back.gbcpal gfx/pokemon/swinub/back.gbcpal || $(rm -f gfx/pokemon/swinub/back.gbcpal && false)
/workspace/toolchains/rgbds-1.0.4/rgbgfx -p gfx/pokemon/piloswine/front.gbcpal gfx/pokemon/piloswine/front.png
/workspace/toolchains/rgbds-1.0.4/rgbgfx -p gfx/pokemon/piloswine/back.gbcpal gfx/pokemon/piloswine/back.png
tools/gbcpal  gfx/pokemon/piloswine/front.gbcpal gfx/pokemon/piloswine/front.gbcpal || $(rm -f gfx/pokemon/piloswine/front.gbcpal && false)
tools/gbcpal  gfx/pokemon/piloswine/back.gbcpal gfx/pokemon/piloswine/back.gbcpal || $(rm -f gfx/pokemon/piloswine/back.gbcpal && false)
/workspace/toolchains/rgbds-1.0.4/rgbgfx -p gfx/pokemon/corsola/front.gbcpal gfx/pokemon/corsola/front.png
/workspace/toolchains/rgbds-1.0.4/rgbgfx -p gfx/pokemon/corsola/back.gbcpal gfx/pokemon/corsola/back.png
tools/gbcpal  gfx/pokemon/corsola/back.gbcpal gfx/pokemon/corsola/back.gbcpal || $(rm -f gfx/pokemon/corsola/back.gbcpal && false)
tools/gbcpal  gfx/pokemon/corsola/front.gbcpal gfx/pokemon/corsola/front.gbcpal || $(rm -f gfx/pokemon/corsola/front.gbcpal && false)
/workspace/toolchains/rgbds-1.0.4/rgbgfx -p gfx/pokemon/remoraid/front.gbcpal gfx/pokemon/remoraid/front.png
tools/gbcpal  gfx/pokemon/remoraid/front.gbcpal gfx/pokemon/remoraid/front.gbcpal || $(rm -f gfx/pokemon/remoraid/front.gbcpal && false)
/workspace/toolchains/rgbds-1.0.4/rgbgfx -p gfx/pokemon/remoraid/back.gbcpal gfx/pokemon/remoraid/back.png
/workspace/toolchains/rgbds-1.0.4/rgbgfx -p gfx/pokemon/octillery/front.gbcpal gfx/pokemon/octillery/front.png
/workspace/toolchains/rgbds-1.0.4/rgbgfx -p gfx/pokemon/octillery/back.gbcpal gfx/pokemon/octillery/back.png
tools/gbcpal  gfx/pokemon/remoraid/back.gbcpal gfx/pokemon/remoraid/back.gbcpal || $(rm -f gfx/pokemon/remoraid/back.gbcpal && false)
tools/gbcpal  gfx/pokemon/octillery/front.gbcpal gfx/pokemon/octillery/front.gbcpal || $(rm -f gfx/pokemon/octillery/front.gbcpal && false)
tools/gbcpal  gfx/pokemon/octillery/back.gbcpal gfx/pokemon/octillery/back.gbcpal || $(rm -f gfx/pokemon/octillery/back.gbcpal && false)
/workspace/toolchains/rgbds-1.0.4/rgbgfx -p gfx/pokemon/delibird/front.gbcpal gfx/pokemon/delibird/front.png
tools/gbcpal  gfx/pokemon/delibird/front.gbcpal gfx/pokemon/delibird/front.gbcpal || $(rm -f gfx/pokemon/delibird/front.gbcpal && false)
/workspace/toolchains/rgbds-1.0.4/rgbgfx -p gfx/pokemon/delibird/back.gbcpal gfx/pokemon/delibird/back.png
/workspace/toolchains/rgbds-1.0.4/rgbgfx -p gfx/pokemon/mantine/front.gbcpal gfx/pokemon/mantine/front.png
/workspace/toolchains/rgbds-1.0.4/rgbgfx -p gfx/pokemon/mantine/back.gbcpal gfx/pokemon/mantine/back.png
tools/gbcpal  gfx/pokemon/delibird/back.gbcpal gfx/pokemon/delibird/back.gbcpal || $(rm -f gfx/pokemon/delibird/back.gbcpal && false)
tools/gbcpal  gfx/pokemon/mantine/front.gbcpal gfx/pokemon/mantine/front.gbcpal || $(rm -f gfx/pokemon/mantine/front.gbcpal && false)
tools/gbcpal  gfx/pokemon/mantine/back.gbcpal gfx/pokemon/mantine/back.gbcpal || $(rm -f gfx/pokemon/mantine/back.gbcpal && false)
/workspace/toolchains/rgbds-1.0.4/rgbgfx -p gfx/pokemon/skarmory/front.gbcpal gfx/pokemon/skarmory/front.png
tools/gbcpal  gfx/pokemon/skarmory/front.gbcpal gfx/pokemon/skarmory/front.gbcpal || $(rm -f gfx/pokemon/skarmory/front.gbcpal && false)
/workspace/toolchains/rgbds-1.0.4/rgbgfx -p gfx/pokemon/skarmory/back.gbcpal gfx/pokemon/skarmory/back.png
/workspace/toolchains/rgbds-1.0.4/rgbgfx -p gfx/pokemon/houndour/front.gbcpal gfx/pokemon/houndour/front.png
tools/gbcpal  gfx/pokemon/skarmory/back.gbcpal gfx/pokemon/skarmory/back.gbcpal || $(rm -f gfx/pokemon/skarmory/back.gbcpal && false)
/workspace/toolchains/rgbds-1.0.4/rgbgfx -p gfx/pokemon/houndour/back.gbcpal gfx/pokemon/houndour/back.png
tools/gbcpal  gfx/pokemon/houndour/front.gbcpal gfx/pokemon/houndour/front.gbcpal || $(rm -f gfx/pokemon/houndour/front.gbcpal && false)
/workspace/toolchains/rgbds-1.0.4/rgbgfx -p gfx/pokemon/houndoom/front.gbcpal gfx/pokemon/houndoom/front.png
tools/gbcpal  gfx/pokemon/houndour/back.gbcpal gfx/pokemon/houndour/back.gbcpal || $(rm -f gfx/pokemon/houndour/back.gbcpal && false)
tools/gbcpal  gfx/pokemon/houndoom/front.gbcpal gfx/pokemon/houndoom/front.gbcpal || $(rm -f gfx/pokemon/houndoom/front.gbcpal && false)
/workspace/toolchains/rgbds-1.0.4/rgbgfx -p gfx/pokemon/houndoom/back.gbcpal gfx/pokemon/houndoom/back.png
/workspace/toolchains/rgbds-1.0.4/rgbgfx -p gfx/pokemon/kingdra/front.gbcpal gfx/pokemon/kingdra/front.png
tools/gbcpal  gfx/pokemon/houndoom/back.gbcpal gfx/pokemon/houndoom/back.gbcpal || $(rm -f gfx/pokemon/houndoom/back.gbcpal && false)
tools/gbcpal  gfx/pokemon/kingdra/front.gbcpal gfx/pokemon/kingdra/front.gbcpal || $(rm -f gfx/pokemon/kingdra/front.gbcpal && false)
/workspace/toolchains/rgbds-1.0.4/rgbgfx -p gfx/pokemon/kingdra/back.gbcpal gfx/pokemon/kingdra/back.png
/workspace/toolchains/rgbds-1.0.4/rgbgfx -p gfx/pokemon/phanpy/front.gbcpal gfx/pokemon/phanpy/front.png
tools/gbcpal  gfx/pokemon/kingdra/back.gbcpal gfx/pokemon/kingdra/back.gbcpal || $(rm -f gfx/pokemon/kingdra/back.gbcpal && false)
tools/gbcpal  gfx/pokemon/phanpy/front.gbcpal gfx/pokemon/phanpy/front.gbcpal || $(rm -f gfx/pokemon/phanpy/front.gbcpal && false)
/workspace/toolchains/rgbds-1.0.4/rgbgfx -p gfx/pokemon/phanpy/back.gbcpal gfx/pokemon/phanpy/back.png
/workspace/toolchains/rgbds-1.0.4/rgbgfx -p gfx/pokemon/donphan/front.gbcpal gfx/pokemon/donphan/front.png
tools/gbcpal  gfx/pokemon/phanpy/back.gbcpal gfx/pokemon/phanpy/back.gbcpal || $(rm -f gfx/pokemon/phanpy/back.gbcpal && false)
tools/gbcpal  gfx/pokemon/donphan/front.gbcpal gfx/pokemon/donphan/front.gbcpal || $(rm -f gfx/pokemon/donphan/front.gbcpal && false)
/workspace/toolchains/rgbds-1.0.4/rgbgfx -p gfx/pokemon/donphan/back.gbcpal gfx/pokemon/donphan/back.png
/workspace/toolchains/rgbds-1.0.4/rgbgfx -p gfx/pokemon/porygon2/front.gbcpal gfx/pokemon/porygon2/front.png
/workspace/toolchains/rgbds-1.0.4/rgbgfx -p gfx/pokemon/porygon2/back.gbcpal gfx/pokemon/porygon2/back.png
tools/gbcpal --reverse gfx/pokemon/porygon2/front.gbcpal gfx/pokemon/porygon2/front.gbcpal || $(rm -f gfx/pokemon/porygon2/front.gbcpal && false)
tools/gbcpal  gfx/pokemon/donphan/back.gbcpal gfx/pokemon/donphan/back.gbcpal || $(rm -f gfx/pokemon/donphan/back.gbcpal && false)
tools/gbcpal --reverse gfx/pokemon/porygon2/back.gbcpal gfx/pokemon/porygon2/back.gbcpal || $(rm -f gfx/pokemon/porygon2/back.gbcpal && false)
/workspace/toolchains/rgbds-1.0.4/rgbgfx -p gfx/pokemon/stantler/front.gbcpal gfx/pokemon/stantler/front.png
tools/gbcpal  gfx/pokemon/stantler/front.gbcpal gfx/pokemon/stantler/front.gbcpal || $(rm -f gfx/pokemon/stantler/front.gbcpal && false)
/workspace/toolchains/rgbds-1.0.4/rgbgfx -p gfx/pokemon/stantler/back.gbcpal gfx/pokemon/stantler/back.png
/workspace/toolchains/rgbds-1.0.4/rgbgfx -p gfx/pokemon/smeargle/front.gbcpal gfx/pokemon/smeargle/front.png
/workspace/toolchains/rgbds-1.0.4/rgbgfx -p gfx/pokemon/smeargle/back.gbcpal gfx/pokemon/smeargle/back.png
tools/gbcpal  gfx/pokemon/stantler/back.gbcpal gfx/pokemon/stantler/back.gbcpal || $(rm -f gfx/pokemon/stantler/back.gbcpal && false)
tools/gbcpal  gfx/pokemon/smeargle/front.gbcpal gfx/pokemon/smeargle/front.gbcpal || $(rm -f gfx/pokemon/smeargle/front.gbcpal && false)
tools/gbcpal  gfx/pokemon/smeargle/back.gbcpal gfx/pokemon/smeargle/back.gbcpal || $(rm -f gfx/pokemon/smeargle/back.gbcpal && false)
/workspace/toolchains/rgbds-1.0.4/rgbgfx -p gfx/pokemon/tyrogue/front.gbcpal gfx/pokemon/tyrogue/front.png
tools/gbcpal  gfx/pokemon/tyrogue/front.gbcpal gfx/pokemon/tyrogue/front.gbcpal || $(rm -f gfx/pokemon/tyrogue/front.gbcpal && false)
/workspace/toolchains/rgbds-1.0.4/rgbgfx -p gfx/pokemon/tyrogue/back.gbcpal gfx/pokemon/tyrogue/back.png
/workspace/toolchains/rgbds-1.0.4/rgbgfx -p gfx/pokemon/hitmontop/front.gbcpal gfx/pokemon/hitmontop/front.png
/workspace/toolchains/rgbds-1.0.4/rgbgfx -p gfx/pokemon/hitmontop/back.gbcpal gfx/pokemon/hitmontop/back.png
tools/gbcpal  gfx/pokemon/tyrogue/back.gbcpal gfx/pokemon/tyrogue/back.gbcpal || $(rm -f gfx/pokemon/tyrogue/back.gbcpal && false)
tools/gbcpal  gfx/pokemon/hitmontop/back.gbcpal gfx/pokemon/hitmontop/back.gbcpal || $(rm -f gfx/pokemon/hitmontop/back.gbcpal && false)
tools/gbcpal  gfx/pokemon/hitmontop/front.gbcpal gfx/pokemon/hitmontop/front.gbcpal || $(rm -f gfx/pokemon/hitmontop/front.gbcpal && false)
/workspace/toolchains/rgbds-1.0.4/rgbgfx -p gfx/pokemon/smoochum/front.gbcpal gfx/pokemon/smoochum/front.png
tools/gbcpal  gfx/pokemon/smoochum/front.gbcpal gfx/pokemon/smoochum/front.gbcpal || $(rm -f gfx/pokemon/smoochum/front.gbcpal && false)
/workspace/toolchains/rgbds-1.0.4/rgbgfx -p gfx/pokemon/smoochum/back.gbcpal gfx/pokemon/smoochum/back.png
/workspace/toolchains/rgbds-1.0.4/rgbgfx -p gfx/pokemon/elekid/front.gbcpal gfx/pokemon/elekid/front.png
/workspace/toolchains/rgbds-1.0.4/rgbgfx -p gfx/pokemon/elekid/back.gbcpal gfx/pokemon/elekid/back.png
tools/gbcpal  gfx/pokemon/smoochum/back.gbcpal gfx/pokemon/smoochum/back.gbcpal || $(rm -f gfx/pokemon/smoochum/back.gbcpal && false)
/workspace/toolchains/rgbds-1.0.4/rgbgfx -p gfx/pokemon/magby/front.gbcpal gfx/pokemon/magby/front.png
tools/gbcpal  gfx/pokemon/elekid/back.gbcpal gfx/pokemon/elekid/back.gbcpal || $(rm -f gfx/pokemon/elekid/back.gbcpal && false)
tools/gbcpal  gfx/pokemon/elekid/front.gbcpal gfx/pokemon/elekid/front.gbcpal || $(rm -f gfx/pokemon/elekid/front.gbcpal && false)
tools/gbcpal  gfx/pokemon/magby/front.gbcpal gfx/pokemon/magby/front.gbcpal || $(rm -f gfx/pokemon/magby/front.gbcpal && false)
/workspace/toolchains/rgbds-1.0.4/rgbgfx -p gfx/pokemon/magby/back.gbcpal gfx/pokemon/magby/back.png
/workspace/toolchains/rgbds-1.0.4/rgbgfx -p gfx/pokemon/miltank/front.gbcpal gfx/pokemon/miltank/front.png
/workspace/toolchains/rgbds-1.0.4/rgbgfx -p gfx/pokemon/miltank/back.gbcpal gfx/pokemon/miltank/back.png
tools/gbcpal  gfx/pokemon/magby/back.gbcpal gfx/pokemon/magby/back.gbcpal || $(rm -f gfx/pokemon/magby/back.gbcpal && false)
/workspace/toolchains/rgbds-1.0.4/rgbgfx -p gfx/pokemon/blissey/front.gbcpal gfx/pokemon/blissey/front.png
tools/gbcpal  gfx/pokemon/miltank/front.gbcpal gfx/pokemon/miltank/front.gbcpal || $(rm -f gfx/pokemon/miltank/front.gbcpal && false)
tools/gbcpal  gfx/pokemon/miltank/back.gbcpal gfx/pokemon/miltank/back.gbcpal || $(rm -f gfx/pokemon/miltank/back.gbcpal && false)
tools/gbcpal  gfx/pokemon/blissey/front.gbcpal gfx/pokemon/blissey/front.gbcpal || $(rm -f gfx/pokemon/blissey/front.gbcpal && false)
/workspace/toolchains/rgbds-1.0.4/rgbgfx -p gfx/pokemon/blissey/back.gbcpal gfx/pokemon/blissey/back.png
/workspace/toolchains/rgbds-1.0.4/rgbgfx -p gfx/pokemon/raikou/front.gbcpal gfx/pokemon/raikou/front.png
/workspace/toolchains/rgbds-1.0.4/rgbgfx -p gfx/pokemon/raikou/back.gbcpal gfx/pokemon/raikou/back.png
tools/gbcpal  gfx/pokemon/blissey/back.gbcpal gfx/pokemon/blissey/back.gbcpal || $(rm -f gfx/pokemon/blissey/back.gbcpal && false)
tools/gbcpal  gfx/pokemon/raikou/front.gbcpal gfx/pokemon/raikou/front.gbcpal || $(rm -f gfx/pokemon/raikou/front.gbcpal && false)
/workspace/toolchains/rgbds-1.0.4/rgbgfx -p gfx/pokemon/entei/front.gbcpal gfx/pokemon/entei/front.png
tools/gbcpal  gfx/pokemon/raikou/back.gbcpal gfx/pokemon/raikou/back.gbcpal || $(rm -f gfx/pokemon/raikou/back.gbcpal && false)
/workspace/toolchains/rgbds-1.0.4/rgbgfx -p gfx/pokemon/entei/back.gbcpal gfx/pokemon/entei/back.png
/workspace/toolchains/rgbds-1.0.4/rgbgfx -p gfx/pokemon/suicune/front.gbcpal gfx/pokemon/suicune/front.png
tools/gbcpal  gfx/pokemon/entei/front.gbcpal gfx/pokemon/entei/front.gbcpal || $(rm -f gfx/pokemon/entei/front.gbcpal && false)
tools/gbcpal  gfx/pokemon/entei/back.gbcpal gfx/pokemon/entei/back.gbcpal || $(rm -f gfx/pokemon/entei/back.gbcpal && false)
/workspace/toolchains/rgbds-1.0.4/rgbgfx -p gfx/pokemon/suicune/back.gbcpal gfx/pokemon/suicune/back.png
tools/gbcpal  gfx/pokemon/suicune/front.gbcpal gfx/pokemon/suicune/front.gbcpal || $(rm -f gfx/pokemon/suicune/front.gbcpal && false)
tools/gbcpal  gfx/pokemon/suicune/back.gbcpal gfx/pokemon/suicune/back.gbcpal || $(rm -f gfx/pokemon/suicune/back.gbcpal && false)
/workspace/toolchains/rgbds-1.0.4/rgbgfx -p gfx/pokemon/larvitar/front.gbcpal gfx/pokemon/larvitar/front.png
/workspace/toolchains/rgbds-1.0.4/rgbgfx -p gfx/pokemon/larvitar/back.gbcpal gfx/pokemon/larvitar/back.png
tools/gbcpal  gfx/pokemon/larvitar/front.gbcpal gfx/pokemon/larvitar/front.gbcpal || $(rm -f gfx/pokemon/larvitar/front.gbcpal && false)
tools/gbcpal  gfx/pokemon/larvitar/back.gbcpal gfx/pokemon/larvitar/back.gbcpal || $(rm -f gfx/pokemon/larvitar/back.gbcpal && false)
/workspace/toolchains/rgbds-1.0.4/rgbgfx -p gfx/pokemon/pupitar/front.gbcpal gfx/pokemon/pupitar/front.png
tools/gbcpal  gfx/pokemon/pupitar/front.gbcpal gfx/pokemon/pupitar/front.gbcpal || $(rm -f gfx/pokemon/pupitar/front.gbcpal && false)
/workspace/toolchains/rgbds-1.0.4/rgbgfx -p gfx/pokemon/pupitar/back.gbcpal gfx/pokemon/pupitar/back.png
/workspace/toolchains/rgbds-1.0.4/rgbgfx -p gfx/pokemon/tyranitar/front.gbcpal gfx/pokemon/tyranitar/front.png
/workspace/toolchains/rgbds-1.0.4/rgbgfx -p gfx/pokemon/tyranitar/back.gbcpal gfx/pokemon/tyranitar/back.png
tools/gbcpal  gfx/pokemon/pupitar/back.gbcpal gfx/pokemon/pupitar/back.gbcpal || $(rm -f gfx/pokemon/pupitar/back.gbcpal && false)
tools/gbcpal  gfx/pokemon/tyranitar/front.gbcpal gfx/pokemon/tyranitar/front.gbcpal || $(rm -f gfx/pokemon/tyranitar/front.gbcpal && false)
tools/gbcpal  gfx/pokemon/tyranitar/back.gbcpal gfx/pokemon/tyranitar/back.gbcpal || $(rm -f gfx/pokemon/tyranitar/back.gbcpal && false)
tools/gbcpal  gfx/pokemon/lugia/normal.gbcpal gfx/pokemon/lugia/front.gbcpal gfx/pokemon/lugia/back.gbcpal
/workspace/toolchains/rgbds-1.0.4/rgbgfx -p gfx/pokemon/ho_oh/front.gbcpal gfx/pokemon/ho_oh/front.png
/workspace/toolchains/rgbds-1.0.4/rgbgfx -p gfx/pokemon/ho_oh/back.gbcpal gfx/pokemon/ho_oh/back.png
/workspace/toolchains/rgbds-1.0.4/rgbgfx -p gfx/pokemon/celebi/front.gbcpal gfx/pokemon/celebi/front.png
/workspace/toolchains/rgbds-1.0.4/rgbgfx -p gfx/pokemon/celebi/back.gbcpal gfx/pokemon/celebi/back.png
tools/gbcpal  gfx/pokemon/ho_oh/back.gbcpal gfx/pokemon/ho_oh/back.gbcpal || $(rm -f gfx/pokemon/ho_oh/back.gbcpal && false)
tools/gbcpal  gfx/pokemon/celebi/back.gbcpal gfx/pokemon/celebi/back.gbcpal || $(rm -f gfx/pokemon/celebi/back.gbcpal && false)
tools/gbcpal  gfx/pokemon/ho_oh/front.gbcpal gfx/pokemon/ho_oh/front.gbcpal || $(rm -f gfx/pokemon/ho_oh/front.gbcpal && false)
tools/gbcpal  gfx/pokemon/celebi/front.gbcpal gfx/pokemon/celebi/front.gbcpal || $(rm -f gfx/pokemon/celebi/front.gbcpal && false)
/workspace/toolchains/rgbds-1.0.4/rgbgfx -p gfx/pokemon/egg/front.gbcpal gfx/pokemon/egg/front.png
tools/gbcpal  gfx/pokemon/machop/normal.gbcpal gfx/pokemon/machop/front.gbcpal gfx/pokemon/machop/back.gbcpal
/workspace/toolchains/rgbds-1.0.4/rgbgfx -p gfx/trainers/falkner.gbcpal gfx/trainers/falkner.png
/workspace/toolchains/rgbds-1.0.4/rgbgfx -p gfx/trainers/whitney.gbcpal gfx/trainers/whitney.png
tools/gbcpal  gfx/pokemon/egg/front.gbcpal gfx/pokemon/egg/front.gbcpal || $(rm -f gfx/pokemon/egg/front.gbcpal && false)
tools/gbcpal  gfx/trainers/falkner.gbcpal gfx/trainers/falkner.gbcpal || $(rm -f gfx/trainers/falkner.gbcpal && false)
/workspace/toolchains/rgbds-1.0.4/rgbgfx -p gfx/trainers/bugsy.gbcpal gfx/trainers/bugsy.png
tools/gbcpal  gfx/trainers/whitney.gbcpal gfx/trainers/whitney.gbcpal || $(rm -f gfx/trainers/whitney.gbcpal && false)
tools/gbcpal  gfx/trainers/bugsy.gbcpal gfx/trainers/bugsy.gbcpal || $(rm -f gfx/trainers/bugsy.gbcpal && false)
/workspace/toolchains/rgbds-1.0.4/rgbgfx -p gfx/trainers/morty.gbcpal gfx/trainers/morty.png
/workspace/toolchains/rgbds-1.0.4/rgbgfx -p gfx/trainers/pryce.gbcpal gfx/trainers/pryce.png
/workspace/toolchains/rgbds-1.0.4/rgbgfx -p gfx/trainers/jasmine.gbcpal gfx/trainers/jasmine.png
tools/gbcpal  gfx/trainers/morty.gbcpal gfx/trainers/morty.gbcpal || $(rm -f gfx/trainers/morty.gbcpal && false)
tools/gbcpal  gfx/trainers/pryce.gbcpal gfx/trainers/pryce.gbcpal || $(rm -f gfx/trainers/pryce.gbcpal && false)
tools/gbcpal  gfx/trainers/jasmine.gbcpal gfx/trainers/jasmine.gbcpal || $(rm -f gfx/trainers/jasmine.gbcpal && false)
/workspace/toolchains/rgbds-1.0.4/rgbgfx -p gfx/trainers/chuck.gbcpal gfx/trainers/chuck.png
tools/gbcpal  gfx/trainers/chuck.gbcpal gfx/trainers/chuck.gbcpal || $(rm -f gfx/trainers/chuck.gbcpal && false)
/workspace/toolchains/rgbds-1.0.4/rgbgfx -p gfx/trainers/clair.gbcpal gfx/trainers/clair.png
/workspace/toolchains/rgbds-1.0.4/rgbgfx -p gfx/trainers/rival1.gbcpal gfx/trainers/rival1.png
/workspace/toolchains/rgbds-1.0.4/rgbgfx -p gfx/trainers/oak.gbcpal gfx/trainers/oak.png
tools/gbcpal  gfx/trainers/clair.gbcpal gfx/trainers/clair.gbcpal || $(rm -f gfx/trainers/clair.gbcpal && false)
tools/gbcpal  gfx/trainers/rival1.gbcpal gfx/trainers/rival1.gbcpal || $(rm -f gfx/trainers/rival1.gbcpal && false)
tools/gbcpal  gfx/trainers/oak.gbcpal gfx/trainers/oak.gbcpal || $(rm -f gfx/trainers/oak.gbcpal && false)
/workspace/toolchains/rgbds-1.0.4/rgbgfx -p gfx/trainers/will.gbcpal gfx/trainers/will.png
tools/gbcpal  gfx/trainers/will.gbcpal gfx/trainers/will.gbcpal || $(rm -f gfx/trainers/will.gbcpal && false)
/workspace/toolchains/rgbds-1.0.4/rgbgfx -p gfx/trainers/cal.gbcpal gfx/trainers/cal.png
/workspace/toolchains/rgbds-1.0.4/rgbgfx -p gfx/trainers/bruno.gbcpal gfx/trainers/bruno.png
/workspace/toolchains/rgbds-1.0.4/rgbgfx -p gfx/trainers/karen.gbcpal gfx/trainers/karen.png
tools/gbcpal  gfx/trainers/cal.gbcpal gfx/trainers/cal.gbcpal || $(rm -f gfx/trainers/cal.gbcpal && false)
tools/gbcpal  gfx/trainers/bruno.gbcpal gfx/trainers/bruno.gbcpal || $(rm -f gfx/trainers/bruno.gbcpal && false)
tools/gbcpal  gfx/trainers/karen.gbcpal gfx/trainers/karen.gbcpal || $(rm -f gfx/trainers/karen.gbcpal && false)
/workspace/toolchains/rgbds-1.0.4/rgbgfx -p gfx/trainers/koga.gbcpal gfx/trainers/koga.png
tools/gbcpal  gfx/trainers/koga.gbcpal gfx/trainers/koga.gbcpal || $(rm -f gfx/trainers/koga.gbcpal && false)
/workspace/toolchains/rgbds-1.0.4/rgbgfx -p gfx/trainers/champion.gbcpal gfx/trainers/champion.png
/workspace/toolchains/rgbds-1.0.4/rgbgfx -p gfx/trainers/brock.gbcpal gfx/trainers/brock.png
/workspace/toolchains/rgbds-1.0.4/rgbgfx -p gfx/trainers/misty.gbcpal gfx/trainers/misty.png
/workspace/toolchains/rgbds-1.0.4/rgbgfx -p gfx/trainers/lt_surge.gbcpal gfx/trainers/lt_surge.png
tools/gbcpal  gfx/trainers/brock.gbcpal gfx/trainers/brock.gbcpal || $(rm -f gfx/trainers/brock.gbcpal && false)
tools/gbcpal  gfx/trainers/champion.gbcpal gfx/trainers/champion.gbcpal || $(rm -f gfx/trainers/champion.gbcpal && false)
tools/gbcpal  gfx/trainers/misty.gbcpal gfx/trainers/misty.gbcpal || $(rm -f gfx/trainers/misty.gbcpal && false)
tools/gbcpal  gfx/trainers/lt_surge.gbcpal gfx/trainers/lt_surge.gbcpal || $(rm -f gfx/trainers/lt_surge.gbcpal && false)
/workspace/toolchains/rgbds-1.0.4/rgbgfx -p gfx/trainers/scientist.gbcpal gfx/trainers/scientist.png
/workspace/toolchains/rgbds-1.0.4/rgbgfx -p gfx/trainers/erika.gbcpal gfx/trainers/erika.png
tools/gbcpal  gfx/trainers/scientist.gbcpal gfx/trainers/scientist.gbcpal || $(rm -f gfx/trainers/scientist.gbcpal && false)
tools/gbcpal  gfx/trainers/erika.gbcpal gfx/trainers/erika.gbcpal || $(rm -f gfx/trainers/erika.gbcpal && false)
/workspace/toolchains/rgbds-1.0.4/rgbgfx -p gfx/trainers/youngster.gbcpal gfx/trainers/youngster.png
/workspace/toolchains/rgbds-1.0.4/rgbgfx -p gfx/trainers/schoolboy.gbcpal gfx/trainers/schoolboy.png
tools/gbcpal  gfx/trainers/youngster.gbcpal gfx/trainers/youngster.gbcpal || $(rm -f gfx/trainers/youngster.gbcpal && false)
tools/gbcpal  gfx/trainers/schoolboy.gbcpal gfx/trainers/schoolboy.gbcpal || $(rm -f gfx/trainers/schoolboy.gbcpal && false)
/workspace/toolchains/rgbds-1.0.4/rgbgfx -p gfx/trainers/bird_keeper.gbcpal gfx/trainers/bird_keeper.png
/workspace/toolchains/rgbds-1.0.4/rgbgfx -p gfx/trainers/lass.gbcpal gfx/trainers/lass.png
tools/gbcpal  gfx/trainers/bird_keeper.gbcpal gfx/trainers/bird_keeper.gbcpal || $(rm -f gfx/trainers/bird_keeper.gbcpal && false)
tools/gbcpal  gfx/trainers/lass.gbcpal gfx/trainers/lass.gbcpal || $(rm -f gfx/trainers/lass.gbcpal && false)
/workspace/toolchains/rgbds-1.0.4/rgbgfx -p gfx/trainers/janine.gbcpal gfx/trainers/janine.png
/workspace/toolchains/rgbds-1.0.4/rgbgfx -p gfx/trainers/cooltrainer_m.gbcpal gfx/trainers/cooltrainer_m.png
tools/gbcpal  gfx/trainers/janine.gbcpal gfx/trainers/janine.gbcpal || $(rm -f gfx/trainers/janine.gbcpal && false)
tools/gbcpal  gfx/trainers/cooltrainer_m.gbcpal gfx/trainers/cooltrainer_m.gbcpal || $(rm -f gfx/trainers/cooltrainer_m.gbcpal && false)
/workspace/toolchains/rgbds-1.0.4/rgbgfx -p gfx/trainers/cooltrainer_f.gbcpal gfx/trainers/cooltrainer_f.png
/workspace/toolchains/rgbds-1.0.4/rgbgfx -p gfx/trainers/beauty.gbcpal gfx/trainers/beauty.png
tools/gbcpal  gfx/trainers/cooltrainer_f.gbcpal gfx/trainers/cooltrainer_f.gbcpal || $(rm -f gfx/trainers/cooltrainer_f.gbcpal && false)
tools/gbcpal  gfx/trainers/beauty.gbcpal gfx/trainers/beauty.gbcpal || $(rm -f gfx/trainers/beauty.gbcpal && false)
/workspace/toolchains/rgbds-1.0.4/rgbgfx -p gfx/trainers/pokemaniac.gbcpal gfx/trainers/pokemaniac.png
/workspace/toolchains/rgbds-1.0.4/rgbgfx -p gfx/trainers/grunt_m.gbcpal gfx/trainers/grunt_m.png
tools/gbcpal  gfx/trainers/pokemaniac.gbcpal gfx/trainers/pokemaniac.gbcpal || $(rm -f gfx/trainers/pokemaniac.gbcpal && false)
tools/gbcpal  gfx/trainers/grunt_m.gbcpal gfx/trainers/grunt_m.gbcpal || $(rm -f gfx/trainers/grunt_m.gbcpal && false)
/workspace/toolchains/rgbds-1.0.4/rgbgfx -p gfx/trainers/gentleman.gbcpal gfx/trainers/gentleman.png
/workspace/toolchains/rgbds-1.0.4/rgbgfx -p gfx/trainers/skier.gbcpal gfx/trainers/skier.png
tools/gbcpal  gfx/trainers/gentleman.gbcpal gfx/trainers/gentleman.gbcpal || $(rm -f gfx/trainers/gentleman.gbcpal && false)
tools/gbcpal  gfx/trainers/skier.gbcpal gfx/trainers/skier.gbcpal || $(rm -f gfx/trainers/skier.gbcpal && false)
/workspace/toolchains/rgbds-1.0.4/rgbgfx -p gfx/trainers/teacher.gbcpal gfx/trainers/teacher.png
/workspace/toolchains/rgbds-1.0.4/rgbgfx -p gfx/trainers/sabrina.gbcpal gfx/trainers/sabrina.png
/workspace/toolchains/rgbds-1.0.4/rgbgfx -p gfx/trainers/bug_catcher.gbcpal gfx/trainers/bug_catcher.png
tools/gbcpal  gfx/trainers/sabrina.gbcpal gfx/trainers/sabrina.gbcpal || $(rm -f gfx/trainers/sabrina.gbcpal && false)
tools/gbcpal  gfx/trainers/teacher.gbcpal gfx/trainers/teacher.gbcpal || $(rm -f gfx/trainers/teacher.gbcpal && false)
/workspace/toolchains/rgbds-1.0.4/rgbgfx -p gfx/trainers/fisher.gbcpal gfx/trainers/fisher.png
tools/gbcpal  gfx/trainers/bug_catcher.gbcpal gfx/trainers/bug_catcher.gbcpal || $(rm -f gfx/trainers/bug_catcher.gbcpal && false)
tools/gbcpal  gfx/trainers/fisher.gbcpal gfx/trainers/fisher.gbcpal || $(rm -f gfx/trainers/fisher.gbcpal && false)
/workspace/toolchains/rgbds-1.0.4/rgbgfx -p gfx/trainers/swimmer_m.gbcpal gfx/trainers/swimmer_m.png
/workspace/toolchains/rgbds-1.0.4/rgbgfx -p gfx/trainers/swimmer_f.gbcpal gfx/trainers/swimmer_f.png
/workspace/toolchains/rgbds-1.0.4/rgbgfx -p gfx/trainers/sailor.gbcpal gfx/trainers/sailor.png
tools/gbcpal --reverse gfx/trainers/swimmer_m.gbcpal gfx/trainers/swimmer_m.gbcpal || $(rm -f gfx/trainers/swimmer_m.gbcpal && false)
tools/gbcpal  gfx/trainers/swimmer_f.gbcpal gfx/trainers/swimmer_f.gbcpal || $(rm -f gfx/trainers/swimmer_f.gbcpal && false)
tools/gbcpal  gfx/trainers/sailor.gbcpal gfx/trainers/sailor.gbcpal || $(rm -f gfx/trainers/sailor.gbcpal && false)
/workspace/toolchains/rgbds-1.0.4/rgbgfx -p gfx/trainers/super_nerd.gbcpal gfx/trainers/super_nerd.png
tools/gbcpal  gfx/trainers/super_nerd.gbcpal gfx/trainers/super_nerd.gbcpal || $(rm -f gfx/trainers/super_nerd.gbcpal && false)
/workspace/toolchains/rgbds-1.0.4/rgbgfx -p gfx/trainers/rival2.gbcpal gfx/trainers/rival2.png
/workspace/toolchains/rgbds-1.0.4/rgbgfx -p gfx/trainers/guitarist.gbcpal gfx/trainers/guitarist.png
tools/gbcpal  gfx/trainers/rival2.gbcpal gfx/trainers/rival2.gbcpal || $(rm -f gfx/trainers/rival2.gbcpal && false)
tools/gbcpal  gfx/trainers/guitarist.gbcpal gfx/trainers/guitarist.gbcpal || $(rm -f gfx/trainers/guitarist.gbcpal && false)
/workspace/toolchains/rgbds-1.0.4/rgbgfx -p gfx/trainers/hiker.gbcpal gfx/trainers/hiker.png
/workspace/toolchains/rgbds-1.0.4/rgbgfx -p gfx/trainers/biker.gbcpal gfx/trainers/biker.png
tools/gbcpal  gfx/trainers/hiker.gbcpal gfx/trainers/hiker.gbcpal || $(rm -f gfx/trainers/hiker.gbcpal && false)
tools/gbcpal  gfx/trainers/biker.gbcpal gfx/trainers/biker.gbcpal || $(rm -f gfx/trainers/biker.gbcpal && false)
/workspace/toolchains/rgbds-1.0.4/rgbgfx -p gfx/trainers/blaine.gbcpal gfx/trainers/blaine.png
/workspace/toolchains/rgbds-1.0.4/rgbgfx -p gfx/trainers/burglar.gbcpal gfx/trainers/burglar.png
tools/gbcpal  gfx/trainers/burglar.gbcpal gfx/trainers/burglar.gbcpal || $(rm -f gfx/trainers/burglar.gbcpal && false)
tools/gbcpal  gfx/trainers/blaine.gbcpal gfx/trainers/blaine.gbcpal || $(rm -f gfx/trainers/blaine.gbcpal && false)
/workspace/toolchains/rgbds-1.0.4/rgbgfx -p gfx/trainers/firebreather.gbcpal gfx/trainers/firebreather.png
/workspace/toolchains/rgbds-1.0.4/rgbgfx -p gfx/trainers/juggler.gbcpal gfx/trainers/juggler.png
tools/gbcpal  gfx/trainers/firebreather.gbcpal gfx/trainers/firebreather.gbcpal || $(rm -f gfx/trainers/firebreather.gbcpal && false)
tools/gbcpal  gfx/trainers/juggler.gbcpal gfx/trainers/juggler.gbcpal || $(rm -f gfx/trainers/juggler.gbcpal && false)
/workspace/toolchains/rgbds-1.0.4/rgbgfx -p gfx/trainers/blackbelt_t.gbcpal gfx/trainers/blackbelt_t.png
/workspace/toolchains/rgbds-1.0.4/rgbgfx -p gfx/trainers/executive_m.gbcpal gfx/trainers/executive_m.png
tools/gbcpal  gfx/trainers/blackbelt_t.gbcpal gfx/trainers/blackbelt_t.gbcpal || $(rm -f gfx/trainers/blackbelt_t.gbcpal && false)
tools/gbcpal  gfx/trainers/executive_m.gbcpal gfx/trainers/executive_m.gbcpal || $(rm -f gfx/trainers/executive_m.gbcpal && false)
/workspace/toolchains/rgbds-1.0.4/rgbgfx -p gfx/trainers/psychic_t.gbcpal gfx/trainers/psychic_t.png
/workspace/toolchains/rgbds-1.0.4/rgbgfx -p gfx/trainers/picnicker.gbcpal gfx/trainers/picnicker.png
tools/gbcpal  gfx/trainers/psychic_t.gbcpal gfx/trainers/psychic_t.gbcpal || $(rm -f gfx/trainers/psychic_t.gbcpal && false)
tools/gbcpal  gfx/trainers/picnicker.gbcpal gfx/trainers/picnicker.gbcpal || $(rm -f gfx/trainers/picnicker.gbcpal && false)
/workspace/toolchains/rgbds-1.0.4/rgbgfx -p gfx/trainers/camper.gbcpal gfx/trainers/camper.png
/workspace/toolchains/rgbds-1.0.4/rgbgfx -p gfx/trainers/executive_f.gbcpal gfx/trainers/executive_f.png
tools/gbcpal  gfx/trainers/camper.gbcpal gfx/trainers/camper.gbcpal || $(rm -f gfx/trainers/camper.gbcpal && false)
tools/gbcpal  gfx/trainers/executive_f.gbcpal gfx/trainers/executive_f.gbcpal || $(rm -f gfx/trainers/executive_f.gbcpal && false)
/workspace/toolchains/rgbds-1.0.4/rgbgfx -p gfx/trainers/sage.gbcpal gfx/trainers/sage.png
/workspace/toolchains/rgbds-1.0.4/rgbgfx -p gfx/trainers/medium.gbcpal gfx/trainers/medium.png
tools/gbcpal  gfx/trainers/sage.gbcpal gfx/trainers/sage.gbcpal || $(rm -f gfx/trainers/sage.gbcpal && false)
tools/gbcpal  gfx/trainers/medium.gbcpal gfx/trainers/medium.gbcpal || $(rm -f gfx/trainers/medium.gbcpal && false)
/workspace/toolchains/rgbds-1.0.4/rgbgfx -p gfx/trainers/boarder.gbcpal gfx/trainers/boarder.png
/workspace/toolchains/rgbds-1.0.4/rgbgfx -p gfx/trainers/pokefan_m.gbcpal gfx/trainers/pokefan_m.png
tools/gbcpal  gfx/trainers/boarder.gbcpal gfx/trainers/boarder.gbcpal || $(rm -f gfx/trainers/boarder.gbcpal && false)
/workspace/toolchains/rgbds-1.0.4/rgbgfx -p gfx/trainers/kimono_girl.gbcpal gfx/trainers/kimono_girl.png
tools/gbcpal  gfx/trainers/pokefan_m.gbcpal gfx/trainers/pokefan_m.gbcpal || $(rm -f gfx/trainers/pokefan_m.gbcpal && false)
/workspace/toolchains/rgbds-1.0.4/rgbgfx -p gfx/trainers/twins.gbcpal gfx/trainers/twins.png
tools/gbcpal  gfx/trainers/kimono_girl.gbcpal gfx/trainers/kimono_girl.gbcpal || $(rm -f gfx/trainers/kimono_girl.gbcpal && false)
tools/gbcpal  gfx/trainers/twins.gbcpal gfx/trainers/twins.gbcpal || $(rm -f gfx/trainers/twins.gbcpal && false)
/workspace/toolchains/rgbds-1.0.4/rgbgfx -p gfx/trainers/pokefan_f.gbcpal gfx/trainers/pokefan_f.png
tools/gbcpal  gfx/trainers/pokefan_f.gbcpal gfx/trainers/pokefan_f.gbcpal || $(rm -f gfx/trainers/pokefan_f.gbcpal && false)
/workspace/toolchains/rgbds-1.0.4/rgbgfx -p gfx/trainers/red.gbcpal gfx/trainers/red.png
/workspace/toolchains/rgbds-1.0.4/rgbgfx -p gfx/trainers/blue.gbcpal gfx/trainers/blue.png
tools/gbcpal  gfx/trainers/red.gbcpal gfx/trainers/red.gbcpal || $(rm -f gfx/trainers/red.gbcpal && false)
/workspace/toolchains/rgbds-1.0.4/rgbgfx -p gfx/trainers/officer.gbcpal gfx/trainers/officer.png
tools/gbcpal  gfx/trainers/blue.gbcpal gfx/trainers/blue.gbcpal || $(rm -f gfx/trainers/blue.gbcpal && false)
tools/gbcpal  gfx/trainers/officer.gbcpal gfx/trainers/officer.gbcpal || $(rm -f gfx/trainers/officer.gbcpal && false)
/workspace/toolchains/rgbds-1.0.4/rgbgfx -p gfx/trainers/grunt_f.gbcpal gfx/trainers/grunt_f.png
tools/gbcpal  gfx/trainers/grunt_f.gbcpal gfx/trainers/grunt_f.gbcpal || $(rm -f gfx/trainers/grunt_f.gbcpal && false)
/workspace/toolchains/rgbds-1.0.4/rgbgfx -p gfx/trainers/mysticalman.gbcpal gfx/trainers/mysticalman.png
/workspace/toolchains/rgbds-1.0.4/rgbgfx --colors dmg -Weverything -o gfx/pack/pack_menu.2bpp gfx/pack/pack_menu.png
/workspace/toolchains/rgbds-1.0.4/rgbgfx --colors dmg -Weverything -o gfx/pack/pack.2bpp gfx/pack/pack.png
tools/gbcpal  gfx/trainers/mysticalman.gbcpal gfx/trainers/mysticalman.gbcpal || $(rm -f gfx/trainers/mysticalman.gbcpal && false)
/workspace/toolchains/rgbds-1.0.4/rgbgfx --colors dmg -Weverything -o gfx/naming_screen/border.2bpp gfx/naming_screen/border.png
/workspace/toolchains/rgbds-1.0.4/rgbgfx --colors dmg -Weverything -o gfx/naming_screen/cursor.2bpp gfx/naming_screen/cursor.png
/workspace/toolchains/rgbds-1.0.4/rgbgfx --colors dmg -Weverything --depth 1 -o gfx/naming_screen/end.1bpp gfx/naming_screen/end.png
/workspace/toolchains/rgbds-1.0.4/rgbgfx --colors dmg -Weverything --depth 1 -o gfx/naming_screen/middle_line.1bpp gfx/naming_screen/middle_line.png
/workspace/toolchains/rgbds-1.0.4/rgbgfx --colors dmg -Weverything --depth 1 -o gfx/naming_screen/underline.1bpp gfx/naming_screen/underline.png
/workspace/toolchains/rgbds-1.0.4/rgbgfx --colors dmg -Weverything -o gfx/naming_screen/mail.2bpp gfx/naming_screen/mail.png
/workspace/toolchains/rgbds-1.0.4/rgbgfx --colors dmg -Weverything -o gfx/overworld/heal_machine.2bpp gfx/overworld/heal_machine.png
/workspace/toolchains/rgbds-1.0.4/rgbgfx --colors dmg -Weverything --depth 1 -o gfx/printer/bold_a.1bpp gfx/printer/bold_a.png
/workspace/toolchains/rgbds-1.0.4/rgbgfx --colors dmg -Weverything --depth 1 -o gfx/printer/bold_b.1bpp gfx/printer/bold_b.png
/workspace/toolchains/rgbds-1.0.4/rgbgfx --colors dmg -Weverything -o gfx/evo/egg_hatch.2bpp gfx/evo/egg_hatch.png
/workspace/toolchains/rgbds-1.0.4/rgbgfx --colors dmg -Weverything -o gfx/tilesets/roofs/new_bark.2bpp gfx/tilesets/roofs/new_bark.png
/workspace/toolchains/rgbds-1.0.4/rgbgfx --colors dmg -Weverything -o gfx/tilesets/roofs/violet.2bpp gfx/tilesets/roofs/violet.png
/workspace/toolchains/rgbds-1.0.4/rgbgfx --colors dmg -Weverything -o gfx/tilesets/roofs/azalea.2bpp gfx/tilesets/roofs/azalea.png
/workspace/toolchains/rgbds-1.0.4/rgbgfx --colors dmg -Weverything -o gfx/tilesets/roofs/olivine.2bpp gfx/tilesets/roofs/olivine.png
/workspace/toolchains/rgbds-1.0.4/rgbgfx --colors dmg -Weverything -o gfx/tilesets/roofs/goldenrod.2bpp gfx/tilesets/roofs/goldenrod.png
/workspace/toolchains/rgbds-1.0.4/rgbgfx --colors dmg -Weverything -o gfx/trainer_card/card_status.2bpp gfx/trainer_card/card_status.png
/workspace/toolchains/rgbds-1.0.4/rgbgfx --colors dmg -Weverything -o gfx/trainer_card/leaders.2bpp gfx/trainer_card/leaders.png
/workspace/toolchains/rgbds-1.0.4/rgbgfx --colors dmg -Weverything -o gfx/trainer_card/badges.2bpp gfx/trainer_card/badges.png
/workspace/toolchains/rgbds-1.0.4/rgbgfx --colors dmg -Weverything -o gfx/trainer_card/card_right_corner.2bpp gfx/trainer_card/card_right_corner.png
/workspace/toolchains/rgbds-1.0.4/rgbgfx --colors dmg -Weverything -o gfx/trade/arrow_right.2bpp gfx/trade/arrow_right.png
tools/gfx --trim-whitespace -o gfx/trainer_card/leaders.2bpp gfx/trainer_card/leaders.2bpp || $(rm -f gfx/trainer_card/leaders.2bpp && false)
/workspace/toolchains/rgbds-1.0.4/rgbgfx --colors dmg -Weverything -o gfx/trade/arrow_left.2bpp gfx/trade/arrow_left.png
/workspace/toolchains/rgbds-1.0.4/rgbgfx --colors dmg -Weverything -o gfx/trade/cable.2bpp gfx/trade/cable.png
/workspace/toolchains/rgbds-1.0.4/rgbgfx --colors dmg -Weverything -o gfx/trade/bubble.2bpp gfx/trade/bubble.png
/workspace/toolchains/rgbds-1.0.4/rgbgfx --colors dmg -Weverything -o gfx/trade/game_boy.2bpp gfx/trade/game_boy.png
/workspace/toolchains/rgbds-1.0.4/rgbgfx --colors dmg -Weverything -o gfx/trade/link_cable.2bpp gfx/trade/link_cable.png
/workspace/toolchains/rgbds-1.0.4/rgbgfx --colors dmg -Weverything -o gfx/trade/ball.2bpp gfx/trade/ball.png
/workspace/toolchains/rgbds-1.0.4/rgbgfx --colors dmg -Weverything -o gfx/trade/poof.2bpp gfx/trade/poof.png
tools/gfx --remove-duplicates --preserve=0x23,0x27 -o gfx/trade/game_boy.2bpp gfx/trade/game_boy.2bpp || $(rm -f gfx/trade/game_boy.2bpp && false)
/workspace/toolchains/rgbds-1.0.4/rgbgfx --colors dmg -Weverything -o gfx/trade/unused_gs_border_tiles.2bpp gfx/trade/unused_gs_border_tiles.png
tools/gfx --remove-whitespace -o gfx/trade/ball.2bpp gfx/trade/ball.2bpp || $(rm -f gfx/trade/ball.2bpp && false)
/workspace/toolchains/rgbds-1.0.4/rgbgfx --colors dmg -Weverything -o gfx/battle/balls.2bpp gfx/battle/balls.png
/workspace/toolchains/rgbds-1.0.4/rgbgfx --colors dmg -Weverything -o gfx/pokedex/pokedex.2bpp gfx/pokedex/pokedex.png
tools/gfx --trim-whitespace -o gfx/pokedex/pokedex.2bpp gfx/pokedex/pokedex.2bpp || $(rm -f gfx/pokedex/pokedex.2bpp && false)
/workspace/toolchains/rgbds-1.0.4/rgbgfx --colors dmg -Weverything -o gfx/pokedex/slowpoke.2bpp gfx/pokedex/slowpoke.png
/workspace/toolchains/rgbds-1.0.4/rgbgfx --colors dmg -Weverything --depth 1 -o gfx/mobile/up_arrow.1bpp gfx/mobile/up_arrow.png
tools/gfx --trim-whitespace -o gfx/pokedex/slowpoke.2bpp gfx/pokedex/slowpoke.2bpp || $(rm -f gfx/pokedex/slowpoke.2bpp && false)
/workspace/toolchains/rgbds-1.0.4/rgbgfx --colors dmg -Weverything --depth 1 -o gfx/mobile/down_arrow.1bpp gfx/mobile/down_arrow.png
/workspace/toolchains/rgbds-1.0.4/rgbgfx --colors dmg -Weverything -o gfx/new_game/gender_screen.2bpp gfx/new_game/gender_screen.png
/workspace/toolchains/rgbds-1.0.4/rgbgfx --colors dmg -Weverything -o gfx/pack/pack_f.2bpp gfx/pack/pack_f.png
/workspace/toolchains/rgbds-1.0.4/rgbgfx --colors dmg -Weverything -o gfx/tilesets/forest-tree/1.2bpp gfx/tilesets/forest-tree/1.png
/workspace/toolchains/rgbds-1.0.4/rgbgfx --colors dmg -Weverything -o gfx/tilesets/forest-tree/2.2bpp gfx/tilesets/forest-tree/2.png
/workspace/toolchains/rgbds-1.0.4/rgbgfx --colors dmg -Weverything -o gfx/tilesets/forest-tree/3.2bpp gfx/tilesets/forest-tree/3.png
/workspace/toolchains/rgbds-1.0.4/rgbgfx --colors dmg -Weverything -o gfx/tilesets/forest-tree/4.2bpp gfx/tilesets/forest-tree/4.png
/workspace/toolchains/rgbds-1.0.4/rgbgfx --colors dmg -Weverything -o gfx/overworld/cut_grass.2bpp gfx/overworld/cut_grass.png
/workspace/toolchains/rgbds-1.0.4/rgbgfx --colors dmg -Weverything -o gfx/overworld/celebi.2bpp gfx/overworld/celebi.png
/workspace/toolchains/rgbds-1.0.4/rgbgfx --colors dmg -Weverything -o gfx/mobile/mobile_menu.2bpp gfx/mobile/mobile_menu.png
/workspace/toolchains/rgbds-1.0.4/rgbgfx --colors dmg -Weverything -o gfx/font/space.2bpp gfx/font/space.png
/workspace/toolchains/rgbds-1.0.4/rgbgfx --colors dmg -Weverything -o gfx/evo/bubble_large.2bpp gfx/evo/bubble_large.png
/workspace/toolchains/rgbds-1.0.4/rgbgfx --colors dmg -Weverything -o gfx/evo/bubble.2bpp gfx/evo/bubble.png
/workspace/toolchains/rgbds-1.0.4/rgbgfx --colors dmg -Weverything -o gfx/sgb/gbc_only.2bpp gfx/sgb/gbc_only.png
tools/png_dimensions gfx/pokemon/bulbasaur/front.png gfx/pokemon/bulbasaur/front.dimensions
tools/png_dimensions gfx/pokemon/ivysaur/front.png gfx/pokemon/ivysaur/front.dimensions
tools/png_dimensions gfx/pokemon/venusaur/front.png gfx/pokemon/venusaur/front.dimensions
tools/png_dimensions gfx/pokemon/charmander/front.png gfx/pokemon/charmander/front.dimensions
tools/png_dimensions gfx/pokemon/charmeleon/front.png gfx/pokemon/charmeleon/front.dimensions
tools/png_dimensions gfx/pokemon/charizard/front.png gfx/pokemon/charizard/front.dimensions
tools/png_dimensions gfx/pokemon/squirtle/front.png gfx/pokemon/squirtle/front.dimensions
tools/png_dimensions gfx/pokemon/wartortle/front.png gfx/pokemon/wartortle/front.dimensions
tools/png_dimensions gfx/pokemon/blastoise/front.png gfx/pokemon/blastoise/front.dimensions
tools/png_dimensions gfx/pokemon/caterpie/front.png gfx/pokemon/caterpie/front.dimensions
tools/png_dimensions gfx/pokemon/metapod/front.png gfx/pokemon/metapod/front.dimensions
tools/png_dimensions gfx/pokemon/butterfree/front.png gfx/pokemon/butterfree/front.dimensions
tools/png_dimensions gfx/pokemon/weedle/front.png gfx/pokemon/weedle/front.dimensions
tools/png_dimensions gfx/pokemon/kakuna/front.png gfx/pokemon/kakuna/front.dimensions
tools/png_dimensions gfx/pokemon/beedrill/front.png gfx/pokemon/beedrill/front.dimensions
tools/png_dimensions gfx/pokemon/pidgey/front.png gfx/pokemon/pidgey/front.dimensions
tools/png_dimensions gfx/pokemon/pidgeotto/front.png gfx/pokemon/pidgeotto/front.dimensions
tools/png_dimensions gfx/pokemon/pidgeot/front.png gfx/pokemon/pidgeot/front.dimensions
tools/png_dimensions gfx/pokemon/rattata/front.png gfx/pokemon/rattata/front.dimensions
tools/png_dimensions gfx/pokemon/raticate/front.png gfx/pokemon/raticate/front.dimensions
tools/png_dimensions gfx/pokemon/spearow/front.png gfx/pokemon/spearow/front.dimensions
tools/png_dimensions gfx/pokemon/fearow/front.png gfx/pokemon/fearow/front.dimensions
tools/png_dimensions gfx/pokemon/ekans/front.png gfx/pokemon/ekans/front.dimensions
tools/png_dimensions gfx/pokemon/arbok/front.png gfx/pokemon/arbok/front.dimensions
tools/png_dimensions gfx/pokemon/pikachu/front.png gfx/pokemon/pikachu/front.dimensions
tools/png_dimensions gfx/pokemon/raichu/front.png gfx/pokemon/raichu/front.dimensions
tools/png_dimensions gfx/pokemon/sandshrew/front.png gfx/pokemon/sandshrew/front.dimensions
tools/png_dimensions gfx/pokemon/sandslash/front.png gfx/pokemon/sandslash/front.dimensions
tools/png_dimensions gfx/pokemon/nidoran_f/front.png gfx/pokemon/nidoran_f/front.dimensions
tools/png_dimensions gfx/pokemon/nidorina/front.png gfx/pokemon/nidorina/front.dimensions
tools/png_dimensions gfx/pokemon/nidoqueen/front.png gfx/pokemon/nidoqueen/front.dimensions
tools/png_dimensions gfx/pokemon/nidoran_m/front.png gfx/pokemon/nidoran_m/front.dimensions
tools/png_dimensions gfx/pokemon/nidorino/front.png gfx/pokemon/nidorino/front.dimensions
tools/png_dimensions gfx/pokemon/nidoking/front.png gfx/pokemon/nidoking/front.dimensions
tools/png_dimensions gfx/pokemon/clefairy/front.png gfx/pokemon/clefairy/front.dimensions
tools/png_dimensions gfx/pokemon/clefable/front.png gfx/pokemon/clefable/front.dimensions
tools/png_dimensions gfx/pokemon/vulpix/front.png gfx/pokemon/vulpix/front.dimensions
tools/png_dimensions gfx/pokemon/ninetales/front.png gfx/pokemon/ninetales/front.dimensions
tools/png_dimensions gfx/pokemon/jigglypuff/front.png gfx/pokemon/jigglypuff/front.dimensions
tools/png_dimensions gfx/pokemon/wigglytuff/front.png gfx/pokemon/wigglytuff/front.dimensions
tools/png_dimensions gfx/pokemon/zubat/front.png gfx/pokemon/zubat/front.dimensions
tools/png_dimensions gfx/pokemon/golbat/front.png gfx/pokemon/golbat/front.dimensions
tools/png_dimensions gfx/pokemon/oddish/front.png gfx/pokemon/oddish/front.dimensions
tools/png_dimensions gfx/pokemon/gloom/front.png gfx/pokemon/gloom/front.dimensions
tools/png_dimensions gfx/pokemon/vileplume/front.png gfx/pokemon/vileplume/front.dimensions
tools/png_dimensions gfx/pokemon/paras/front.png gfx/pokemon/paras/front.dimensions
tools/png_dimensions gfx/pokemon/parasect/front.png gfx/pokemon/parasect/front.dimensions
tools/png_dimensions gfx/pokemon/venonat/front.png gfx/pokemon/venonat/front.dimensions
tools/png_dimensions gfx/pokemon/venomoth/front.png gfx/pokemon/venomoth/front.dimensions
tools/png_dimensions gfx/pokemon/diglett/front.png gfx/pokemon/diglett/front.dimensions
tools/png_dimensions gfx/pokemon/dugtrio/front.png gfx/pokemon/dugtrio/front.dimensions
tools/png_dimensions gfx/pokemon/meowth/front.png gfx/pokemon/meowth/front.dimensions
tools/png_dimensions gfx/pokemon/persian/front.png gfx/pokemon/persian/front.dimensions
tools/png_dimensions gfx/pokemon/psyduck/front.png gfx/pokemon/psyduck/front.dimensions
tools/png_dimensions gfx/pokemon/golduck/front.png gfx/pokemon/golduck/front.dimensions
tools/png_dimensions gfx/pokemon/mankey/front.png gfx/pokemon/mankey/front.dimensions
tools/png_dimensions gfx/pokemon/primeape/front.png gfx/pokemon/primeape/front.dimensions
tools/png_dimensions gfx/pokemon/growlithe/front.png gfx/pokemon/growlithe/front.dimensions
tools/png_dimensions gfx/pokemon/arcanine/front.png gfx/pokemon/arcanine/front.dimensions
tools/png_dimensions gfx/pokemon/poliwag/front.png gfx/pokemon/poliwag/front.dimensions
tools/png_dimensions gfx/pokemon/poliwhirl/front.png gfx/pokemon/poliwhirl/front.dimensions
tools/png_dimensions gfx/pokemon/poliwrath/front.png gfx/pokemon/poliwrath/front.dimensions
tools/png_dimensions gfx/pokemon/abra/front.png gfx/pokemon/abra/front.dimensions
tools/png_dimensions gfx/pokemon/kadabra/front.png gfx/pokemon/kadabra/front.dimensions
tools/png_dimensions gfx/pokemon/alakazam/front.png gfx/pokemon/alakazam/front.dimensions
tools/png_dimensions gfx/pokemon/machop/front.png gfx/pokemon/machop/front.dimensions
tools/png_dimensions gfx/pokemon/machoke/front.png gfx/pokemon/machoke/front.dimensions
tools/png_dimensions gfx/pokemon/machamp/front.png gfx/pokemon/machamp/front.dimensions
tools/png_dimensions gfx/pokemon/bellsprout/front.png gfx/pokemon/bellsprout/front.dimensions
tools/png_dimensions gfx/pokemon/weepinbell/front.png gfx/pokemon/weepinbell/front.dimensions
tools/png_dimensions gfx/pokemon/victreebel/front.png gfx/pokemon/victreebel/front.dimensions
tools/png_dimensions gfx/pokemon/tentacool/front.png gfx/pokemon/tentacool/front.dimensions
tools/png_dimensions gfx/pokemon/tentacruel/front.png gfx/pokemon/tentacruel/front.dimensions
tools/png_dimensions gfx/pokemon/geodude/front.png gfx/pokemon/geodude/front.dimensions
tools/png_dimensions gfx/pokemon/graveler/front.png gfx/pokemon/graveler/front.dimensions
tools/png_dimensions gfx/pokemon/golem/front.png gfx/pokemon/golem/front.dimensions
tools/png_dimensions gfx/pokemon/ponyta/front.png gfx/pokemon/ponyta/front.dimensions
tools/png_dimensions gfx/pokemon/rapidash/front.png gfx/pokemon/rapidash/front.dimensions
tools/png_dimensions gfx/pokemon/slowpoke/front.png gfx/pokemon/slowpoke/front.dimensions
tools/png_dimensions gfx/pokemon/slowbro/front.png gfx/pokemon/slowbro/front.dimensions
tools/png_dimensions gfx/pokemon/magnemite/front.png gfx/pokemon/magnemite/front.dimensions
tools/png_dimensions gfx/pokemon/magneton/front.png gfx/pokemon/magneton/front.dimensions
tools/png_dimensions gfx/pokemon/farfetch_d/front.png gfx/pokemon/farfetch_d/front.dimensions
tools/png_dimensions gfx/pokemon/doduo/front.png gfx/pokemon/doduo/front.dimensions
tools/png_dimensions gfx/pokemon/dodrio/front.png gfx/pokemon/dodrio/front.dimensions
tools/png_dimensions gfx/pokemon/seel/front.png gfx/pokemon/seel/front.dimensions
tools/png_dimensions gfx/pokemon/grimer/front.png gfx/pokemon/grimer/front.dimensions
tools/png_dimensions gfx/pokemon/muk/front.png gfx/pokemon/muk/front.dimensions
tools/png_dimensions gfx/pokemon/shellder/front.png gfx/pokemon/shellder/front.dimensions
tools/png_dimensions gfx/pokemon/cloyster/front.png gfx/pokemon/cloyster/front.dimensions
tools/png_dimensions gfx/pokemon/gastly/front.png gfx/pokemon/gastly/front.dimensions
tools/png_dimensions gfx/pokemon/haunter/front.png gfx/pokemon/haunter/front.dimensions
tools/png_dimensions gfx/pokemon/gengar/front.png gfx/pokemon/gengar/front.dimensions
tools/png_dimensions gfx/pokemon/onix/front.png gfx/pokemon/onix/front.dimensions
tools/png_dimensions gfx/pokemon/drowzee/front.png gfx/pokemon/drowzee/front.dimensions
tools/png_dimensions gfx/pokemon/hypno/front.png gfx/pokemon/hypno/front.dimensions
tools/png_dimensions gfx/pokemon/krabby/front.png gfx/pokemon/krabby/front.dimensions
tools/png_dimensions gfx/pokemon/kingler/front.png gfx/pokemon/kingler/front.dimensions
tools/png_dimensions gfx/pokemon/voltorb/front.png gfx/pokemon/voltorb/front.dimensions
tools/png_dimensions gfx/pokemon/electrode/front.png gfx/pokemon/electrode/front.dimensions
tools/png_dimensions gfx/pokemon/exeggcute/front.png gfx/pokemon/exeggcute/front.dimensions
tools/png_dimensions gfx/pokemon/exeggutor/front.png gfx/pokemon/exeggutor/front.dimensions
tools/png_dimensions gfx/pokemon/cubone/front.png gfx/pokemon/cubone/front.dimensions
tools/png_dimensions gfx/pokemon/marowak/front.png gfx/pokemon/marowak/front.dimensions
tools/png_dimensions gfx/pokemon/hitmonlee/front.png gfx/pokemon/hitmonlee/front.dimensions
tools/png_dimensions gfx/pokemon/hitmonchan/front.png gfx/pokemon/hitmonchan/front.dimensions
tools/png_dimensions gfx/pokemon/lickitung/front.png gfx/pokemon/lickitung/front.dimensions
tools/png_dimensions gfx/pokemon/koffing/front.png gfx/pokemon/koffing/front.dimensions
tools/png_dimensions gfx/pokemon/weezing/front.png gfx/pokemon/weezing/front.dimensions
tools/png_dimensions gfx/pokemon/rhyhorn/front.png gfx/pokemon/rhyhorn/front.dimensions
tools/png_dimensions gfx/pokemon/rhydon/front.png gfx/pokemon/rhydon/front.dimensions
tools/png_dimensions gfx/pokemon/chansey/front.png gfx/pokemon/chansey/front.dimensions
tools/png_dimensions gfx/pokemon/tangela/front.png gfx/pokemon/tangela/front.dimensions
tools/png_dimensions gfx/pokemon/kangaskhan/front.png gfx/pokemon/kangaskhan/front.dimensions
tools/png_dimensions gfx/pokemon/horsea/front.png gfx/pokemon/horsea/front.dimensions
tools/png_dimensions gfx/pokemon/seadra/front.png gfx/pokemon/seadra/front.dimensions
tools/png_dimensions gfx/pokemon/goldeen/front.png gfx/pokemon/goldeen/front.dimensions
tools/png_dimensions gfx/pokemon/seaking/front.png gfx/pokemon/seaking/front.dimensions
tools/png_dimensions gfx/pokemon/staryu/front.png gfx/pokemon/staryu/front.dimensions
tools/png_dimensions gfx/pokemon/starmie/front.png gfx/pokemon/starmie/front.dimensions
tools/png_dimensions gfx/pokemon/mr__mime/front.png gfx/pokemon/mr__mime/front.dimensions
tools/png_dimensions gfx/pokemon/scyther/front.png gfx/pokemon/scyther/front.dimensions
tools/png_dimensions gfx/pokemon/jynx/front.png gfx/pokemon/jynx/front.dimensions
tools/png_dimensions gfx/pokemon/electabuzz/front.png gfx/pokemon/electabuzz/front.dimensions
tools/png_dimensions gfx/pokemon/magmar/front.png gfx/pokemon/magmar/front.dimensions
tools/png_dimensions gfx/pokemon/pinsir/front.png gfx/pokemon/pinsir/front.dimensions
tools/png_dimensions gfx/pokemon/tauros/front.png gfx/pokemon/tauros/front.dimensions
tools/png_dimensions gfx/pokemon/magikarp/front.png gfx/pokemon/magikarp/front.dimensions
tools/png_dimensions gfx/pokemon/gyarados/front.png gfx/pokemon/gyarados/front.dimensions
tools/png_dimensions gfx/pokemon/lapras/front.png gfx/pokemon/lapras/front.dimensions
tools/png_dimensions gfx/pokemon/ditto/front.png gfx/pokemon/ditto/front.dimensions
tools/png_dimensions gfx/pokemon/eevee/front.png gfx/pokemon/eevee/front.dimensions
tools/png_dimensions gfx/pokemon/vaporeon/front.png gfx/pokemon/vaporeon/front.dimensions
tools/png_dimensions gfx/pokemon/jolteon/front.png gfx/pokemon/jolteon/front.dimensions
tools/png_dimensions gfx/pokemon/flareon/front.png gfx/pokemon/flareon/front.dimensions
tools/png_dimensions gfx/pokemon/porygon/front.png gfx/pokemon/porygon/front.dimensions
tools/png_dimensions gfx/pokemon/omanyte/front.png gfx/pokemon/omanyte/front.dimensions
tools/png_dimensions gfx/pokemon/omastar/front.png gfx/pokemon/omastar/front.dimensions
tools/png_dimensions gfx/pokemon/kabuto/front.png gfx/pokemon/kabuto/front.dimensions
tools/png_dimensions gfx/pokemon/kabutops/front.png gfx/pokemon/kabutops/front.dimensions
tools/png_dimensions gfx/pokemon/aerodactyl/front.png gfx/pokemon/aerodactyl/front.dimensions
tools/png_dimensions gfx/pokemon/snorlax/front.png gfx/pokemon/snorlax/front.dimensions
tools/png_dimensions gfx/pokemon/articuno/front.png gfx/pokemon/articuno/front.dimensions
tools/png_dimensions gfx/pokemon/zapdos/front.png gfx/pokemon/zapdos/front.dimensions
tools/png_dimensions gfx/pokemon/moltres/front.png gfx/pokemon/moltres/front.dimensions
tools/png_dimensions gfx/pokemon/dratini/front.png gfx/pokemon/dratini/front.dimensions
tools/png_dimensions gfx/pokemon/dragonair/front.png gfx/pokemon/dragonair/front.dimensions
tools/png_dimensions gfx/pokemon/dragonite/front.png gfx/pokemon/dragonite/front.dimensions
tools/png_dimensions gfx/pokemon/mewtwo/front.png gfx/pokemon/mewtwo/front.dimensions
tools/png_dimensions gfx/pokemon/mew/front.png gfx/pokemon/mew/front.dimensions
tools/png_dimensions gfx/pokemon/chikorita/front.png gfx/pokemon/chikorita/front.dimensions
tools/png_dimensions gfx/pokemon/bayleef/front.png gfx/pokemon/bayleef/front.dimensions
tools/png_dimensions gfx/pokemon/meganium/front.png gfx/pokemon/meganium/front.dimensions
tools/png_dimensions gfx/pokemon/cyndaquil/front.png gfx/pokemon/cyndaquil/front.dimensions
tools/png_dimensions gfx/pokemon/quilava/front.png gfx/pokemon/quilava/front.dimensions
tools/png_dimensions gfx/pokemon/typhlosion/front.png gfx/pokemon/typhlosion/front.dimensions
tools/png_dimensions gfx/pokemon/totodile/front.png gfx/pokemon/totodile/front.dimensions
tools/png_dimensions gfx/pokemon/croconaw/front.png gfx/pokemon/croconaw/front.dimensions
tools/png_dimensions gfx/pokemon/feraligatr/front.png gfx/pokemon/feraligatr/front.dimensions
tools/png_dimensions gfx/pokemon/sentret/front.png gfx/pokemon/sentret/front.dimensions
tools/png_dimensions gfx/pokemon/furret/front.png gfx/pokemon/furret/front.dimensions
tools/png_dimensions gfx/pokemon/hoothoot/front.png gfx/pokemon/hoothoot/front.dimensions
tools/png_dimensions gfx/pokemon/noctowl/front.png gfx/pokemon/noctowl/front.dimensions
tools/png_dimensions gfx/pokemon/ledyba/front.png gfx/pokemon/ledyba/front.dimensions
tools/png_dimensions gfx/pokemon/ledian/front.png gfx/pokemon/ledian/front.dimensions
tools/png_dimensions gfx/pokemon/spinarak/front.png gfx/pokemon/spinarak/front.dimensions
tools/png_dimensions gfx/pokemon/ariados/front.png gfx/pokemon/ariados/front.dimensions
tools/png_dimensions gfx/pokemon/crobat/front.png gfx/pokemon/crobat/front.dimensions
tools/png_dimensions gfx/pokemon/chinchou/front.png gfx/pokemon/chinchou/front.dimensions
tools/png_dimensions gfx/pokemon/lanturn/front.png gfx/pokemon/lanturn/front.dimensions
tools/png_dimensions gfx/pokemon/pichu/front.png gfx/pokemon/pichu/front.dimensions
tools/png_dimensions gfx/pokemon/cleffa/front.png gfx/pokemon/cleffa/front.dimensions
tools/png_dimensions gfx/pokemon/igglybuff/front.png gfx/pokemon/igglybuff/front.dimensions
tools/png_dimensions gfx/pokemon/togepi/front.png gfx/pokemon/togepi/front.dimensions
tools/png_dimensions gfx/pokemon/togetic/front.png gfx/pokemon/togetic/front.dimensions
tools/png_dimensions gfx/pokemon/natu/front.png gfx/pokemon/natu/front.dimensions
tools/png_dimensions gfx/pokemon/xatu/front.png gfx/pokemon/xatu/front.dimensions
tools/png_dimensions gfx/pokemon/mareep/front.png gfx/pokemon/mareep/front.dimensions
tools/png_dimensions gfx/pokemon/flaaffy/front.png gfx/pokemon/flaaffy/front.dimensions
tools/png_dimensions gfx/pokemon/ampharos/front.png gfx/pokemon/ampharos/front.dimensions
tools/png_dimensions gfx/pokemon/bellossom/front.png gfx/pokemon/bellossom/front.dimensions
tools/png_dimensions gfx/pokemon/marill/front.png gfx/pokemon/marill/front.dimensions
tools/png_dimensions gfx/pokemon/azumarill/front.png gfx/pokemon/azumarill/front.dimensions
tools/png_dimensions gfx/pokemon/sudowoodo/front.png gfx/pokemon/sudowoodo/front.dimensions
tools/png_dimensions gfx/pokemon/politoed/front.png gfx/pokemon/politoed/front.dimensions
tools/png_dimensions gfx/pokemon/hoppip/front.png gfx/pokemon/hoppip/front.dimensions
tools/png_dimensions gfx/pokemon/skiploom/front.png gfx/pokemon/skiploom/front.dimensions
tools/png_dimensions gfx/pokemon/jumpluff/front.png gfx/pokemon/jumpluff/front.dimensions
tools/png_dimensions gfx/pokemon/aipom/front.png gfx/pokemon/aipom/front.dimensions
tools/png_dimensions gfx/pokemon/sunkern/front.png gfx/pokemon/sunkern/front.dimensions
tools/png_dimensions gfx/pokemon/sunflora/front.png gfx/pokemon/sunflora/front.dimensions
tools/png_dimensions gfx/pokemon/yanma/front.png gfx/pokemon/yanma/front.dimensions
tools/png_dimensions gfx/pokemon/wooper/front.png gfx/pokemon/wooper/front.dimensions
tools/png_dimensions gfx/pokemon/quagsire/front.png gfx/pokemon/quagsire/front.dimensions
tools/png_dimensions gfx/pokemon/espeon/front.png gfx/pokemon/espeon/front.dimensions
tools/png_dimensions gfx/pokemon/umbreon/front.png gfx/pokemon/umbreon/front.dimensions
tools/png_dimensions gfx/pokemon/murkrow/front.png gfx/pokemon/murkrow/front.dimensions
tools/png_dimensions gfx/pokemon/slowking/front.png gfx/pokemon/slowking/front.dimensions
tools/png_dimensions gfx/pokemon/misdreavus/front.png gfx/pokemon/misdreavus/front.dimensions
tools/png_dimensions gfx/pokemon/unown_a/front.png gfx/pokemon/unown_a/front.dimensions
tools/png_dimensions gfx/pokemon/wobbuffet/front.png gfx/pokemon/wobbuffet/front.dimensions
tools/png_dimensions gfx/pokemon/girafarig/front.png gfx/pokemon/girafarig/front.dimensions
tools/png_dimensions gfx/pokemon/pineco/front.png gfx/pokemon/pineco/front.dimensions
tools/png_dimensions gfx/pokemon/forretress/front.png gfx/pokemon/forretress/front.dimensions
tools/png_dimensions gfx/pokemon/dunsparce/front.png gfx/pokemon/dunsparce/front.dimensions
tools/png_dimensions gfx/pokemon/gligar/front.png gfx/pokemon/gligar/front.dimensions
tools/png_dimensions gfx/pokemon/steelix/front.png gfx/pokemon/steelix/front.dimensions
tools/png_dimensions gfx/pokemon/snubbull/front.png gfx/pokemon/snubbull/front.dimensions
tools/png_dimensions gfx/pokemon/granbull/front.png gfx/pokemon/granbull/front.dimensions
tools/png_dimensions gfx/pokemon/qwilfish/front.png gfx/pokemon/qwilfish/front.dimensions
tools/png_dimensions gfx/pokemon/scizor/front.png gfx/pokemon/scizor/front.dimensions
tools/png_dimensions gfx/pokemon/shuckle/front.png gfx/pokemon/shuckle/front.dimensions
tools/png_dimensions gfx/pokemon/heracross/front.png gfx/pokemon/heracross/front.dimensions
tools/png_dimensions gfx/pokemon/sneasel/front.png gfx/pokemon/sneasel/front.dimensions
tools/png_dimensions gfx/pokemon/teddiursa/front.png gfx/pokemon/teddiursa/front.dimensions
tools/png_dimensions gfx/pokemon/ursaring/front.png gfx/pokemon/ursaring/front.dimensions
tools/png_dimensions gfx/pokemon/slugma/front.png gfx/pokemon/slugma/front.dimensions
tools/png_dimensions gfx/pokemon/magcargo/front.png gfx/pokemon/magcargo/front.dimensions
tools/png_dimensions gfx/pokemon/swinub/front.png gfx/pokemon/swinub/front.dimensions
tools/png_dimensions gfx/pokemon/piloswine/front.png gfx/pokemon/piloswine/front.dimensions
tools/png_dimensions gfx/pokemon/corsola/front.png gfx/pokemon/corsola/front.dimensions
tools/png_dimensions gfx/pokemon/remoraid/front.png gfx/pokemon/remoraid/front.dimensions
tools/png_dimensions gfx/pokemon/octillery/front.png gfx/pokemon/octillery/front.dimensions
tools/png_dimensions gfx/pokemon/delibird/front.png gfx/pokemon/delibird/front.dimensions
tools/png_dimensions gfx/pokemon/mantine/front.png gfx/pokemon/mantine/front.dimensions
tools/png_dimensions gfx/pokemon/skarmory/front.png gfx/pokemon/skarmory/front.dimensions
tools/png_dimensions gfx/pokemon/houndour/front.png gfx/pokemon/houndour/front.dimensions
tools/png_dimensions gfx/pokemon/houndoom/front.png gfx/pokemon/houndoom/front.dimensions
tools/png_dimensions gfx/pokemon/kingdra/front.png gfx/pokemon/kingdra/front.dimensions
tools/png_dimensions gfx/pokemon/phanpy/front.png gfx/pokemon/phanpy/front.dimensions
tools/png_dimensions gfx/pokemon/donphan/front.png gfx/pokemon/donphan/front.dimensions
tools/png_dimensions gfx/pokemon/porygon2/front.png gfx/pokemon/porygon2/front.dimensions
tools/png_dimensions gfx/pokemon/stantler/front.png gfx/pokemon/stantler/front.dimensions
tools/png_dimensions gfx/pokemon/smeargle/front.png gfx/pokemon/smeargle/front.dimensions
tools/png_dimensions gfx/pokemon/tyrogue/front.png gfx/pokemon/tyrogue/front.dimensions
tools/png_dimensions gfx/pokemon/hitmontop/front.png gfx/pokemon/hitmontop/front.dimensions
tools/png_dimensions gfx/pokemon/smoochum/front.png gfx/pokemon/smoochum/front.dimensions
tools/png_dimensions gfx/pokemon/elekid/front.png gfx/pokemon/elekid/front.dimensions
tools/png_dimensions gfx/pokemon/magby/front.png gfx/pokemon/magby/front.dimensions
tools/png_dimensions gfx/pokemon/miltank/front.png gfx/pokemon/miltank/front.dimensions
tools/png_dimensions gfx/pokemon/blissey/front.png gfx/pokemon/blissey/front.dimensions
tools/png_dimensions gfx/pokemon/raikou/front.png gfx/pokemon/raikou/front.dimensions
tools/png_dimensions gfx/pokemon/entei/front.png gfx/pokemon/entei/front.dimensions
tools/png_dimensions gfx/pokemon/suicune/front.png gfx/pokemon/suicune/front.dimensions
tools/png_dimensions gfx/pokemon/larvitar/front.png gfx/pokemon/larvitar/front.dimensions
tools/png_dimensions gfx/pokemon/pupitar/front.png gfx/pokemon/pupitar/front.dimensions
tools/png_dimensions gfx/pokemon/tyranitar/front.png gfx/pokemon/tyranitar/front.dimensions
tools/png_dimensions gfx/pokemon/ho_oh/front.png gfx/pokemon/ho_oh/front.dimensions
tools/png_dimensions gfx/pokemon/celebi/front.png gfx/pokemon/celebi/front.dimensions
/workspace/toolchains/rgbds-1.0.4/rgbgfx --colors dmg -Weverything -o gfx/debug/up_arrow.2bpp gfx/debug/up_arrow.png
/workspace/toolchains/rgbds-1.0.4/rgbgfx --colors dmg -Weverything -o gfx/debug/color_test.2bpp gfx/debug/color_test.png
/workspace/toolchains/rgbds-1.0.4/rgbgfx --colors dmg -Weverything -o gfx/battle_anims/hit.2bpp gfx/battle_anims/hit.png
/workspace/toolchains/rgbds-1.0.4/rgbgfx --colors dmg -Weverything -o gfx/battle_anims/cut.2bpp gfx/battle_anims/cut.png
/workspace/toolchains/rgbds-1.0.4/rgbgfx --colors dmg -Weverything -o gfx/battle_anims/fire.2bpp gfx/battle_anims/fire.png
/workspace/toolchains/rgbds-1.0.4/rgbgfx --colors dmg -Weverything -o gfx/battle_anims/water.2bpp gfx/battle_anims/water.png
tools/gfx --remove-whitespace -o gfx/battle_anims/hit.2bpp gfx/battle_anims/hit.2bpp || $(rm -f gfx/battle_anims/hit.2bpp && false)
/workspace/toolchains/rgbds-1.0.4/rgbgfx --colors dmg -Weverything -o gfx/battle_anims/lightning.2bpp gfx/battle_anims/lightning.png
/workspace/toolchains/rgbds-1.0.4/rgbgfx --colors dmg -Weverything -o gfx/battle_anims/smoke.2bpp gfx/battle_anims/smoke.png
/workspace/toolchains/rgbds-1.0.4/rgbgfx --colors dmg -Weverything -o gfx/battle_anims/explosion.2bpp gfx/battle_anims/explosion.png
tools/gfx --remove-whitespace -o gfx/battle_anims/lightning.2bpp gfx/battle_anims/lightning.2bpp || $(rm -f gfx/battle_anims/lightning.2bpp && false)
tools/gfx --remove-whitespace -o gfx/battle_anims/explosion.2bpp gfx/battle_anims/explosion.2bpp || $(rm -f gfx/battle_anims/explosion.2bpp && false)
/workspace/toolchains/rgbds-1.0.4/rgbgfx --colors dmg -Weverything -o gfx/battle_anims/ice.2bpp gfx/battle_anims/ice.png
/workspace/toolchains/rgbds-1.0.4/rgbgfx --colors dmg -Weverything -o gfx/battle_anims/rocks.2bpp gfx/battle_anims/rocks.png
/workspace/toolchains/rgbds-1.0.4/rgbgfx --colors dmg -Weverything -o gfx/battle_anims/poison.2bpp gfx/battle_anims/poison.png
/workspace/toolchains/rgbds-1.0.4/rgbgfx --colors dmg -Weverything -o gfx/battle_anims/plant.2bpp gfx/battle_anims/plant.png
tools/gfx --remove-whitespace -o gfx/battle_anims/rocks.2bpp gfx/battle_anims/rocks.2bpp || $(rm -f gfx/battle_anims/rocks.2bpp && false)
/workspace/toolchains/rgbds-1.0.4/rgbgfx --colors dmg -Weverything -o gfx/battle_anims/pokeball.2bpp gfx/battle_anims/pokeball.png
/workspace/toolchains/rgbds-1.0.4/rgbgfx --colors dmg -Weverything -o gfx/battle_anims/bubble.2bpp gfx/battle_anims/bubble.png
/workspace/toolchains/rgbds-1.0.4/rgbgfx --colors dmg -Weverything -o gfx/battle_anims/noise.2bpp gfx/battle_anims/noise.png
tools/gfx --remove-xflip --keep-whitespace -o gfx/battle_anims/pokeball.2bpp gfx/battle_anims/pokeball.2bpp || $(rm -f gfx/battle_anims/pokeball.2bpp && false)
tools/gfx --trim-whitespace -o gfx/battle_anims/bubble.2bpp gfx/battle_anims/bubble.2bpp || $(rm -f gfx/battle_anims/bubble.2bpp && false)
tools/gfx --remove-whitespace -o gfx/battle_anims/noise.2bpp gfx/battle_anims/noise.2bpp || $(rm -f gfx/battle_anims/noise.2bpp && false)
/workspace/toolchains/rgbds-1.0.4/rgbgfx --colors dmg -Weverything -o gfx/battle_anims/reflect.2bpp gfx/battle_anims/reflect.png
/workspace/toolchains/rgbds-1.0.4/rgbgfx --colors dmg -Weverything -o gfx/battle_anims/powder.2bpp gfx/battle_anims/powder.png
/workspace/toolchains/rgbds-1.0.4/rgbgfx --colors dmg -Weverything -o gfx/battle_anims/beam.2bpp gfx/battle_anims/beam.png
tools/gfx --remove-whitespace -o gfx/battle_anims/reflect.2bpp gfx/battle_anims/reflect.2bpp || $(rm -f gfx/battle_anims/reflect.2bpp && false)
/workspace/toolchains/rgbds-1.0.4/rgbgfx --colors dmg -Weverything -o gfx/battle_anims/speed.2bpp gfx/battle_anims/speed.png
tools/gfx --remove-xflip --remove-yflip --remove-whitespace -o gfx/battle_anims/beam.2bpp gfx/battle_anims/beam.2bpp || $(rm -f gfx/battle_anims/beam.2bpp && false)
/workspace/toolchains/rgbds-1.0.4/rgbgfx --colors dmg -Weverything -o gfx/battle_anims/charge.2bpp gfx/battle_anims/charge.png
/workspace/toolchains/rgbds-1.0.4/rgbgfx --colors dmg -Weverything -o gfx/battle_anims/wind.2bpp gfx/battle_anims/wind.png
/workspace/toolchains/rgbds-1.0.4/rgbgfx --colors dmg -Weverything -o gfx/battle_anims/whip.2bpp gfx/battle_anims/whip.png
tools/gfx --trim-whitespace -o gfx/battle_anims/charge.2bpp gfx/battle_anims/charge.2bpp || $(rm -f gfx/battle_anims/charge.2bpp && false)
/workspace/toolchains/rgbds-1.0.4/rgbgfx --colors dmg -Weverything -o gfx/battle_anims/rope.2bpp gfx/battle_anims/rope.png
/workspace/toolchains/rgbds-1.0.4/rgbgfx --colors dmg -Weverything -o gfx/battle_anims/egg.2bpp gfx/battle_anims/egg.png
/workspace/toolchains/rgbds-1.0.4/rgbgfx --colors dmg -Weverything -o gfx/battle_anims/psychic.2bpp gfx/battle_anims/psychic.png
/workspace/toolchains/rgbds-1.0.4/rgbgfx --colors dmg -Weverything -o gfx/battle_anims/sand.2bpp gfx/battle_anims/sand.png
tools/gfx --remove-whitespace -o gfx/battle_anims/egg.2bpp gfx/battle_anims/egg.2bpp || $(rm -f gfx/battle_anims/egg.2bpp && false)
/workspace/toolchains/rgbds-1.0.4/rgbgfx --colors dmg -Weverything -o gfx/battle_anims/web.2bpp gfx/battle_anims/web.png
/workspace/toolchains/rgbds-1.0.4/rgbgfx --colors dmg -Weverything -o gfx/battle_anims/haze.2bpp gfx/battle_anims/haze.png
/workspace/toolchains/rgbds-1.0.4/rgbgfx --colors dmg -Weverything -o gfx/battle_anims/horn.2bpp gfx/battle_anims/horn.png
tools/gfx --remove-whitespace -o gfx/battle_anims/horn.2bpp gfx/battle_anims/horn.2bpp || $(rm -f gfx/battle_anims/horn.2bpp && false)
/workspace/toolchains/rgbds-1.0.4/rgbgfx --colors dmg -Weverything -o gfx/battle_anims/flower.2bpp gfx/battle_anims/flower.png
/workspace/toolchains/rgbds-1.0.4/rgbgfx --colors dmg -Weverything -o gfx/battle_anims/misc.2bpp gfx/battle_anims/misc.png
/workspace/toolchains/rgbds-1.0.4/rgbgfx --colors dmg -Weverything -o gfx/battle_anims/skyattack.2bpp gfx/battle_anims/skyattack.png
/workspace/toolchains/rgbds-1.0.4/rgbgfx --colors dmg -Weverything -o gfx/battle_anims/globe.2bpp gfx/battle_anims/globe.png
tools/gfx --remove-duplicates --remove-xflip -o gfx/battle_anims/misc.2bpp gfx/battle_anims/misc.2bpp || $(rm -f gfx/battle_anims/misc.2bpp && false)
tools/gfx --remove-whitespace -o gfx/battle_anims/skyattack.2bpp gfx/battle_anims/skyattack.2bpp || $(rm -f gfx/battle_anims/skyattack.2bpp && false)
/workspace/toolchains/rgbds-1.0.4/rgbgfx --colors dmg -Weverything -o gfx/battle_anims/shapes.2bpp gfx/battle_anims/shapes.png
/workspace/toolchains/rgbds-1.0.4/rgbgfx --colors dmg -Weverything -o gfx/battle_anims/status.2bpp gfx/battle_anims/status.png
/workspace/toolchains/rgbds-1.0.4/rgbgfx --colors dmg -Weverything -o gfx/battle_anims/objects.2bpp gfx/battle_anims/objects.png
/workspace/toolchains/rgbds-1.0.4/rgbgfx --colors dmg -Weverything -o gfx/battle_anims/shine.2bpp gfx/battle_anims/shine.png
/workspace/toolchains/rgbds-1.0.4/rgbgfx --colors dmg -Weverything -o gfx/battle_anims/angels.2bpp gfx/battle_anims/angels.png
tools/gfx --remove-whitespace -o gfx/battle_anims/status.2bpp gfx/battle_anims/status.2bpp || $(rm -f gfx/battle_anims/status.2bpp && false)
/workspace/toolchains/rgbds-1.0.4/rgbgfx --colors dmg -Weverything -o gfx/battle_anims/wave.2bpp gfx/battle_anims/wave.png
tools/gfx --remove-whitespace --remove-xflip -o gfx/battle_anims/objects.2bpp gfx/battle_anims/objects.2bpp || $(rm -f gfx/battle_anims/objects.2bpp && false)
tools/gfx --trim-whitespace -o gfx/battle_anims/angels.2bpp gfx/battle_anims/angels.2bpp || $(rm -f gfx/battle_anims/angels.2bpp && false)
/workspace/toolchains/rgbds-1.0.4/rgbgfx --colors dmg -Weverything -o gfx/battle_anims/aeroblast.2bpp gfx/battle_anims/aeroblast.png
/workspace/toolchains/rgbds-1.0.4/rgbgfx --colors dmg -Weverything -o gfx/battle_anims/peon_nature.2bpp gfx/battle_anims/peon_nature.png
/workspace/toolchains/rgbds-1.0.4/rgbgfx --colors dmg -Weverything --columns -o gfx/trainer_card/chris_card.2bpp gfx/trainer_card/chris_card.png
/workspace/toolchains/rgbds-1.0.4/rgbgfx --colors dmg -Weverything --columns -o gfx/trainer_card/kris_card.2bpp gfx/trainer_card/kris_card.png
/workspace/toolchains/rgbds-1.0.4/rgbgfx --colors dmg -Weverything -o gfx/trainer_card/trainer_card.2bpp gfx/trainer_card/trainer_card.png
/workspace/toolchains/rgbds-1.0.4/rgbgfx --colors dmg -Weverything --columns -o gfx/player/chris.2bpp gfx/player/chris.png
/workspace/toolchains/rgbds-1.0.4/rgbgfx --colors dmg -Weverything --columns -o gfx/player/kris.2bpp gfx/player/kris.png
/workspace/toolchains/rgbds-1.0.4/rgbgfx --colors dmg -Weverything --columns -o gfx/player/kris_back.2bpp gfx/player/kris_back.png
/workspace/toolchains/rgbds-1.0.4/rgbgfx --colors dmg -Weverything -o gfx/mobile/ez_chat_cursor.2bpp gfx/mobile/ez_chat_cursor.png
/workspace/toolchains/rgbds-1.0.4/rgbgfx --colors dmg -Weverything -o gfx/overworld/battle_transition_tiles.2bpp gfx/overworld/battle_transition_tiles.png
/workspace/toolchains/rgbds-1.0.4/rgbgfx --colors dmg -Weverything -o gfx/overworld/headbutt_tree.2bpp gfx/overworld/headbutt_tree.png
/workspace/toolchains/rgbds-1.0.4/rgbgfx --colors dmg -Weverything -o gfx/overworld/cut_tree.2bpp gfx/overworld/cut_tree.png
/workspace/toolchains/rgbds-1.0.4/rgbgfx --colors dmg -Weverything -o gfx/battle/expbarend.2bpp gfx/battle/expbarend.png
/workspace/toolchains/rgbds-1.0.4/rgbgfx --colors dmg -Weverything -o gfx/battle/expbarend_sgb.2bpp gfx/battle/expbarend_sgb.png
/workspace/toolchains/rgbds-1.0.4/rgbgfx --colors dmg -Weverything -o gfx/stats/mail.2bpp gfx/stats/mail.png
/workspace/toolchains/rgbds-1.0.4/rgbgfx --colors dmg -Weverything -o gfx/stats/item.2bpp gfx/stats/item.png
/workspace/toolchains/rgbds-1.0.4/rgbgfx --colors dmg -Weverything -o gfx/icons/poliwag.2bpp gfx/icons/poliwag.png
/workspace/toolchains/rgbds-1.0.4/rgbgfx --colors dmg -Weverything -o gfx/icons/jigglypuff.2bpp gfx/icons/jigglypuff.png
/workspace/toolchains/rgbds-1.0.4/rgbgfx --colors dmg -Weverything -o gfx/icons/diglett.2bpp gfx/icons/diglett.png
/workspace/toolchains/rgbds-1.0.4/rgbgfx --colors dmg -Weverything -o gfx/icons/pikachu.2bpp gfx/icons/pikachu.png
/workspace/toolchains/rgbds-1.0.4/rgbgfx --colors dmg -Weverything -o gfx/icons/staryu.2bpp gfx/icons/staryu.png
/workspace/toolchains/rgbds-1.0.4/rgbgfx --colors dmg -Weverything -o gfx/icons/fish.2bpp gfx/icons/fish.png
/workspace/toolchains/rgbds-1.0.4/rgbgfx --colors dmg -Weverything -o gfx/icons/bird.2bpp gfx/icons/bird.png
/workspace/toolchains/rgbds-1.0.4/rgbgfx --colors dmg -Weverything -o gfx/icons/monster.2bpp gfx/icons/monster.png
/workspace/toolchains/rgbds-1.0.4/rgbgfx --colors dmg -Weverything -o gfx/icons/clefairy.2bpp gfx/icons/clefairy.png
/workspace/toolchains/rgbds-1.0.4/rgbgfx --colors dmg -Weverything -o gfx/icons/oddish.2bpp gfx/icons/oddish.png
/workspace/toolchains/rgbds-1.0.4/rgbgfx --colors dmg -Weverything -o gfx/icons/bug.2bpp gfx/icons/bug.png
/workspace/toolchains/rgbds-1.0.4/rgbgfx --colors dmg -Weverything -o gfx/icons/ghost.2bpp gfx/icons/ghost.png
/workspace/toolchains/rgbds-1.0.4/rgbgfx --colors dmg -Weverything -o gfx/icons/lapras.2bpp gfx/icons/lapras.png
/workspace/toolchains/rgbds-1.0.4/rgbgfx --colors dmg -Weverything -o gfx/icons/humanshape.2bpp gfx/icons/humanshape.png
/workspace/toolchains/rgbds-1.0.4/rgbgfx --colors dmg -Weverything -o gfx/icons/fox.2bpp gfx/icons/fox.png
/workspace/toolchains/rgbds-1.0.4/rgbgfx --colors dmg -Weverything -o gfx/icons/equine.2bpp gfx/icons/equine.png
/workspace/toolchains/rgbds-1.0.4/rgbgfx --colors dmg -Weverything -o gfx/icons/shell.2bpp gfx/icons/shell.png
/workspace/toolchains/rgbds-1.0.4/rgbgfx --colors dmg -Weverything -o gfx/icons/blob.2bpp gfx/icons/blob.png
/workspace/toolchains/rgbds-1.0.4/rgbgfx --colors dmg -Weverything -o gfx/icons/serpent.2bpp gfx/icons/serpent.png
/workspace/toolchains/rgbds-1.0.4/rgbgfx --colors dmg -Weverything -o gfx/icons/voltorb.2bpp gfx/icons/voltorb.png
/workspace/toolchains/rgbds-1.0.4/rgbgfx --colors dmg -Weverything -o gfx/icons/squirtle.2bpp gfx/icons/squirtle.png
/workspace/toolchains/rgbds-1.0.4/rgbgfx --colors dmg -Weverything -o gfx/icons/bulbasaur.2bpp gfx/icons/bulbasaur.png
/workspace/toolchains/rgbds-1.0.4/rgbgfx --colors dmg -Weverything -o gfx/icons/charmander.2bpp gfx/icons/charmander.png
/workspace/toolchains/rgbds-1.0.4/rgbgfx --colors dmg -Weverything -o gfx/icons/caterpillar.2bpp gfx/icons/caterpillar.png
/workspace/toolchains/rgbds-1.0.4/rgbgfx --colors dmg -Weverything -o gfx/icons/unown.2bpp gfx/icons/unown.png
/workspace/toolchains/rgbds-1.0.4/rgbgfx --colors dmg -Weverything -o gfx/icons/geodude.2bpp gfx/icons/geodude.png
/workspace/toolchains/rgbds-1.0.4/rgbgfx --colors dmg -Weverything -o gfx/icons/fighter.2bpp gfx/icons/fighter.png
/workspace/toolchains/rgbds-1.0.4/rgbgfx --colors dmg -Weverything -o gfx/icons/egg.2bpp gfx/icons/egg.png
/workspace/toolchains/rgbds-1.0.4/rgbgfx --colors dmg -Weverything -o gfx/icons/jellyfish.2bpp gfx/icons/jellyfish.png
/workspace/toolchains/rgbds-1.0.4/rgbgfx --colors dmg -Weverything -o gfx/icons/moth.2bpp gfx/icons/moth.png
/workspace/toolchains/rgbds-1.0.4/rgbgfx --colors dmg -Weverything -o gfx/icons/bat.2bpp gfx/icons/bat.png
/workspace/toolchains/rgbds-1.0.4/rgbgfx --colors dmg -Weverything -o gfx/icons/snorlax.2bpp gfx/icons/snorlax.png
/workspace/toolchains/rgbds-1.0.4/rgbgfx --colors dmg -Weverything -o gfx/icons/ho_oh.2bpp gfx/icons/ho_oh.png
/workspace/toolchains/rgbds-1.0.4/rgbgfx --colors dmg -Weverything -o gfx/icons/lugia.2bpp gfx/icons/lugia.png
/workspace/toolchains/rgbds-1.0.4/rgbgfx --colors dmg -Weverything -o gfx/icons/gyarados.2bpp gfx/icons/gyarados.png
/workspace/toolchains/rgbds-1.0.4/rgbgfx --colors dmg -Weverything -o gfx/icons/slowpoke.2bpp gfx/icons/slowpoke.png
/workspace/toolchains/rgbds-1.0.4/rgbgfx --colors dmg -Weverything -o gfx/icons/sudowoodo.2bpp gfx/icons/sudowoodo.png
/workspace/toolchains/rgbds-1.0.4/rgbgfx --colors dmg -Weverything -o gfx/icons/bigmon.2bpp gfx/icons/bigmon.png
/workspace/toolchains/rgbds-1.0.4/rgbgfx --colors dmg -Weverything --depth 1 -o gfx/new_game/timeset_bg.1bpp gfx/new_game/timeset_bg.png
/workspace/toolchains/rgbds-1.0.4/rgbgfx --colors dmg -Weverything --depth 1 -o gfx/new_game/up_arrow.1bpp gfx/new_game/up_arrow.png
/workspace/toolchains/rgbds-1.0.4/rgbgfx --colors dmg -Weverything --depth 1 -o gfx/new_game/down_arrow.1bpp gfx/new_game/down_arrow.png
/workspace/toolchains/rgbds-1.0.4/rgbgfx --colors dmg -Weverything -o gfx/pokegear/fast_ship.2bpp gfx/pokegear/fast_ship.png
/workspace/toolchains/rgbds-1.0.4/rgbgfx --colors dmg -Weverything -o gfx/pokegear/pokegear_sprites.2bpp gfx/pokegear/pokegear_sprites.png
/workspace/toolchains/rgbds-1.0.4/rgbgfx --colors dmg -Weverything -o gfx/pokegear/dexmap_nest_icon.2bpp gfx/pokegear/dexmap_nest_icon.png
/workspace/toolchains/rgbds-1.0.4/rgbgfx --colors dmg -Weverything --depth 1 -o gfx/pokegear/flymap_label_border.1bpp gfx/pokegear/flymap_label_border.png
/workspace/toolchains/rgbds-1.0.4/rgbgfx --colors dmg -Weverything -o gfx/slots/slots_1.2bpp gfx/slots/slots_1.png
tools/gfx --trim-whitespace -o gfx/pokegear/pokegear_sprites.2bpp gfx/pokegear/pokegear_sprites.2bpp || $(rm -f gfx/pokegear/pokegear_sprites.2bpp && false)
/workspace/toolchains/rgbds-1.0.4/rgbgfx --colors dmg -Weverything -o gfx/slots/slots_2.2bpp gfx/slots/slots_2.png
tools/gfx --trim-whitespace -o gfx/slots/slots_1.2bpp gfx/slots/slots_1.2bpp || $(rm -f gfx/slots/slots_1.2bpp && false)
/workspace/toolchains/rgbds-1.0.4/rgbgfx --colors dmg -Weverything -o gfx/slots/slots_3.2bpp gfx/slots/slots_3.png
tools/gfx --interleave --png=gfx/slots/slots_2.png -o gfx/slots/slots_2.2bpp gfx/slots/slots_2.2bpp || $(rm -f gfx/slots/slots_2.2bpp && false)
tools/gfx --interleave --png=gfx/slots/slots_3.png --remove-duplicates --keep-whitespace --remove-xflip -o gfx/slots/slots_3.2bpp gfx/slots/slots_3.2bpp || $(rm -f gfx/slots/slots_3.2bpp && false)
/workspace/toolchains/rgbds-1.0.4/rgbgfx --colors dmg -Weverything -o gfx/overworld/chris_fish.2bpp gfx/overworld/chris_fish.png
/workspace/toolchains/rgbds-1.0.4/rgbgfx --colors dmg -Weverything -o gfx/overworld/kris_fish.2bpp gfx/overworld/kris_fish.png
/workspace/toolchains/rgbds-1.0.4/rgbgfx --colors dmg -Weverything --depth 1 -o gfx/mail/morph_mail_divider.1bpp gfx/mail/morph_mail_divider.png
tools/gfx --trim-whitespace -o gfx/overworld/chris_fish.2bpp gfx/overworld/chris_fish.2bpp || $(rm -f gfx/overworld/chris_fish.2bpp && false)
/workspace/toolchains/rgbds-1.0.4/rgbgfx --colors dmg -Weverything --depth 1 -o gfx/mail/grass.1bpp gfx/mail/grass.png
tools/gfx --trim-whitespace -o gfx/overworld/kris_fish.2bpp gfx/overworld/kris_fish.2bpp || $(rm -f gfx/overworld/kris_fish.2bpp && false)
/workspace/toolchains/rgbds-1.0.4/rgbgfx --colors dmg -Weverything --depth 1 -o gfx/mail/small_pokeball.1bpp gfx/mail/small_pokeball.png
/workspace/toolchains/rgbds-1.0.4/rgbgfx --colors dmg -Weverything --depth 1 -o gfx/mail/morph_mail_border.1bpp gfx/mail/morph_mail_border.png
/workspace/toolchains/rgbds-1.0.4/rgbgfx --colors dmg -Weverything --depth 1 -o gfx/mail/small_note.1bpp gfx/mail/small_note.png
/workspace/toolchains/rgbds-1.0.4/rgbgfx --colors dmg -Weverything --depth 1 -o gfx/mail/wave.1bpp gfx/mail/wave.png
/workspace/toolchains/rgbds-1.0.4/rgbgfx --colors dmg -Weverything --depth 1 -o gfx/mail/portraitmail_underline.1bpp gfx/mail/portraitmail_underline.png
/workspace/toolchains/rgbds-1.0.4/rgbgfx --colors dmg -Weverything --depth 1 -o gfx/mail/lovely_mail_underline.1bpp gfx/mail/lovely_mail_underline.png
/workspace/toolchains/rgbds-1.0.4/rgbgfx --colors dmg -Weverything --depth 1 -o gfx/mail/small_heart.1bpp gfx/mail/small_heart.png
/workspace/toolchains/rgbds-1.0.4/rgbgfx --colors dmg -Weverything --depth 1 -o gfx/mail/small_triangle.1bpp gfx/mail/small_triangle.png
/workspace/toolchains/rgbds-1.0.4/rgbgfx --colors dmg -Weverything --depth 1 -o gfx/mail/eon_mail_border_1.1bpp gfx/mail/eon_mail_border_1.png
/workspace/toolchains/rgbds-1.0.4/rgbgfx --colors dmg -Weverything --depth 1 -o gfx/mail/eon_mail_border_2.1bpp gfx/mail/eon_mail_border_2.png
/workspace/toolchains/rgbds-1.0.4/rgbgfx --colors dmg -Weverything --depth 1 -o gfx/mail/natu.1bpp gfx/mail/natu.png
/workspace/toolchains/rgbds-1.0.4/rgbgfx --colors dmg -Weverything --depth 1 -o gfx/mail/dratini.1bpp gfx/mail/dratini.png
/workspace/toolchains/rgbds-1.0.4/rgbgfx --colors dmg -Weverything --depth 1 -o gfx/mail/poliwag.1bpp gfx/mail/poliwag.png
/workspace/toolchains/rgbds-1.0.4/rgbgfx --colors dmg -Weverything --depth 1 -o gfx/mail/lapras.1bpp gfx/mail/lapras.png
/workspace/toolchains/rgbds-1.0.4/rgbgfx --colors dmg -Weverything --depth 1 -o gfx/mail/eevee.1bpp gfx/mail/eevee.png
/workspace/toolchains/rgbds-1.0.4/rgbgfx --colors dmg -Weverything --depth 1 -o gfx/mail/ditto.1bpp gfx/mail/ditto.png
/workspace/toolchains/rgbds-1.0.4/rgbgfx --colors dmg -Weverything --depth 1 -o gfx/mail/mew.1bpp gfx/mail/mew.png
/workspace/toolchains/rgbds-1.0.4/rgbgfx --colors dmg -Weverything --depth 1 -o gfx/mail/dragonite.1bpp gfx/mail/dragonite.png
/workspace/toolchains/rgbds-1.0.4/rgbgfx --colors dmg -Weverything --depth 1 -o gfx/mail/sentret.1bpp gfx/mail/sentret.png
/workspace/toolchains/rgbds-1.0.4/rgbgfx --colors dmg -Weverything --depth 1 -o gfx/mail/large_pokeball.1bpp gfx/mail/large_pokeball.png
tools/gfx --remove-whitespace --depth 1 -o gfx/mail/dragonite.1bpp gfx/mail/dragonite.1bpp || $(rm -f gfx/mail/dragonite.1bpp && false)
/workspace/toolchains/rgbds-1.0.4/rgbgfx --colors dmg -Weverything --depth 1 -o gfx/mail/oddish.1bpp gfx/mail/oddish.png
/workspace/toolchains/rgbds-1.0.4/rgbgfx --colors dmg -Weverything --depth 1 -o gfx/mail/large_triangle.1bpp gfx/mail/large_triangle.png
/workspace/toolchains/rgbds-1.0.4/rgbgfx --colors dmg -Weverything --depth 1 -o gfx/mail/large_heart.1bpp gfx/mail/large_heart.png
/workspace/toolchains/rgbds-1.0.4/rgbgfx --colors dmg -Weverything --depth 1 -o gfx/mail/morph_mail_corner.1bpp gfx/mail/morph_mail_corner.png
/workspace/toolchains/rgbds-1.0.4/rgbgfx --colors dmg -Weverything --depth 1 -o gfx/mail/large_circle.1bpp gfx/mail/large_circle.png
/workspace/toolchains/rgbds-1.0.4/rgbgfx --colors dmg -Weverything --depth 1 -o gfx/mail/flower_1.1bpp gfx/mail/flower_1.png
/workspace/toolchains/rgbds-1.0.4/rgbgfx --colors dmg -Weverything --depth 1 -o gfx/mail/flower_2.1bpp gfx/mail/flower_2.png
/workspace/toolchains/rgbds-1.0.4/rgbgfx --colors dmg -Weverything --depth 1 -o gfx/mail/large_note.1bpp gfx/mail/large_note.png
/workspace/toolchains/rgbds-1.0.4/rgbgfx --colors dmg -Weverything --depth 1 -o gfx/mail/cloud.1bpp gfx/mail/cloud.png
tools/gfx --remove-whitespace --depth 1 -o gfx/mail/large_note.1bpp gfx/mail/large_note.1bpp || $(rm -f gfx/mail/large_note.1bpp && false)
/workspace/toolchains/rgbds-1.0.4/rgbgfx --colors dmg -Weverything --depth 1 -o gfx/mail/surf_mail_border.1bpp gfx/mail/surf_mail_border.png
/workspace/toolchains/rgbds-1.0.4/rgbgfx --colors dmg -Weverything --depth 1 -o gfx/mail/flower_mail_border.1bpp gfx/mail/flower_mail_border.png
/workspace/toolchains/rgbds-1.0.4/rgbgfx --colors dmg -Weverything --depth 1 -o gfx/mail/litebluemail_border.1bpp gfx/mail/litebluemail_border.png
tools/gfx --remove-whitespace --depth 1 -o gfx/mail/surf_mail_border.1bpp gfx/mail/surf_mail_border.1bpp || $(rm -f gfx/mail/surf_mail_border.1bpp && false)
tools/gfx --remove-whitespace --depth 1 -o gfx/mail/flower_mail_border.1bpp gfx/mail/flower_mail_border.1bpp || $(rm -f gfx/mail/flower_mail_border.1bpp && false)
tools/gfx --remove-whitespace --depth 1 -o gfx/mail/litebluemail_border.1bpp gfx/mail/litebluemail_border.1bpp || $(rm -f gfx/mail/litebluemail_border.1bpp && false)
/workspace/toolchains/rgbds-1.0.4/rgbgfx --colors dmg -Weverything --depth 1 -o gfx/mail/music_mail_border.1bpp gfx/mail/music_mail_border.png
/workspace/toolchains/rgbds-1.0.4/rgbgfx --colors dmg -Weverything --depth 1 -o gfx/mail/lovely_mail_border.1bpp gfx/mail/lovely_mail_border.png
/workspace/toolchains/rgbds-1.0.4/rgbgfx --colors dmg -Weverything --depth 1 -o gfx/mail/portraitmail_border.1bpp gfx/mail/portraitmail_border.png
/workspace/toolchains/rgbds-1.0.4/rgbgfx --colors dmg -Weverything -o gfx/battle/minimize.2bpp gfx/battle/minimize.png
tools/gbcpal  gfx/pokemon/bulbasaur/normal.gbcpal gfx/pokemon/bulbasaur/front.gbcpal gfx/pokemon/bulbasaur/back.gbcpal
tools/gbcpal  gfx/pokemon/ivysaur/normal.gbcpal gfx/pokemon/ivysaur/front.gbcpal gfx/pokemon/ivysaur/back.gbcpal
tools/gbcpal  gfx/pokemon/venusaur/normal.gbcpal gfx/pokemon/venusaur/front.gbcpal gfx/pokemon/venusaur/back.gbcpal
tools/gbcpal  gfx/pokemon/charmander/normal.gbcpal gfx/pokemon/charmander/front.gbcpal gfx/pokemon/charmander/back.gbcpal
tools/gbcpal  gfx/pokemon/charmeleon/normal.gbcpal gfx/pokemon/charmeleon/front.gbcpal gfx/pokemon/charmeleon/back.gbcpal
tools/gbcpal  gfx/pokemon/charizard/normal.gbcpal gfx/pokemon/charizard/front.gbcpal gfx/pokemon/charizard/back.gbcpal
tools/gbcpal  gfx/pokemon/squirtle/normal.gbcpal gfx/pokemon/squirtle/front.gbcpal gfx/pokemon/squirtle/back.gbcpal
tools/gbcpal  gfx/pokemon/wartortle/normal.gbcpal gfx/pokemon/wartortle/front.gbcpal gfx/pokemon/wartortle/back.gbcpal
tools/gbcpal  gfx/pokemon/blastoise/normal.gbcpal gfx/pokemon/blastoise/front.gbcpal gfx/pokemon/blastoise/back.gbcpal
tools/gbcpal  gfx/pokemon/caterpie/normal.gbcpal gfx/pokemon/caterpie/front.gbcpal gfx/pokemon/caterpie/back.gbcpal
tools/gbcpal  gfx/pokemon/metapod/normal.gbcpal gfx/pokemon/metapod/front.gbcpal gfx/pokemon/metapod/back.gbcpal
tools/gbcpal  gfx/pokemon/butterfree/normal.gbcpal gfx/pokemon/butterfree/front.gbcpal gfx/pokemon/butterfree/back.gbcpal
tools/gbcpal  gfx/pokemon/weedle/normal.gbcpal gfx/pokemon/weedle/front.gbcpal gfx/pokemon/weedle/back.gbcpal
tools/gbcpal  gfx/pokemon/kakuna/normal.gbcpal gfx/pokemon/kakuna/front.gbcpal gfx/pokemon/kakuna/back.gbcpal
tools/gbcpal  gfx/pokemon/beedrill/normal.gbcpal gfx/pokemon/beedrill/front.gbcpal gfx/pokemon/beedrill/back.gbcpal
tools/gbcpal  gfx/pokemon/pidgey/normal.gbcpal gfx/pokemon/pidgey/front.gbcpal gfx/pokemon/pidgey/back.gbcpal
tools/gbcpal  gfx/pokemon/pidgeotto/normal.gbcpal gfx/pokemon/pidgeotto/front.gbcpal gfx/pokemon/pidgeotto/back.gbcpal
tools/gbcpal  gfx/pokemon/pidgeot/normal.gbcpal gfx/pokemon/pidgeot/front.gbcpal gfx/pokemon/pidgeot/back.gbcpal
tools/gbcpal  gfx/pokemon/rattata/normal.gbcpal gfx/pokemon/rattata/front.gbcpal gfx/pokemon/rattata/back.gbcpal
tools/gbcpal  gfx/pokemon/raticate/normal.gbcpal gfx/pokemon/raticate/front.gbcpal gfx/pokemon/raticate/back.gbcpal
tools/gbcpal --reverse gfx/pokemon/spearow/normal.gbcpal gfx/pokemon/spearow/front.gbcpal gfx/pokemon/spearow/back.gbcpal
tools/gbcpal --reverse gfx/pokemon/fearow/normal.gbcpal gfx/pokemon/fearow/front.gbcpal gfx/pokemon/fearow/back.gbcpal
tools/gbcpal  gfx/pokemon/ekans/normal.gbcpal gfx/pokemon/ekans/front.gbcpal gfx/pokemon/ekans/back.gbcpal
tools/gbcpal  gfx/pokemon/arbok/normal.gbcpal gfx/pokemon/arbok/front.gbcpal gfx/pokemon/arbok/back.gbcpal
tools/gbcpal  gfx/pokemon/pikachu/normal.gbcpal gfx/pokemon/pikachu/front.gbcpal gfx/pokemon/pikachu/back.gbcpal
tools/gbcpal  gfx/pokemon/raichu/normal.gbcpal gfx/pokemon/raichu/front.gbcpal gfx/pokemon/raichu/back.gbcpal
tools/gbcpal  gfx/pokemon/sandshrew/normal.gbcpal gfx/pokemon/sandshrew/front.gbcpal gfx/pokemon/sandshrew/back.gbcpal
tools/gbcpal  gfx/pokemon/sandslash/normal.gbcpal gfx/pokemon/sandslash/front.gbcpal gfx/pokemon/sandslash/back.gbcpal
tools/gbcpal  gfx/pokemon/nidoran_f/normal.gbcpal gfx/pokemon/nidoran_f/front.gbcpal gfx/pokemon/nidoran_f/back.gbcpal
tools/gbcpal  gfx/pokemon/nidorina/normal.gbcpal gfx/pokemon/nidorina/front.gbcpal gfx/pokemon/nidorina/back.gbcpal
tools/gbcpal  gfx/pokemon/nidoqueen/normal.gbcpal gfx/pokemon/nidoqueen/front.gbcpal gfx/pokemon/nidoqueen/back.gbcpal
tools/gbcpal  gfx/pokemon/nidoran_m/normal.gbcpal gfx/pokemon/nidoran_m/front.gbcpal gfx/pokemon/nidoran_m/back.gbcpal
tools/gbcpal  gfx/pokemon/nidorino/normal.gbcpal gfx/pokemon/nidorino/front.gbcpal gfx/pokemon/nidorino/back.gbcpal
tools/gbcpal  gfx/pokemon/nidoking/normal.gbcpal gfx/pokemon/nidoking/front.gbcpal gfx/pokemon/nidoking/back.gbcpal
tools/gbcpal  gfx/pokemon/clefairy/normal.gbcpal gfx/pokemon/clefairy/front.gbcpal gfx/pokemon/clefairy/back.gbcpal
tools/gbcpal  gfx/pokemon/clefable/normal.gbcpal gfx/pokemon/clefable/front.gbcpal gfx/pokemon/clefable/back.gbcpal
tools/gbcpal  gfx/pokemon/vulpix/normal.gbcpal gfx/pokemon/vulpix/front.gbcpal gfx/pokemon/vulpix/back.gbcpal
tools/gbcpal  gfx/pokemon/ninetales/normal.gbcpal gfx/pokemon/ninetales/front.gbcpal gfx/pokemon/ninetales/back.gbcpal
tools/gbcpal  gfx/pokemon/jigglypuff/normal.gbcpal gfx/pokemon/jigglypuff/front.gbcpal gfx/pokemon/jigglypuff/back.gbcpal
tools/gbcpal  gfx/pokemon/wigglytuff/normal.gbcpal gfx/pokemon/wigglytuff/front.gbcpal gfx/pokemon/wigglytuff/back.gbcpal
tools/gbcpal  gfx/pokemon/zubat/normal.gbcpal gfx/pokemon/zubat/front.gbcpal gfx/pokemon/zubat/back.gbcpal
tools/gbcpal  gfx/pokemon/golbat/normal.gbcpal gfx/pokemon/golbat/front.gbcpal gfx/pokemon/golbat/back.gbcpal
tools/gbcpal  gfx/pokemon/oddish/normal.gbcpal gfx/pokemon/oddish/front.gbcpal gfx/pokemon/oddish/back.gbcpal
tools/gbcpal  gfx/pokemon/gloom/normal.gbcpal gfx/pokemon/gloom/front.gbcpal gfx/pokemon/gloom/back.gbcpal
tools/gbcpal  gfx/pokemon/vileplume/normal.gbcpal gfx/pokemon/vileplume/front.gbcpal gfx/pokemon/vileplume/back.gbcpal
tools/gbcpal  gfx/pokemon/paras/normal.gbcpal gfx/pokemon/paras/front.gbcpal gfx/pokemon/paras/back.gbcpal
tools/gbcpal  gfx/pokemon/parasect/normal.gbcpal gfx/pokemon/parasect/front.gbcpal gfx/pokemon/parasect/back.gbcpal
tools/gbcpal  gfx/pokemon/venonat/normal.gbcpal gfx/pokemon/venonat/front.gbcpal gfx/pokemon/venonat/back.gbcpal
tools/gbcpal  gfx/pokemon/venomoth/normal.gbcpal gfx/pokemon/venomoth/front.gbcpal gfx/pokemon/venomoth/back.gbcpal
tools/gbcpal  gfx/pokemon/diglett/normal.gbcpal gfx/pokemon/diglett/front.gbcpal gfx/pokemon/diglett/back.gbcpal
tools/gbcpal  gfx/pokemon/dugtrio/normal.gbcpal gfx/pokemon/dugtrio/front.gbcpal gfx/pokemon/dugtrio/back.gbcpal
tools/gbcpal  gfx/pokemon/meowth/normal.gbcpal gfx/pokemon/meowth/front.gbcpal gfx/pokemon/meowth/back.gbcpal
tools/gbcpal  gfx/pokemon/persian/normal.gbcpal gfx/pokemon/persian/front.gbcpal gfx/pokemon/persian/back.gbcpal
tools/gbcpal  gfx/pokemon/psyduck/normal.gbcpal gfx/pokemon/psyduck/front.gbcpal gfx/pokemon/psyduck/back.gbcpal
tools/gbcpal  gfx/pokemon/golduck/normal.gbcpal gfx/pokemon/golduck/front.gbcpal gfx/pokemon/golduck/back.gbcpal
tools/gbcpal  gfx/pokemon/mankey/normal.gbcpal gfx/pokemon/mankey/front.gbcpal gfx/pokemon/mankey/back.gbcpal
tools/gbcpal  gfx/pokemon/primeape/normal.gbcpal gfx/pokemon/primeape/front.gbcpal gfx/pokemon/primeape/back.gbcpal
tools/gbcpal  gfx/pokemon/growlithe/normal.gbcpal gfx/pokemon/growlithe/front.gbcpal gfx/pokemon/growlithe/back.gbcpal
tools/gbcpal  gfx/pokemon/arcanine/normal.gbcpal gfx/pokemon/arcanine/front.gbcpal gfx/pokemon/arcanine/back.gbcpal
tools/gbcpal  gfx/pokemon/poliwag/normal.gbcpal gfx/pokemon/poliwag/front.gbcpal gfx/pokemon/poliwag/back.gbcpal
tools/gbcpal  gfx/pokemon/poliwhirl/normal.gbcpal gfx/pokemon/poliwhirl/front.gbcpal gfx/pokemon/poliwhirl/back.gbcpal
tools/gbcpal  gfx/pokemon/poliwrath/normal.gbcpal gfx/pokemon/poliwrath/front.gbcpal gfx/pokemon/poliwrath/back.gbcpal
tools/gbcpal  gfx/pokemon/abra/normal.gbcpal gfx/pokemon/abra/front.gbcpal gfx/pokemon/abra/back.gbcpal
tools/gbcpal  gfx/pokemon/kadabra/normal.gbcpal gfx/pokemon/kadabra/front.gbcpal gfx/pokemon/kadabra/back.gbcpal
tools/gbcpal  gfx/pokemon/alakazam/normal.gbcpal gfx/pokemon/alakazam/front.gbcpal gfx/pokemon/alakazam/back.gbcpal
/workspace/toolchains/rgbds-1.0.4/rgbgfx -Weverything --colors gbc:gfx/pokemon/machop/normal.gbcpal -o gfx/pokemon/machop/front.2bpp gfx/pokemon/machop/front.png
tools/gbcpal  gfx/pokemon/machoke/normal.gbcpal gfx/pokemon/machoke/front.gbcpal gfx/pokemon/machoke/back.gbcpal
tools/gbcpal  gfx/pokemon/machamp/normal.gbcpal gfx/pokemon/machamp/front.gbcpal gfx/pokemon/machamp/back.gbcpal
tools/gbcpal  gfx/pokemon/bellsprout/normal.gbcpal gfx/pokemon/bellsprout/front.gbcpal gfx/pokemon/bellsprout/back.gbcpal
tools/gbcpal  gfx/pokemon/weepinbell/normal.gbcpal gfx/pokemon/weepinbell/front.gbcpal gfx/pokemon/weepinbell/back.gbcpal
tools/gbcpal  gfx/pokemon/victreebel/normal.gbcpal gfx/pokemon/victreebel/front.gbcpal gfx/pokemon/victreebel/back.gbcpal
tools/gbcpal  gfx/pokemon/tentacool/normal.gbcpal gfx/pokemon/tentacool/front.gbcpal gfx/pokemon/tentacool/back.gbcpal
tools/gbcpal  gfx/pokemon/tentacruel/normal.gbcpal gfx/pokemon/tentacruel/front.gbcpal gfx/pokemon/tentacruel/back.gbcpal
tools/gbcpal  gfx/pokemon/geodude/normal.gbcpal gfx/pokemon/geodude/front.gbcpal gfx/pokemon/geodude/back.gbcpal
tools/gbcpal  gfx/pokemon/graveler/normal.gbcpal gfx/pokemon/graveler/front.gbcpal gfx/pokemon/graveler/back.gbcpal
tools/gbcpal  gfx/pokemon/golem/normal.gbcpal gfx/pokemon/golem/front.gbcpal gfx/pokemon/golem/back.gbcpal
tools/gbcpal  gfx/pokemon/ponyta/normal.gbcpal gfx/pokemon/ponyta/front.gbcpal gfx/pokemon/ponyta/back.gbcpal
tools/gbcpal  gfx/pokemon/rapidash/normal.gbcpal gfx/pokemon/rapidash/front.gbcpal gfx/pokemon/rapidash/back.gbcpal
tools/gbcpal  gfx/pokemon/slowpoke/normal.gbcpal gfx/pokemon/slowpoke/front.gbcpal gfx/pokemon/slowpoke/back.gbcpal
tools/gbcpal  gfx/pokemon/slowbro/normal.gbcpal gfx/pokemon/slowbro/front.gbcpal gfx/pokemon/slowbro/back.gbcpal
tools/gbcpal  gfx/pokemon/magnemite/normal.gbcpal gfx/pokemon/magnemite/front.gbcpal gfx/pokemon/magnemite/back.gbcpal
tools/gbcpal  gfx/pokemon/magneton/normal.gbcpal gfx/pokemon/magneton/front.gbcpal gfx/pokemon/magneton/back.gbcpal
tools/gbcpal --reverse gfx/pokemon/farfetch_d/normal.gbcpal gfx/pokemon/farfetch_d/front.gbcpal gfx/pokemon/farfetch_d/back.gbcpal
tools/gbcpal  gfx/pokemon/doduo/normal.gbcpal gfx/pokemon/doduo/front.gbcpal gfx/pokemon/doduo/back.gbcpal
tools/gbcpal  gfx/pokemon/dodrio/normal.gbcpal gfx/pokemon/dodrio/front.gbcpal gfx/pokemon/dodrio/back.gbcpal
tools/gbcpal  gfx/pokemon/seel/normal.gbcpal gfx/pokemon/seel/front.gbcpal gfx/pokemon/seel/back.gbcpal
/workspace/toolchains/rgbds-1.0.4/rgbgfx -Weverything --colors gbc:gfx/pokemon/dewgong/normal.gbcpal -o gfx/pokemon/dewgong/front.2bpp gfx/pokemon/dewgong/front.png
tools/gbcpal  gfx/pokemon/grimer/normal.gbcpal gfx/pokemon/grimer/front.gbcpal gfx/pokemon/grimer/back.gbcpal
tools/gbcpal  gfx/pokemon/muk/normal.gbcpal gfx/pokemon/muk/front.gbcpal gfx/pokemon/muk/back.gbcpal
tools/gbcpal  gfx/pokemon/shellder/normal.gbcpal gfx/pokemon/shellder/front.gbcpal gfx/pokemon/shellder/back.gbcpal
tools/gbcpal  gfx/pokemon/cloyster/normal.gbcpal gfx/pokemon/cloyster/front.gbcpal gfx/pokemon/cloyster/back.gbcpal
tools/gbcpal  gfx/pokemon/gastly/normal.gbcpal gfx/pokemon/gastly/front.gbcpal gfx/pokemon/gastly/back.gbcpal
tools/gbcpal  gfx/pokemon/haunter/normal.gbcpal gfx/pokemon/haunter/front.gbcpal gfx/pokemon/haunter/back.gbcpal
tools/gbcpal  gfx/pokemon/gengar/normal.gbcpal gfx/pokemon/gengar/front.gbcpal gfx/pokemon/gengar/back.gbcpal
tools/gbcpal  gfx/pokemon/onix/normal.gbcpal gfx/pokemon/onix/front.gbcpal gfx/pokemon/onix/back.gbcpal
tools/gbcpal  gfx/pokemon/drowzee/normal.gbcpal gfx/pokemon/drowzee/front.gbcpal gfx/pokemon/drowzee/back.gbcpal
tools/gbcpal  gfx/pokemon/hypno/normal.gbcpal gfx/pokemon/hypno/front.gbcpal gfx/pokemon/hypno/back.gbcpal
tools/gbcpal  gfx/pokemon/krabby/normal.gbcpal gfx/pokemon/krabby/front.gbcpal gfx/pokemon/krabby/back.gbcpal
tools/gbcpal  gfx/pokemon/kingler/normal.gbcpal gfx/pokemon/kingler/front.gbcpal gfx/pokemon/kingler/back.gbcpal
tools/gbcpal  gfx/pokemon/voltorb/normal.gbcpal gfx/pokemon/voltorb/front.gbcpal gfx/pokemon/voltorb/back.gbcpal
tools/gbcpal  gfx/pokemon/electrode/normal.gbcpal gfx/pokemon/electrode/front.gbcpal gfx/pokemon/electrode/back.gbcpal
tools/gbcpal  gfx/pokemon/exeggcute/normal.gbcpal gfx/pokemon/exeggcute/front.gbcpal gfx/pokemon/exeggcute/back.gbcpal
tools/gbcpal  gfx/pokemon/exeggutor/normal.gbcpal gfx/pokemon/exeggutor/front.gbcpal gfx/pokemon/exeggutor/back.gbcpal
tools/gbcpal  gfx/pokemon/cubone/normal.gbcpal gfx/pokemon/cubone/front.gbcpal gfx/pokemon/cubone/back.gbcpal
tools/gbcpal  gfx/pokemon/marowak/normal.gbcpal gfx/pokemon/marowak/front.gbcpal gfx/pokemon/marowak/back.gbcpal
tools/gbcpal --reverse gfx/pokemon/hitmonlee/normal.gbcpal gfx/pokemon/hitmonlee/front.gbcpal gfx/pokemon/hitmonlee/back.gbcpal
tools/gbcpal  gfx/pokemon/hitmonchan/normal.gbcpal gfx/pokemon/hitmonchan/front.gbcpal gfx/pokemon/hitmonchan/back.gbcpal
tools/gbcpal  gfx/pokemon/lickitung/normal.gbcpal gfx/pokemon/lickitung/front.gbcpal gfx/pokemon/lickitung/back.gbcpal
tools/gbcpal  gfx/pokemon/koffing/normal.gbcpal gfx/pokemon/koffing/front.gbcpal gfx/pokemon/koffing/back.gbcpal
tools/gbcpal  gfx/pokemon/weezing/normal.gbcpal gfx/pokemon/weezing/front.gbcpal gfx/pokemon/weezing/back.gbcpal
tools/gbcpal  gfx/pokemon/rhyhorn/normal.gbcpal gfx/pokemon/rhyhorn/front.gbcpal gfx/pokemon/rhyhorn/back.gbcpal
tools/gbcpal  gfx/pokemon/rhydon/normal.gbcpal gfx/pokemon/rhydon/front.gbcpal gfx/pokemon/rhydon/back.gbcpal
tools/gbcpal  gfx/pokemon/chansey/normal.gbcpal gfx/pokemon/chansey/front.gbcpal gfx/pokemon/chansey/back.gbcpal
tools/gbcpal  gfx/pokemon/tangela/normal.gbcpal gfx/pokemon/tangela/front.gbcpal gfx/pokemon/tangela/back.gbcpal
tools/gbcpal  gfx/pokemon/kangaskhan/normal.gbcpal gfx/pokemon/kangaskhan/front.gbcpal gfx/pokemon/kangaskhan/back.gbcpal
tools/gbcpal  gfx/pokemon/horsea/normal.gbcpal gfx/pokemon/horsea/front.gbcpal gfx/pokemon/horsea/back.gbcpal
tools/gbcpal  gfx/pokemon/seadra/normal.gbcpal gfx/pokemon/seadra/front.gbcpal gfx/pokemon/seadra/back.gbcpal
tools/gbcpal  gfx/pokemon/goldeen/normal.gbcpal gfx/pokemon/goldeen/front.gbcpal gfx/pokemon/goldeen/back.gbcpal
tools/gbcpal  gfx/pokemon/seaking/normal.gbcpal gfx/pokemon/seaking/front.gbcpal gfx/pokemon/seaking/back.gbcpal
tools/gbcpal  gfx/pokemon/staryu/normal.gbcpal gfx/pokemon/staryu/front.gbcpal gfx/pokemon/staryu/back.gbcpal
tools/gbcpal  gfx/pokemon/starmie/normal.gbcpal gfx/pokemon/starmie/front.gbcpal gfx/pokemon/starmie/back.gbcpal
tools/gbcpal  gfx/pokemon/mr__mime/normal.gbcpal gfx/pokemon/mr__mime/front.gbcpal gfx/pokemon/mr__mime/back.gbcpal
tools/gbcpal --reverse gfx/pokemon/scyther/normal.gbcpal gfx/pokemon/scyther/front.gbcpal gfx/pokemon/scyther/back.gbcpal
tools/gbcpal --reverse gfx/pokemon/jynx/normal.gbcpal gfx/pokemon/jynx/front.gbcpal gfx/pokemon/jynx/back.gbcpal
tools/gbcpal  gfx/pokemon/electabuzz/normal.gbcpal gfx/pokemon/electabuzz/front.gbcpal gfx/pokemon/electabuzz/back.gbcpal
tools/gbcpal  gfx/pokemon/magmar/normal.gbcpal gfx/pokemon/magmar/front.gbcpal gfx/pokemon/magmar/back.gbcpal
tools/gbcpal  gfx/pokemon/pinsir/normal.gbcpal gfx/pokemon/pinsir/front.gbcpal gfx/pokemon/pinsir/back.gbcpal
tools/gbcpal  gfx/pokemon/tauros/normal.gbcpal gfx/pokemon/tauros/front.gbcpal gfx/pokemon/tauros/back.gbcpal
tools/gbcpal  gfx/pokemon/magikarp/normal.gbcpal gfx/pokemon/magikarp/front.gbcpal gfx/pokemon/magikarp/back.gbcpal
tools/gbcpal  gfx/pokemon/gyarados/normal.gbcpal gfx/pokemon/gyarados/front.gbcpal gfx/pokemon/gyarados/back.gbcpal
tools/gbcpal  gfx/pokemon/lapras/normal.gbcpal gfx/pokemon/lapras/front.gbcpal gfx/pokemon/lapras/back.gbcpal
tools/gbcpal  gfx/pokemon/ditto/normal.gbcpal gfx/pokemon/ditto/front.gbcpal gfx/pokemon/ditto/back.gbcpal
tools/gbcpal  gfx/pokemon/eevee/normal.gbcpal gfx/pokemon/eevee/front.gbcpal gfx/pokemon/eevee/back.gbcpal
tools/gbcpal  gfx/pokemon/vaporeon/normal.gbcpal gfx/pokemon/vaporeon/front.gbcpal gfx/pokemon/vaporeon/back.gbcpal
tools/gbcpal  gfx/pokemon/jolteon/normal.gbcpal gfx/pokemon/jolteon/front.gbcpal gfx/pokemon/jolteon/back.gbcpal
tools/gbcpal  gfx/pokemon/flareon/normal.gbcpal gfx/pokemon/flareon/front.gbcpal gfx/pokemon/flareon/back.gbcpal
tools/gbcpal --reverse gfx/pokemon/porygon/normal.gbcpal gfx/pokemon/porygon/front.gbcpal gfx/pokemon/porygon/back.gbcpal
tools/gbcpal  gfx/pokemon/omanyte/normal.gbcpal gfx/pokemon/omanyte/front.gbcpal gfx/pokemon/omanyte/back.gbcpal
tools/gbcpal  gfx/pokemon/omastar/normal.gbcpal gfx/pokemon/omastar/front.gbcpal gfx/pokemon/omastar/back.gbcpal
tools/gbcpal  gfx/pokemon/kabuto/normal.gbcpal gfx/pokemon/kabuto/front.gbcpal gfx/pokemon/kabuto/back.gbcpal
tools/gbcpal  gfx/pokemon/kabutops/normal.gbcpal gfx/pokemon/kabutops/front.gbcpal gfx/pokemon/kabutops/back.gbcpal
tools/gbcpal  gfx/pokemon/aerodactyl/normal.gbcpal gfx/pokemon/aerodactyl/front.gbcpal gfx/pokemon/aerodactyl/back.gbcpal
tools/gbcpal  gfx/pokemon/snorlax/normal.gbcpal gfx/pokemon/snorlax/front.gbcpal gfx/pokemon/snorlax/back.gbcpal
tools/gbcpal  gfx/pokemon/articuno/normal.gbcpal gfx/pokemon/articuno/front.gbcpal gfx/pokemon/articuno/back.gbcpal
tools/gbcpal  gfx/pokemon/zapdos/normal.gbcpal gfx/pokemon/zapdos/front.gbcpal gfx/pokemon/zapdos/back.gbcpal
tools/gbcpal  gfx/pokemon/moltres/normal.gbcpal gfx/pokemon/moltres/front.gbcpal gfx/pokemon/moltres/back.gbcpal
tools/gbcpal  gfx/pokemon/dratini/normal.gbcpal gfx/pokemon/dratini/front.gbcpal gfx/pokemon/dratini/back.gbcpal
tools/gbcpal  gfx/pokemon/dragonair/normal.gbcpal gfx/pokemon/dragonair/front.gbcpal gfx/pokemon/dragonair/back.gbcpal
tools/gbcpal  gfx/pokemon/dragonite/normal.gbcpal gfx/pokemon/dragonite/front.gbcpal gfx/pokemon/dragonite/back.gbcpal
tools/gbcpal  gfx/pokemon/mewtwo/normal.gbcpal gfx/pokemon/mewtwo/front.gbcpal gfx/pokemon/mewtwo/back.gbcpal
tools/gbcpal  gfx/pokemon/mew/normal.gbcpal gfx/pokemon/mew/front.gbcpal gfx/pokemon/mew/back.gbcpal
tools/gbcpal  gfx/pokemon/chikorita/normal.gbcpal gfx/pokemon/chikorita/front.gbcpal gfx/pokemon/chikorita/back.gbcpal
tools/gbcpal  gfx/pokemon/bayleef/normal.gbcpal gfx/pokemon/bayleef/front.gbcpal gfx/pokemon/bayleef/back.gbcpal
tools/gbcpal  gfx/pokemon/meganium/normal.gbcpal gfx/pokemon/meganium/front.gbcpal gfx/pokemon/meganium/back.gbcpal
tools/gbcpal  gfx/pokemon/cyndaquil/normal.gbcpal gfx/pokemon/cyndaquil/front.gbcpal gfx/pokemon/cyndaquil/back.gbcpal
tools/gbcpal  gfx/pokemon/quilava/normal.gbcpal gfx/pokemon/quilava/front.gbcpal gfx/pokemon/quilava/back.gbcpal
tools/gbcpal  gfx/pokemon/typhlosion/normal.gbcpal gfx/pokemon/typhlosion/front.gbcpal gfx/pokemon/typhlosion/back.gbcpal
tools/gbcpal  gfx/pokemon/totodile/normal.gbcpal gfx/pokemon/totodile/front.gbcpal gfx/pokemon/totodile/back.gbcpal
tools/gbcpal  gfx/pokemon/croconaw/normal.gbcpal gfx/pokemon/croconaw/front.gbcpal gfx/pokemon/croconaw/back.gbcpal
tools/gbcpal  gfx/pokemon/feraligatr/normal.gbcpal gfx/pokemon/feraligatr/front.gbcpal gfx/pokemon/feraligatr/back.gbcpal
tools/gbcpal  gfx/pokemon/sentret/normal.gbcpal gfx/pokemon/sentret/front.gbcpal gfx/pokemon/sentret/back.gbcpal
tools/gbcpal  gfx/pokemon/furret/normal.gbcpal gfx/pokemon/furret/front.gbcpal gfx/pokemon/furret/back.gbcpal
tools/gbcpal  gfx/pokemon/hoothoot/normal.gbcpal gfx/pokemon/hoothoot/front.gbcpal gfx/pokemon/hoothoot/back.gbcpal
tools/gbcpal  gfx/pokemon/noctowl/normal.gbcpal gfx/pokemon/noctowl/front.gbcpal gfx/pokemon/noctowl/back.gbcpal
tools/gbcpal  gfx/pokemon/ledyba/normal.gbcpal gfx/pokemon/ledyba/front.gbcpal gfx/pokemon/ledyba/back.gbcpal
tools/gbcpal  gfx/pokemon/ledian/normal.gbcpal gfx/pokemon/ledian/front.gbcpal gfx/pokemon/ledian/back.gbcpal
tools/gbcpal  gfx/pokemon/spinarak/normal.gbcpal gfx/pokemon/spinarak/front.gbcpal gfx/pokemon/spinarak/back.gbcpal
tools/gbcpal  gfx/pokemon/ariados/normal.gbcpal gfx/pokemon/ariados/front.gbcpal gfx/pokemon/ariados/back.gbcpal
tools/gbcpal  gfx/pokemon/crobat/normal.gbcpal gfx/pokemon/crobat/front.gbcpal gfx/pokemon/crobat/back.gbcpal
tools/gbcpal  gfx/pokemon/chinchou/normal.gbcpal gfx/pokemon/chinchou/front.gbcpal gfx/pokemon/chinchou/back.gbcpal
tools/gbcpal  gfx/pokemon/lanturn/normal.gbcpal gfx/pokemon/lanturn/front.gbcpal gfx/pokemon/lanturn/back.gbcpal
tools/gbcpal  gfx/pokemon/pichu/normal.gbcpal gfx/pokemon/pichu/front.gbcpal gfx/pokemon/pichu/back.gbcpal
tools/gbcpal  gfx/pokemon/cleffa/normal.gbcpal gfx/pokemon/cleffa/front.gbcpal gfx/pokemon/cleffa/back.gbcpal
tools/gbcpal  gfx/pokemon/igglybuff/normal.gbcpal gfx/pokemon/igglybuff/front.gbcpal gfx/pokemon/igglybuff/back.gbcpal
tools/gbcpal  gfx/pokemon/togepi/normal.gbcpal gfx/pokemon/togepi/front.gbcpal gfx/pokemon/togepi/back.gbcpal
tools/gbcpal  gfx/pokemon/togetic/normal.gbcpal gfx/pokemon/togetic/front.gbcpal gfx/pokemon/togetic/back.gbcpal
tools/gbcpal  gfx/pokemon/natu/normal.gbcpal gfx/pokemon/natu/front.gbcpal gfx/pokemon/natu/back.gbcpal
tools/gbcpal  gfx/pokemon/xatu/normal.gbcpal gfx/pokemon/xatu/front.gbcpal gfx/pokemon/xatu/back.gbcpal
tools/gbcpal  gfx/pokemon/mareep/normal.gbcpal gfx/pokemon/mareep/front.gbcpal gfx/pokemon/mareep/back.gbcpal
tools/gbcpal  gfx/pokemon/flaaffy/normal.gbcpal gfx/pokemon/flaaffy/front.gbcpal gfx/pokemon/flaaffy/back.gbcpal
tools/gbcpal  gfx/pokemon/ampharos/normal.gbcpal gfx/pokemon/ampharos/front.gbcpal gfx/pokemon/ampharos/back.gbcpal
tools/gbcpal  gfx/pokemon/bellossom/normal.gbcpal gfx/pokemon/bellossom/front.gbcpal gfx/pokemon/bellossom/back.gbcpal
tools/gbcpal  gfx/pokemon/marill/normal.gbcpal gfx/pokemon/marill/front.gbcpal gfx/pokemon/marill/back.gbcpal
tools/gbcpal  gfx/pokemon/azumarill/normal.gbcpal gfx/pokemon/azumarill/front.gbcpal gfx/pokemon/azumarill/back.gbcpal
tools/gbcpal  gfx/pokemon/sudowoodo/normal.gbcpal gfx/pokemon/sudowoodo/front.gbcpal gfx/pokemon/sudowoodo/back.gbcpal
tools/gbcpal  gfx/pokemon/politoed/normal.gbcpal gfx/pokemon/politoed/front.gbcpal gfx/pokemon/politoed/back.gbcpal
tools/gbcpal  gfx/pokemon/hoppip/normal.gbcpal gfx/pokemon/hoppip/front.gbcpal gfx/pokemon/hoppip/back.gbcpal
tools/gbcpal  gfx/pokemon/skiploom/normal.gbcpal gfx/pokemon/skiploom/front.gbcpal gfx/pokemon/skiploom/back.gbcpal
tools/gbcpal  gfx/pokemon/jumpluff/normal.gbcpal gfx/pokemon/jumpluff/front.gbcpal gfx/pokemon/jumpluff/back.gbcpal
tools/gbcpal  gfx/pokemon/aipom/normal.gbcpal gfx/pokemon/aipom/front.gbcpal gfx/pokemon/aipom/back.gbcpal
tools/gbcpal  gfx/pokemon/sunkern/normal.gbcpal gfx/pokemon/sunkern/front.gbcpal gfx/pokemon/sunkern/back.gbcpal
tools/gbcpal  gfx/pokemon/sunflora/normal.gbcpal gfx/pokemon/sunflora/front.gbcpal gfx/pokemon/sunflora/back.gbcpal
tools/gbcpal  gfx/pokemon/yanma/normal.gbcpal gfx/pokemon/yanma/front.gbcpal gfx/pokemon/yanma/back.gbcpal
tools/gbcpal  gfx/pokemon/wooper/normal.gbcpal gfx/pokemon/wooper/front.gbcpal gfx/pokemon/wooper/back.gbcpal
tools/gbcpal  gfx/pokemon/quagsire/normal.gbcpal gfx/pokemon/quagsire/front.gbcpal gfx/pokemon/quagsire/back.gbcpal
tools/gbcpal  gfx/pokemon/espeon/normal.gbcpal gfx/pokemon/espeon/front.gbcpal gfx/pokemon/espeon/back.gbcpal
tools/gbcpal  gfx/pokemon/umbreon/normal.gbcpal gfx/pokemon/umbreon/front.gbcpal gfx/pokemon/umbreon/back.gbcpal
tools/gbcpal  gfx/pokemon/murkrow/normal.gbcpal gfx/pokemon/murkrow/front.gbcpal gfx/pokemon/murkrow/back.gbcpal
tools/gbcpal  gfx/pokemon/slowking/normal.gbcpal gfx/pokemon/slowking/front.gbcpal gfx/pokemon/slowking/back.gbcpal
tools/gbcpal  gfx/pokemon/misdreavus/normal.gbcpal gfx/pokemon/misdreavus/front.gbcpal gfx/pokemon/misdreavus/back.gbcpal
tools/gbcpal  gfx/pokemon/wobbuffet/normal.gbcpal gfx/pokemon/wobbuffet/front.gbcpal gfx/pokemon/wobbuffet/back.gbcpal
tools/gbcpal  gfx/pokemon/girafarig/normal.gbcpal gfx/pokemon/girafarig/front.gbcpal gfx/pokemon/girafarig/back.gbcpal
tools/gbcpal  gfx/pokemon/pineco/normal.gbcpal gfx/pokemon/pineco/front.gbcpal gfx/pokemon/pineco/back.gbcpal
tools/gbcpal  gfx/pokemon/forretress/normal.gbcpal gfx/pokemon/forretress/front.gbcpal gfx/pokemon/forretress/back.gbcpal
tools/gbcpal  gfx/pokemon/dunsparce/normal.gbcpal gfx/pokemon/dunsparce/front.gbcpal gfx/pokemon/dunsparce/back.gbcpal
tools/gbcpal  gfx/pokemon/gligar/normal.gbcpal gfx/pokemon/gligar/front.gbcpal gfx/pokemon/gligar/back.gbcpal
tools/gbcpal  gfx/pokemon/steelix/normal.gbcpal gfx/pokemon/steelix/front.gbcpal gfx/pokemon/steelix/back.gbcpal
tools/gbcpal  gfx/pokemon/snubbull/normal.gbcpal gfx/pokemon/snubbull/front.gbcpal gfx/pokemon/snubbull/back.gbcpal
tools/gbcpal  gfx/pokemon/granbull/normal.gbcpal gfx/pokemon/granbull/front.gbcpal gfx/pokemon/granbull/back.gbcpal
tools/gbcpal  gfx/pokemon/qwilfish/normal.gbcpal gfx/pokemon/qwilfish/front.gbcpal gfx/pokemon/qwilfish/back.gbcpal
tools/gbcpal  gfx/pokemon/scizor/normal.gbcpal gfx/pokemon/scizor/front.gbcpal gfx/pokemon/scizor/back.gbcpal
tools/gbcpal  gfx/pokemon/shuckle/normal.gbcpal gfx/pokemon/shuckle/front.gbcpal gfx/pokemon/shuckle/back.gbcpal
tools/gbcpal  gfx/pokemon/heracross/normal.gbcpal gfx/pokemon/heracross/front.gbcpal gfx/pokemon/heracross/back.gbcpal
tools/gbcpal  gfx/pokemon/sneasel/normal.gbcpal gfx/pokemon/sneasel/front.gbcpal gfx/pokemon/sneasel/back.gbcpal
tools/gbcpal  gfx/pokemon/teddiursa/normal.gbcpal gfx/pokemon/teddiursa/front.gbcpal gfx/pokemon/teddiursa/back.gbcpal
tools/gbcpal  gfx/pokemon/ursaring/normal.gbcpal gfx/pokemon/ursaring/front.gbcpal gfx/pokemon/ursaring/back.gbcpal
tools/gbcpal  gfx/pokemon/slugma/normal.gbcpal gfx/pokemon/slugma/front.gbcpal gfx/pokemon/slugma/back.gbcpal
tools/gbcpal  gfx/pokemon/magcargo/normal.gbcpal gfx/pokemon/magcargo/front.gbcpal gfx/pokemon/magcargo/back.gbcpal
tools/gbcpal  gfx/pokemon/swinub/normal.gbcpal gfx/pokemon/swinub/front.gbcpal gfx/pokemon/swinub/back.gbcpal
tools/gbcpal  gfx/pokemon/piloswine/normal.gbcpal gfx/pokemon/piloswine/front.gbcpal gfx/pokemon/piloswine/back.gbcpal
tools/gbcpal  gfx/pokemon/corsola/normal.gbcpal gfx/pokemon/corsola/front.gbcpal gfx/pokemon/corsola/back.gbcpal
tools/gbcpal  gfx/pokemon/remoraid/normal.gbcpal gfx/pokemon/remoraid/front.gbcpal gfx/pokemon/remoraid/back.gbcpal
tools/gbcpal  gfx/pokemon/octillery/normal.gbcpal gfx/pokemon/octillery/front.gbcpal gfx/pokemon/octillery/back.gbcpal
tools/gbcpal  gfx/pokemon/delibird/normal.gbcpal gfx/pokemon/delibird/front.gbcpal gfx/pokemon/delibird/back.gbcpal
tools/gbcpal  gfx/pokemon/mantine/normal.gbcpal gfx/pokemon/mantine/front.gbcpal gfx/pokemon/mantine/back.gbcpal
tools/gbcpal  gfx/pokemon/skarmory/normal.gbcpal gfx/pokemon/skarmory/front.gbcpal gfx/pokemon/skarmory/back.gbcpal
tools/gbcpal  gfx/pokemon/houndour/normal.gbcpal gfx/pokemon/houndour/front.gbcpal gfx/pokemon/houndour/back.gbcpal
tools/gbcpal  gfx/pokemon/houndoom/normal.gbcpal gfx/pokemon/houndoom/front.gbcpal gfx/pokemon/houndoom/back.gbcpal
tools/gbcpal  gfx/pokemon/kingdra/normal.gbcpal gfx/pokemon/kingdra/front.gbcpal gfx/pokemon/kingdra/back.gbcpal
tools/gbcpal  gfx/pokemon/phanpy/normal.gbcpal gfx/pokemon/phanpy/front.gbcpal gfx/pokemon/phanpy/back.gbcpal
tools/gbcpal  gfx/pokemon/donphan/normal.gbcpal gfx/pokemon/donphan/front.gbcpal gfx/pokemon/donphan/back.gbcpal
tools/gbcpal --reverse gfx/pokemon/porygon2/normal.gbcpal gfx/pokemon/porygon2/front.gbcpal gfx/pokemon/porygon2/back.gbcpal
tools/gbcpal  gfx/pokemon/stantler/normal.gbcpal gfx/pokemon/stantler/front.gbcpal gfx/pokemon/stantler/back.gbcpal
tools/gbcpal  gfx/pokemon/smeargle/normal.gbcpal gfx/pokemon/smeargle/front.gbcpal gfx/pokemon/smeargle/back.gbcpal
tools/gbcpal  gfx/pokemon/tyrogue/normal.gbcpal gfx/pokemon/tyrogue/front.gbcpal gfx/pokemon/tyrogue/back.gbcpal
tools/gbcpal  gfx/pokemon/hitmontop/normal.gbcpal gfx/pokemon/hitmontop/front.gbcpal gfx/pokemon/hitmontop/back.gbcpal
tools/gbcpal  gfx/pokemon/smoochum/normal.gbcpal gfx/pokemon/smoochum/front.gbcpal gfx/pokemon/smoochum/back.gbcpal
tools/gbcpal  gfx/pokemon/elekid/normal.gbcpal gfx/pokemon/elekid/front.gbcpal gfx/pokemon/elekid/back.gbcpal
tools/gbcpal  gfx/pokemon/magby/normal.gbcpal gfx/pokemon/magby/front.gbcpal gfx/pokemon/magby/back.gbcpal
tools/gbcpal  gfx/pokemon/miltank/normal.gbcpal gfx/pokemon/miltank/front.gbcpal gfx/pokemon/miltank/back.gbcpal
tools/gbcpal  gfx/pokemon/blissey/normal.gbcpal gfx/pokemon/blissey/front.gbcpal gfx/pokemon/blissey/back.gbcpal
tools/gbcpal  gfx/pokemon/raikou/normal.gbcpal gfx/pokemon/raikou/front.gbcpal gfx/pokemon/raikou/back.gbcpal
tools/gbcpal  gfx/pokemon/entei/normal.gbcpal gfx/pokemon/entei/front.gbcpal gfx/pokemon/entei/back.gbcpal
tools/gbcpal  gfx/pokemon/suicune/normal.gbcpal gfx/pokemon/suicune/front.gbcpal gfx/pokemon/suicune/back.gbcpal
tools/gbcpal  gfx/pokemon/larvitar/normal.gbcpal gfx/pokemon/larvitar/front.gbcpal gfx/pokemon/larvitar/back.gbcpal
tools/gbcpal  gfx/pokemon/pupitar/normal.gbcpal gfx/pokemon/pupitar/front.gbcpal gfx/pokemon/pupitar/back.gbcpal
tools/gbcpal  gfx/pokemon/tyranitar/normal.gbcpal gfx/pokemon/tyranitar/front.gbcpal gfx/pokemon/tyranitar/back.gbcpal
/workspace/toolchains/rgbds-1.0.4/rgbgfx -Weverything --colors gbc:gfx/pokemon/lugia/normal.gbcpal -o gfx/pokemon/lugia/front.2bpp gfx/pokemon/lugia/front.png
tools/gbcpal  gfx/pokemon/ho_oh/normal.gbcpal gfx/pokemon/ho_oh/front.gbcpal gfx/pokemon/ho_oh/back.gbcpal
tools/gbcpal  gfx/pokemon/celebi/normal.gbcpal gfx/pokemon/celebi/front.gbcpal gfx/pokemon/celebi/back.gbcpal
/workspace/toolchains/rgbds-1.0.4/rgbgfx --colors dmg -Weverything --colors gbc:gfx/pokemon/egg/front.gbcpal -o gfx/pokemon/egg/front.2bpp gfx/pokemon/egg/front.png
tools/png_dimensions gfx/pokemon/egg/front.png gfx/pokemon/egg/front.dimensions
tools/gbcpal  gfx/pokemon/unown/normal.gbcpal gfx/pokemon/unown_a/front.gbcpal gfx/pokemon/unown_b/front.gbcpal gfx/pokemon/unown_c/front.gbcpal gfx/pokemon/unown_d/front.gbcpal gfx/pokemon/unown_e/front.gbcpal gfx/pokemon/unown_f/front.gbcpal gfx/pokemon/unown_g/front.gbcpal gfx/pokemon/unown_h/front.gbcpal gfx/pokemon/unown_i/front.gbcpal gfx/pokemon/unown_j/front.gbcpal gfx/pokemon/unown_k/front.gbcpal gfx/pokemon/unown_l/front.gbcpal gfx/pokemon/unown_m/front.gbcpal gfx/pokemon/unown_n/front.gbcpal gfx/pokemon/unown_o/front.gbcpal gfx/pokemon/unown_p/front.gbcpal gfx/pokemon/unown_q/front.gbcpal gfx/pokemon/unown_r/front.gbcpal gfx/pokemon/unown_s/front.gbcpal gfx/pokemon/unown_t/front.gbcpal gfx/pokemon/unown_u/front.gbcpal gfx/pokemon/unown_v/front.gbcpal gfx/pokemon/unown_w/front.gbcpal gfx/pokemon/unown_x/front.gbcpal gfx/pokemon/unown_y/front.gbcpal gfx/pokemon/unown_z/front.gbcpal gfx/pokemon/unown_a/back.gbcpal gfx/pokemon/unown_b/back.gbcpal gfx/pokemon/unown_c/back.gbcpal gfx/pokemon/unown_d/back.gbcpal gfx/pokemon/unown_e/back.gbcpal gfx/pokemon/unown_f/back.gbcpal gfx/pokemon/unown_g/back.gbcpal gfx/pokemon/unown_h/back.gbcpal gfx/pokemon/unown_i/back.gbcpal gfx/pokemon/unown_j/back.gbcpal gfx/pokemon/unown_k/back.gbcpal gfx/pokemon/unown_l/back.gbcpal gfx/pokemon/unown_m/back.gbcpal gfx/pokemon/unown_n/back.gbcpal gfx/pokemon/unown_o/back.gbcpal gfx/pokemon/unown_p/back.gbcpal gfx/pokemon/unown_q/back.gbcpal gfx/pokemon/unown_r/back.gbcpal gfx/pokemon/unown_s/back.gbcpal gfx/pokemon/unown_t/back.gbcpal gfx/pokemon/unown_u/back.gbcpal gfx/pokemon/unown_v/back.gbcpal gfx/pokemon/unown_w/back.gbcpal gfx/pokemon/unown_x/back.gbcpal gfx/pokemon/unown_y/back.gbcpal gfx/pokemon/unown_z/back.gbcpal
tools/png_dimensions gfx/pokemon/unown_b/front.png gfx/pokemon/unown_b/front.dimensions
tools/png_dimensions gfx/pokemon/unown_c/front.png gfx/pokemon/unown_c/front.dimensions
tools/png_dimensions gfx/pokemon/unown_d/front.png gfx/pokemon/unown_d/front.dimensions
/workspace/toolchains/rgbds-1.0.4/rgbgfx --colors dmg -Weverything --colors gbc:gfx/pokemon/unown/normal.gbcpal -o gfx/pokemon/unown_e/front.2bpp gfx/pokemon/unown_e/front.png
tools/png_dimensions gfx/pokemon/unown_e/front.png gfx/pokemon/unown_e/front.dimensions
/workspace/toolchains/rgbds-1.0.4/rgbgfx --colors dmg -Weverything --colors gbc:gfx/pokemon/unown/normal.gbcpal -o gfx/pokemon/unown_f/front.2bpp gfx/pokemon/unown_f/front.png
tools/png_dimensions gfx/pokemon/unown_f/front.png gfx/pokemon/unown_f/front.dimensions
/workspace/toolchains/rgbds-1.0.4/rgbgfx --colors dmg -Weverything --colors gbc:gfx/pokemon/unown/normal.gbcpal -o gfx/pokemon/unown_g/front.2bpp gfx/pokemon/unown_g/front.png
tools/png_dimensions gfx/pokemon/unown_g/front.png gfx/pokemon/unown_g/front.dimensions
/workspace/toolchains/rgbds-1.0.4/rgbgfx --colors dmg -Weverything --colors gbc:gfx/pokemon/unown/normal.gbcpal -o gfx/pokemon/unown_h/front.2bpp gfx/pokemon/unown_h/front.png
tools/png_dimensions gfx/pokemon/unown_h/front.png gfx/pokemon/unown_h/front.dimensions
/workspace/toolchains/rgbds-1.0.4/rgbgfx --colors dmg -Weverything --colors gbc:gfx/pokemon/unown/normal.gbcpal -o gfx/pokemon/unown_i/front.2bpp gfx/pokemon/unown_i/front.png
tools/png_dimensions gfx/pokemon/unown_i/front.png gfx/pokemon/unown_i/front.dimensions
/workspace/toolchains/rgbds-1.0.4/rgbgfx --colors dmg -Weverything --colors gbc:gfx/pokemon/unown/normal.gbcpal -o gfx/pokemon/unown_j/front.2bpp gfx/pokemon/unown_j/front.png
tools/png_dimensions gfx/pokemon/unown_j/front.png gfx/pokemon/unown_j/front.dimensions
/workspace/toolchains/rgbds-1.0.4/rgbgfx --colors dmg -Weverything --colors gbc:gfx/pokemon/unown/normal.gbcpal -o gfx/pokemon/unown_k/front.2bpp gfx/pokemon/unown_k/front.png
tools/png_dimensions gfx/pokemon/unown_k/front.png gfx/pokemon/unown_k/front.dimensions
/workspace/toolchains/rgbds-1.0.4/rgbgfx --colors dmg -Weverything --colors gbc:gfx/pokemon/unown/normal.gbcpal -o gfx/pokemon/unown_l/front.2bpp gfx/pokemon/unown_l/front.png
tools/png_dimensions gfx/pokemon/unown_l/front.png gfx/pokemon/unown_l/front.dimensions
/workspace/toolchains/rgbds-1.0.4/rgbgfx --colors dmg -Weverything --colors gbc:gfx/pokemon/unown/normal.gbcpal -o gfx/pokemon/unown_m/front.2bpp gfx/pokemon/unown_m/front.png
tools/png_dimensions gfx/pokemon/unown_m/front.png gfx/pokemon/unown_m/front.dimensions
/workspace/toolchains/rgbds-1.0.4/rgbgfx --colors dmg -Weverything --colors gbc:gfx/pokemon/unown/normal.gbcpal -o gfx/pokemon/unown_n/front.2bpp gfx/pokemon/unown_n/front.png
tools/png_dimensions gfx/pokemon/unown_n/front.png gfx/pokemon/unown_n/front.dimensions
/workspace/toolchains/rgbds-1.0.4/rgbgfx --colors dmg -Weverything --colors gbc:gfx/pokemon/unown/normal.gbcpal -o gfx/pokemon/unown_o/front.2bpp gfx/pokemon/unown_o/front.png
tools/png_dimensions gfx/pokemon/unown_o/front.png gfx/pokemon/unown_o/front.dimensions
/workspace/toolchains/rgbds-1.0.4/rgbgfx --colors dmg -Weverything --colors gbc:gfx/pokemon/unown/normal.gbcpal -o gfx/pokemon/unown_p/front.2bpp gfx/pokemon/unown_p/front.png
tools/png_dimensions gfx/pokemon/unown_p/front.png gfx/pokemon/unown_p/front.dimensions
/workspace/toolchains/rgbds-1.0.4/rgbgfx --colors dmg -Weverything --colors gbc:gfx/pokemon/unown/normal.gbcpal -o gfx/pokemon/unown_q/front.2bpp gfx/pokemon/unown_q/front.png
tools/png_dimensions gfx/pokemon/unown_q/front.png gfx/pokemon/unown_q/front.dimensions
/workspace/toolchains/rgbds-1.0.4/rgbgfx --colors dmg -Weverything --colors gbc:gfx/pokemon/unown/normal.gbcpal -o gfx/pokemon/unown_r/front.2bpp gfx/pokemon/unown_r/front.png
tools/png_dimensions gfx/pokemon/unown_r/front.png gfx/pokemon/unown_r/front.dimensions
/workspace/toolchains/rgbds-1.0.4/rgbgfx --colors dmg -Weverything --colors gbc:gfx/pokemon/unown/normal.gbcpal -o gfx/pokemon/unown_s/front.2bpp gfx/pokemon/unown_s/front.png
tools/png_dimensions gfx/pokemon/unown_s/front.png gfx/pokemon/unown_s/front.dimensions
/workspace/toolchains/rgbds-1.0.4/rgbgfx --colors dmg -Weverything --colors gbc:gfx/pokemon/unown/normal.gbcpal -o gfx/pokemon/unown_t/front.2bpp gfx/pokemon/unown_t/front.png
tools/png_dimensions gfx/pokemon/unown_t/front.png gfx/pokemon/unown_t/front.dimensions
/workspace/toolchains/rgbds-1.0.4/rgbgfx --colors dmg -Weverything --colors gbc:gfx/pokemon/unown/normal.gbcpal -o gfx/pokemon/unown_u/front.2bpp gfx/pokemon/unown_u/front.png
tools/png_dimensions gfx/pokemon/unown_u/front.png gfx/pokemon/unown_u/front.dimensions
/workspace/toolchains/rgbds-1.0.4/rgbgfx --colors dmg -Weverything --colors gbc:gfx/pokemon/unown/normal.gbcpal -o gfx/pokemon/unown_v/front.2bpp gfx/pokemon/unown_v/front.png
tools/png_dimensions gfx/pokemon/unown_v/front.png gfx/pokemon/unown_v/front.dimensions
/workspace/toolchains/rgbds-1.0.4/rgbgfx --colors dmg -Weverything --colors gbc:gfx/pokemon/unown/normal.gbcpal -o gfx/pokemon/unown_w/front.2bpp gfx/pokemon/unown_w/front.png
tools/png_dimensions gfx/pokemon/unown_w/front.png gfx/pokemon/unown_w/front.dimensions
/workspace/toolchains/rgbds-1.0.4/rgbgfx --colors dmg -Weverything --colors gbc:gfx/pokemon/unown/normal.gbcpal -o gfx/pokemon/unown_x/front.2bpp gfx/pokemon/unown_x/front.png
tools/png_dimensions gfx/pokemon/unown_x/front.png gfx/pokemon/unown_x/front.dimensions
/workspace/toolchains/rgbds-1.0.4/rgbgfx --colors dmg -Weverything --colors gbc:gfx/pokemon/unown/normal.gbcpal -o gfx/pokemon/unown_y/front.2bpp gfx/pokemon/unown_y/front.png
tools/png_dimensions gfx/pokemon/unown_y/front.png gfx/pokemon/unown_y/front.dimensions
/workspace/toolchains/rgbds-1.0.4/rgbgfx --colors dmg -Weverything --colors gbc:gfx/pokemon/unown/normal.gbcpal -o gfx/pokemon/unown_z/front.2bpp gfx/pokemon/unown_z/front.png
tools/png_dimensions gfx/pokemon/unown_z/front.png gfx/pokemon/unown_z/front.dimensions
/workspace/toolchains/rgbds-1.0.4/rgbgfx -Weverything --colors gbc:gfx/pokemon/bulbasaur/normal.gbcpal -o gfx/pokemon/bulbasaur/front.2bpp gfx/pokemon/bulbasaur/front.png
/workspace/toolchains/rgbds-1.0.4/rgbgfx -Weverything --colors gbc:gfx/pokemon/ivysaur/normal.gbcpal -o gfx/pokemon/ivysaur/front.2bpp gfx/pokemon/ivysaur/front.png
/workspace/toolchains/rgbds-1.0.4/rgbgfx -Weverything --colors gbc:gfx/pokemon/venusaur/normal.gbcpal -o gfx/pokemon/venusaur/front.2bpp gfx/pokemon/venusaur/front.png
/workspace/toolchains/rgbds-1.0.4/rgbgfx -Weverything --colors gbc:gfx/pokemon/charmander/normal.gbcpal -o gfx/pokemon/charmander/front.2bpp gfx/pokemon/charmander/front.png
/workspace/toolchains/rgbds-1.0.4/rgbgfx -Weverything --colors gbc:gfx/pokemon/charmeleon/normal.gbcpal -o gfx/pokemon/charmeleon/front.2bpp gfx/pokemon/charmeleon/front.png
/workspace/toolchains/rgbds-1.0.4/rgbgfx -Weverything --colors gbc:gfx/pokemon/charizard/normal.gbcpal -o gfx/pokemon/charizard/front.2bpp gfx/pokemon/charizard/front.png
/workspace/toolchains/rgbds-1.0.4/rgbgfx -Weverything --colors gbc:gfx/pokemon/squirtle/normal.gbcpal -o gfx/pokemon/squirtle/front.2bpp gfx/pokemon/squirtle/front.png
/workspace/toolchains/rgbds-1.0.4/rgbgfx -Weverything --colors gbc:gfx/pokemon/wartortle/normal.gbcpal -o gfx/pokemon/wartortle/front.2bpp gfx/pokemon/wartortle/front.png
/workspace/toolchains/rgbds-1.0.4/rgbgfx -Weverything --colors gbc:gfx/pokemon/blastoise/normal.gbcpal -o gfx/pokemon/blastoise/front.2bpp gfx/pokemon/blastoise/front.png
/workspace/toolchains/rgbds-1.0.4/rgbgfx -Weverything --colors gbc:gfx/pokemon/caterpie/normal.gbcpal -o gfx/pokemon/caterpie/front.2bpp gfx/pokemon/caterpie/front.png
/workspace/toolchains/rgbds-1.0.4/rgbgfx -Weverything --colors gbc:gfx/pokemon/metapod/normal.gbcpal -o gfx/pokemon/metapod/front.2bpp gfx/pokemon/metapod/front.png
/workspace/toolchains/rgbds-1.0.4/rgbgfx -Weverything --colors gbc:gfx/pokemon/butterfree/normal.gbcpal -o gfx/pokemon/butterfree/front.2bpp gfx/pokemon/butterfree/front.png
/workspace/toolchains/rgbds-1.0.4/rgbgfx -Weverything --colors gbc:gfx/pokemon/weedle/normal.gbcpal -o gfx/pokemon/weedle/front.2bpp gfx/pokemon/weedle/front.png
/workspace/toolchains/rgbds-1.0.4/rgbgfx -Weverything --colors gbc:gfx/pokemon/kakuna/normal.gbcpal -o gfx/pokemon/kakuna/front.2bpp gfx/pokemon/kakuna/front.png
/workspace/toolchains/rgbds-1.0.4/rgbgfx -Weverything --colors gbc:gfx/pokemon/beedrill/normal.gbcpal -o gfx/pokemon/beedrill/front.2bpp gfx/pokemon/beedrill/front.png
/workspace/toolchains/rgbds-1.0.4/rgbgfx -Weverything --colors gbc:gfx/pokemon/pidgey/normal.gbcpal -o gfx/pokemon/pidgey/front.2bpp gfx/pokemon/pidgey/front.png
/workspace/toolchains/rgbds-1.0.4/rgbgfx -Weverything --colors gbc:gfx/pokemon/pidgeotto/normal.gbcpal -o gfx/pokemon/pidgeotto/front.2bpp gfx/pokemon/pidgeotto/front.png
/workspace/toolchains/rgbds-1.0.4/rgbgfx -Weverything --colors gbc:gfx/pokemon/pidgeot/normal.gbcpal -o gfx/pokemon/pidgeot/front.2bpp gfx/pokemon/pidgeot/front.png
/workspace/toolchains/rgbds-1.0.4/rgbgfx -Weverything --colors gbc:gfx/pokemon/rattata/normal.gbcpal -o gfx/pokemon/rattata/front.2bpp gfx/pokemon/rattata/front.png
/workspace/toolchains/rgbds-1.0.4/rgbgfx -Weverything --colors gbc:gfx/pokemon/raticate/normal.gbcpal -o gfx/pokemon/raticate/front.2bpp gfx/pokemon/raticate/front.png
/workspace/toolchains/rgbds-1.0.4/rgbgfx -Weverything --colors gbc:gfx/pokemon/spearow/normal.gbcpal -o gfx/pokemon/spearow/front.2bpp gfx/pokemon/spearow/front.png
/workspace/toolchains/rgbds-1.0.4/rgbgfx -Weverything --colors gbc:gfx/pokemon/fearow/normal.gbcpal -o gfx/pokemon/fearow/front.2bpp gfx/pokemon/fearow/front.png
/workspace/toolchains/rgbds-1.0.4/rgbgfx -Weverything --colors gbc:gfx/pokemon/ekans/normal.gbcpal -o gfx/pokemon/ekans/front.2bpp gfx/pokemon/ekans/front.png
/workspace/toolchains/rgbds-1.0.4/rgbgfx -Weverything --colors gbc:gfx/pokemon/arbok/normal.gbcpal -o gfx/pokemon/arbok/front.2bpp gfx/pokemon/arbok/front.png
/workspace/toolchains/rgbds-1.0.4/rgbgfx -Weverything --colors gbc:gfx/pokemon/pikachu/normal.gbcpal -o gfx/pokemon/pikachu/front.2bpp gfx/pokemon/pikachu/front.png
/workspace/toolchains/rgbds-1.0.4/rgbgfx -Weverything --colors gbc:gfx/pokemon/raichu/normal.gbcpal -o gfx/pokemon/raichu/front.2bpp gfx/pokemon/raichu/front.png
/workspace/toolchains/rgbds-1.0.4/rgbgfx -Weverything --colors gbc:gfx/pokemon/sandshrew/normal.gbcpal -o gfx/pokemon/sandshrew/front.2bpp gfx/pokemon/sandshrew/front.png
/workspace/toolchains/rgbds-1.0.4/rgbgfx -Weverything --colors gbc:gfx/pokemon/sandslash/normal.gbcpal -o gfx/pokemon/sandslash/front.2bpp gfx/pokemon/sandslash/front.png
/workspace/toolchains/rgbds-1.0.4/rgbgfx -Weverything --colors gbc:gfx/pokemon/nidoran_f/normal.gbcpal -o gfx/pokemon/nidoran_f/front.2bpp gfx/pokemon/nidoran_f/front.png
/workspace/toolchains/rgbds-1.0.4/rgbgfx -Weverything --colors gbc:gfx/pokemon/nidorina/normal.gbcpal -o gfx/pokemon/nidorina/front.2bpp gfx/pokemon/nidorina/front.png
/workspace/toolchains/rgbds-1.0.4/rgbgfx -Weverything --colors gbc:gfx/pokemon/nidoqueen/normal.gbcpal -o gfx/pokemon/nidoqueen/front.2bpp gfx/pokemon/nidoqueen/front.png
/workspace/toolchains/rgbds-1.0.4/rgbgfx -Weverything --colors gbc:gfx/pokemon/nidoran_m/normal.gbcpal -o gfx/pokemon/nidoran_m/front.2bpp gfx/pokemon/nidoran_m/front.png
/workspace/toolchains/rgbds-1.0.4/rgbgfx -Weverything --colors gbc:gfx/pokemon/nidorino/normal.gbcpal -o gfx/pokemon/nidorino/front.2bpp gfx/pokemon/nidorino/front.png
/workspace/toolchains/rgbds-1.0.4/rgbgfx -Weverything --colors gbc:gfx/pokemon/nidoking/normal.gbcpal -o gfx/pokemon/nidoking/front.2bpp gfx/pokemon/nidoking/front.png
/workspace/toolchains/rgbds-1.0.4/rgbgfx -Weverything --colors gbc:gfx/pokemon/clefairy/normal.gbcpal -o gfx/pokemon/clefairy/front.2bpp gfx/pokemon/clefairy/front.png
/workspace/toolchains/rgbds-1.0.4/rgbgfx -Weverything --colors gbc:gfx/pokemon/clefable/normal.gbcpal -o gfx/pokemon/clefable/front.2bpp gfx/pokemon/clefable/front.png
/workspace/toolchains/rgbds-1.0.4/rgbgfx -Weverything --colors gbc:gfx/pokemon/vulpix/normal.gbcpal -o gfx/pokemon/vulpix/front.2bpp gfx/pokemon/vulpix/front.png
/workspace/toolchains/rgbds-1.0.4/rgbgfx -Weverything --colors gbc:gfx/pokemon/ninetales/normal.gbcpal -o gfx/pokemon/ninetales/front.2bpp gfx/pokemon/ninetales/front.png
/workspace/toolchains/rgbds-1.0.4/rgbgfx -Weverything --colors gbc:gfx/pokemon/jigglypuff/normal.gbcpal -o gfx/pokemon/jigglypuff/front.2bpp gfx/pokemon/jigglypuff/front.png
/workspace/toolchains/rgbds-1.0.4/rgbgfx -Weverything --colors gbc:gfx/pokemon/wigglytuff/normal.gbcpal -o gfx/pokemon/wigglytuff/front.2bpp gfx/pokemon/wigglytuff/front.png
/workspace/toolchains/rgbds-1.0.4/rgbgfx -Weverything --colors gbc:gfx/pokemon/zubat/normal.gbcpal -o gfx/pokemon/zubat/front.2bpp gfx/pokemon/zubat/front.png
/workspace/toolchains/rgbds-1.0.4/rgbgfx -Weverything --colors gbc:gfx/pokemon/golbat/normal.gbcpal -o gfx/pokemon/golbat/front.2bpp gfx/pokemon/golbat/front.png
/workspace/toolchains/rgbds-1.0.4/rgbgfx -Weverything --colors gbc:gfx/pokemon/oddish/normal.gbcpal -o gfx/pokemon/oddish/front.2bpp gfx/pokemon/oddish/front.png
/workspace/toolchains/rgbds-1.0.4/rgbgfx -Weverything --colors gbc:gfx/pokemon/gloom/normal.gbcpal -o gfx/pokemon/gloom/front.2bpp gfx/pokemon/gloom/front.png
/workspace/toolchains/rgbds-1.0.4/rgbgfx -Weverything --colors gbc:gfx/pokemon/vileplume/normal.gbcpal -o gfx/pokemon/vileplume/front.2bpp gfx/pokemon/vileplume/front.png
/workspace/toolchains/rgbds-1.0.4/rgbgfx -Weverything --colors gbc:gfx/pokemon/paras/normal.gbcpal -o gfx/pokemon/paras/front.2bpp gfx/pokemon/paras/front.png
/workspace/toolchains/rgbds-1.0.4/rgbgfx -Weverything --colors gbc:gfx/pokemon/parasect/normal.gbcpal -o gfx/pokemon/parasect/front.2bpp gfx/pokemon/parasect/front.png
/workspace/toolchains/rgbds-1.0.4/rgbgfx -Weverything --colors gbc:gfx/pokemon/venonat/normal.gbcpal -o gfx/pokemon/venonat/front.2bpp gfx/pokemon/venonat/front.png
/workspace/toolchains/rgbds-1.0.4/rgbgfx -Weverything --colors gbc:gfx/pokemon/venomoth/normal.gbcpal -o gfx/pokemon/venomoth/front.2bpp gfx/pokemon/venomoth/front.png
/workspace/toolchains/rgbds-1.0.4/rgbgfx -Weverything --colors gbc:gfx/pokemon/diglett/normal.gbcpal -o gfx/pokemon/diglett/front.2bpp gfx/pokemon/diglett/front.png
/workspace/toolchains/rgbds-1.0.4/rgbgfx -Weverything --colors gbc:gfx/pokemon/dugtrio/normal.gbcpal -o gfx/pokemon/dugtrio/front.2bpp gfx/pokemon/dugtrio/front.png
/workspace/toolchains/rgbds-1.0.4/rgbgfx -Weverything --colors gbc:gfx/pokemon/meowth/normal.gbcpal -o gfx/pokemon/meowth/front.2bpp gfx/pokemon/meowth/front.png
/workspace/toolchains/rgbds-1.0.4/rgbgfx -Weverything --colors gbc:gfx/pokemon/persian/normal.gbcpal -o gfx/pokemon/persian/front.2bpp gfx/pokemon/persian/front.png
/workspace/toolchains/rgbds-1.0.4/rgbgfx -Weverything --colors gbc:gfx/pokemon/psyduck/normal.gbcpal -o gfx/pokemon/psyduck/front.2bpp gfx/pokemon/psyduck/front.png
/workspace/toolchains/rgbds-1.0.4/rgbgfx -Weverything --colors gbc:gfx/pokemon/golduck/normal.gbcpal -o gfx/pokemon/golduck/front.2bpp gfx/pokemon/golduck/front.png
/workspace/toolchains/rgbds-1.0.4/rgbgfx -Weverything --colors gbc:gfx/pokemon/mankey/normal.gbcpal -o gfx/pokemon/mankey/front.2bpp gfx/pokemon/mankey/front.png
/workspace/toolchains/rgbds-1.0.4/rgbgfx -Weverything --colors gbc:gfx/pokemon/primeape/normal.gbcpal -o gfx/pokemon/primeape/front.2bpp gfx/pokemon/primeape/front.png
/workspace/toolchains/rgbds-1.0.4/rgbgfx -Weverything --colors gbc:gfx/pokemon/growlithe/normal.gbcpal -o gfx/pokemon/growlithe/front.2bpp gfx/pokemon/growlithe/front.png
/workspace/toolchains/rgbds-1.0.4/rgbgfx -Weverything --colors gbc:gfx/pokemon/arcanine/normal.gbcpal -o gfx/pokemon/arcanine/front.2bpp gfx/pokemon/arcanine/front.png
/workspace/toolchains/rgbds-1.0.4/rgbgfx -Weverything --colors gbc:gfx/pokemon/poliwag/normal.gbcpal -o gfx/pokemon/poliwag/front.2bpp gfx/pokemon/poliwag/front.png
/workspace/toolchains/rgbds-1.0.4/rgbgfx -Weverything --colors gbc:gfx/pokemon/poliwhirl/normal.gbcpal -o gfx/pokemon/poliwhirl/front.2bpp gfx/pokemon/poliwhirl/front.png
/workspace/toolchains/rgbds-1.0.4/rgbgfx -Weverything --colors gbc:gfx/pokemon/poliwrath/normal.gbcpal -o gfx/pokemon/poliwrath/front.2bpp gfx/pokemon/poliwrath/front.png
/workspace/toolchains/rgbds-1.0.4/rgbgfx -Weverything --colors gbc:gfx/pokemon/abra/normal.gbcpal -o gfx/pokemon/abra/front.2bpp gfx/pokemon/abra/front.png
/workspace/toolchains/rgbds-1.0.4/rgbgfx -Weverything --colors gbc:gfx/pokemon/kadabra/normal.gbcpal -o gfx/pokemon/kadabra/front.2bpp gfx/pokemon/kadabra/front.png
/workspace/toolchains/rgbds-1.0.4/rgbgfx -Weverything --colors gbc:gfx/pokemon/alakazam/normal.gbcpal -o gfx/pokemon/alakazam/front.2bpp gfx/pokemon/alakazam/front.png
tools/pokemon_animation_graphics -t gfx/pokemon/machop/front.animated.tilemap gfx/pokemon/machop/front.2bpp gfx/pokemon/machop/front.dimensions
/workspace/toolchains/rgbds-1.0.4/rgbgfx -Weverything --colors gbc:gfx/pokemon/machoke/normal.gbcpal -o gfx/pokemon/machoke/front.2bpp gfx/pokemon/machoke/front.png
/workspace/toolchains/rgbds-1.0.4/rgbgfx -Weverything --colors gbc:gfx/pokemon/machamp/normal.gbcpal -o gfx/pokemon/machamp/front.2bpp gfx/pokemon/machamp/front.png
/workspace/toolchains/rgbds-1.0.4/rgbgfx -Weverything --colors gbc:gfx/pokemon/bellsprout/normal.gbcpal -o gfx/pokemon/bellsprout/front.2bpp gfx/pokemon/bellsprout/front.png
/workspace/toolchains/rgbds-1.0.4/rgbgfx -Weverything --colors gbc:gfx/pokemon/weepinbell/normal.gbcpal -o gfx/pokemon/weepinbell/front.2bpp gfx/pokemon/weepinbell/front.png
/workspace/toolchains/rgbds-1.0.4/rgbgfx -Weverything --colors gbc:gfx/pokemon/victreebel/normal.gbcpal -o gfx/pokemon/victreebel/front.2bpp gfx/pokemon/victreebel/front.png
/workspace/toolchains/rgbds-1.0.4/rgbgfx -Weverything --colors gbc:gfx/pokemon/tentacool/normal.gbcpal -o gfx/pokemon/tentacool/front.2bpp gfx/pokemon/tentacool/front.png
/workspace/toolchains/rgbds-1.0.4/rgbgfx -Weverything --colors gbc:gfx/pokemon/tentacruel/normal.gbcpal -o gfx/pokemon/tentacruel/front.2bpp gfx/pokemon/tentacruel/front.png
/workspace/toolchains/rgbds-1.0.4/rgbgfx -Weverything --colors gbc:gfx/pokemon/geodude/normal.gbcpal -o gfx/pokemon/geodude/front.2bpp gfx/pokemon/geodude/front.png
/workspace/toolchains/rgbds-1.0.4/rgbgfx -Weverything --colors gbc:gfx/pokemon/graveler/normal.gbcpal -o gfx/pokemon/graveler/front.2bpp gfx/pokemon/graveler/front.png
/workspace/toolchains/rgbds-1.0.4/rgbgfx -Weverything --colors gbc:gfx/pokemon/golem/normal.gbcpal -o gfx/pokemon/golem/front.2bpp gfx/pokemon/golem/front.png
/workspace/toolchains/rgbds-1.0.4/rgbgfx -Weverything --colors gbc:gfx/pokemon/ponyta/normal.gbcpal -o gfx/pokemon/ponyta/front.2bpp gfx/pokemon/ponyta/front.png
/workspace/toolchains/rgbds-1.0.4/rgbgfx -Weverything --colors gbc:gfx/pokemon/rapidash/normal.gbcpal -o gfx/pokemon/rapidash/front.2bpp gfx/pokemon/rapidash/front.png
/workspace/toolchains/rgbds-1.0.4/rgbgfx -Weverything --colors gbc:gfx/pokemon/slowpoke/normal.gbcpal -o gfx/pokemon/slowpoke/front.2bpp gfx/pokemon/slowpoke/front.png
/workspace/toolchains/rgbds-1.0.4/rgbgfx -Weverything --colors gbc:gfx/pokemon/slowbro/normal.gbcpal -o gfx/pokemon/slowbro/front.2bpp gfx/pokemon/slowbro/front.png
/workspace/toolchains/rgbds-1.0.4/rgbgfx -Weverything --colors gbc:gfx/pokemon/magnemite/normal.gbcpal -o gfx/pokemon/magnemite/front.2bpp gfx/pokemon/magnemite/front.png
/workspace/toolchains/rgbds-1.0.4/rgbgfx -Weverything --colors gbc:gfx/pokemon/magneton/normal.gbcpal -o gfx/pokemon/magneton/front.2bpp gfx/pokemon/magneton/front.png
/workspace/toolchains/rgbds-1.0.4/rgbgfx -Weverything --colors gbc:gfx/pokemon/farfetch_d/normal.gbcpal -o gfx/pokemon/farfetch_d/front.2bpp gfx/pokemon/farfetch_d/front.png
/workspace/toolchains/rgbds-1.0.4/rgbgfx -Weverything --colors gbc:gfx/pokemon/doduo/normal.gbcpal -o gfx/pokemon/doduo/front.2bpp gfx/pokemon/doduo/front.png
/workspace/toolchains/rgbds-1.0.4/rgbgfx -Weverything --colors gbc:gfx/pokemon/dodrio/normal.gbcpal -o gfx/pokemon/dodrio/front.2bpp gfx/pokemon/dodrio/front.png
/workspace/toolchains/rgbds-1.0.4/rgbgfx -Weverything --colors gbc:gfx/pokemon/seel/normal.gbcpal -o gfx/pokemon/seel/front.2bpp gfx/pokemon/seel/front.png
/workspace/toolchains/rgbds-1.0.4/rgbgfx -Weverything --colors gbc:gfx/pokemon/grimer/normal.gbcpal -o gfx/pokemon/grimer/front.2bpp gfx/pokemon/grimer/front.png
/workspace/toolchains/rgbds-1.0.4/rgbgfx -Weverything --colors gbc:gfx/pokemon/muk/normal.gbcpal -o gfx/pokemon/muk/front.2bpp gfx/pokemon/muk/front.png
/workspace/toolchains/rgbds-1.0.4/rgbgfx -Weverything --colors gbc:gfx/pokemon/shellder/normal.gbcpal -o gfx/pokemon/shellder/front.2bpp gfx/pokemon/shellder/front.png
/workspace/toolchains/rgbds-1.0.4/rgbgfx -Weverything --colors gbc:gfx/pokemon/cloyster/normal.gbcpal -o gfx/pokemon/cloyster/front.2bpp gfx/pokemon/cloyster/front.png
/workspace/toolchains/rgbds-1.0.4/rgbgfx -Weverything --colors gbc:gfx/pokemon/gastly/normal.gbcpal -o gfx/pokemon/gastly/front.2bpp gfx/pokemon/gastly/front.png
/workspace/toolchains/rgbds-1.0.4/rgbgfx -Weverything --colors gbc:gfx/pokemon/haunter/normal.gbcpal -o gfx/pokemon/haunter/front.2bpp gfx/pokemon/haunter/front.png
/workspace/toolchains/rgbds-1.0.4/rgbgfx -Weverything --colors gbc:gfx/pokemon/gengar/normal.gbcpal -o gfx/pokemon/gengar/front.2bpp gfx/pokemon/gengar/front.png
/workspace/toolchains/rgbds-1.0.4/rgbgfx -Weverything --colors gbc:gfx/pokemon/onix/normal.gbcpal -o gfx/pokemon/onix/front.2bpp gfx/pokemon/onix/front.png
/workspace/toolchains/rgbds-1.0.4/rgbgfx -Weverything --colors gbc:gfx/pokemon/drowzee/normal.gbcpal -o gfx/pokemon/drowzee/front.2bpp gfx/pokemon/drowzee/front.png
/workspace/toolchains/rgbds-1.0.4/rgbgfx -Weverything --colors gbc:gfx/pokemon/hypno/normal.gbcpal -o gfx/pokemon/hypno/front.2bpp gfx/pokemon/hypno/front.png
/workspace/toolchains/rgbds-1.0.4/rgbgfx -Weverything --colors gbc:gfx/pokemon/krabby/normal.gbcpal -o gfx/pokemon/krabby/front.2bpp gfx/pokemon/krabby/front.png
/workspace/toolchains/rgbds-1.0.4/rgbgfx -Weverything --colors gbc:gfx/pokemon/kingler/normal.gbcpal -o gfx/pokemon/kingler/front.2bpp gfx/pokemon/kingler/front.png
/workspace/toolchains/rgbds-1.0.4/rgbgfx -Weverything --colors gbc:gfx/pokemon/voltorb/normal.gbcpal -o gfx/pokemon/voltorb/front.2bpp gfx/pokemon/voltorb/front.png
/workspace/toolchains/rgbds-1.0.4/rgbgfx -Weverything --colors gbc:gfx/pokemon/electrode/normal.gbcpal -o gfx/pokemon/electrode/front.2bpp gfx/pokemon/electrode/front.png
/workspace/toolchains/rgbds-1.0.4/rgbgfx -Weverything --colors gbc:gfx/pokemon/exeggcute/normal.gbcpal -o gfx/pokemon/exeggcute/front.2bpp gfx/pokemon/exeggcute/front.png
/workspace/toolchains/rgbds-1.0.4/rgbgfx -Weverything --colors gbc:gfx/pokemon/exeggutor/normal.gbcpal -o gfx/pokemon/exeggutor/front.2bpp gfx/pokemon/exeggutor/front.png
/workspace/toolchains/rgbds-1.0.4/rgbgfx -Weverything --colors gbc:gfx/pokemon/cubone/normal.gbcpal -o gfx/pokemon/cubone/front.2bpp gfx/pokemon/cubone/front.png
/workspace/toolchains/rgbds-1.0.4/rgbgfx -Weverything --colors gbc:gfx/pokemon/marowak/normal.gbcpal -o gfx/pokemon/marowak/front.2bpp gfx/pokemon/marowak/front.png
/workspace/toolchains/rgbds-1.0.4/rgbgfx -Weverything --colors gbc:gfx/pokemon/hitmonlee/normal.gbcpal -o gfx/pokemon/hitmonlee/front.2bpp gfx/pokemon/hitmonlee/front.png
/workspace/toolchains/rgbds-1.0.4/rgbgfx -Weverything --colors gbc:gfx/pokemon/hitmonchan/normal.gbcpal -o gfx/pokemon/hitmonchan/front.2bpp gfx/pokemon/hitmonchan/front.png
/workspace/toolchains/rgbds-1.0.4/rgbgfx -Weverything --colors gbc:gfx/pokemon/lickitung/normal.gbcpal -o gfx/pokemon/lickitung/front.2bpp gfx/pokemon/lickitung/front.png
/workspace/toolchains/rgbds-1.0.4/rgbgfx -Weverything --colors gbc:gfx/pokemon/koffing/normal.gbcpal -o gfx/pokemon/koffing/front.2bpp gfx/pokemon/koffing/front.png
/workspace/toolchains/rgbds-1.0.4/rgbgfx -Weverything --colors gbc:gfx/pokemon/weezing/normal.gbcpal -o gfx/pokemon/weezing/front.2bpp gfx/pokemon/weezing/front.png
/workspace/toolchains/rgbds-1.0.4/rgbgfx -Weverything --colors gbc:gfx/pokemon/rhyhorn/normal.gbcpal -o gfx/pokemon/rhyhorn/front.2bpp gfx/pokemon/rhyhorn/front.png
/workspace/toolchains/rgbds-1.0.4/rgbgfx -Weverything --colors gbc:gfx/pokemon/rhydon/normal.gbcpal -o gfx/pokemon/rhydon/front.2bpp gfx/pokemon/rhydon/front.png
/workspace/toolchains/rgbds-1.0.4/rgbgfx -Weverything --colors gbc:gfx/pokemon/chansey/normal.gbcpal -o gfx/pokemon/chansey/front.2bpp gfx/pokemon/chansey/front.png
/workspace/toolchains/rgbds-1.0.4/rgbgfx -Weverything --colors gbc:gfx/pokemon/tangela/normal.gbcpal -o gfx/pokemon/tangela/front.2bpp gfx/pokemon/tangela/front.png
/workspace/toolchains/rgbds-1.0.4/rgbgfx -Weverything --colors gbc:gfx/pokemon/kangaskhan/normal.gbcpal -o gfx/pokemon/kangaskhan/front.2bpp gfx/pokemon/kangaskhan/front.png
/workspace/toolchains/rgbds-1.0.4/rgbgfx -Weverything --colors gbc:gfx/pokemon/horsea/normal.gbcpal -o gfx/pokemon/horsea/front.2bpp gfx/pokemon/horsea/front.png
/workspace/toolchains/rgbds-1.0.4/rgbgfx -Weverything --colors gbc:gfx/pokemon/seadra/normal.gbcpal -o gfx/pokemon/seadra/front.2bpp gfx/pokemon/seadra/front.png
/workspace/toolchains/rgbds-1.0.4/rgbgfx -Weverything --colors gbc:gfx/pokemon/goldeen/normal.gbcpal -o gfx/pokemon/goldeen/front.2bpp gfx/pokemon/goldeen/front.png
/workspace/toolchains/rgbds-1.0.4/rgbgfx -Weverything --colors gbc:gfx/pokemon/seaking/normal.gbcpal -o gfx/pokemon/seaking/front.2bpp gfx/pokemon/seaking/front.png
/workspace/toolchains/rgbds-1.0.4/rgbgfx -Weverything --colors gbc:gfx/pokemon/staryu/normal.gbcpal -o gfx/pokemon/staryu/front.2bpp gfx/pokemon/staryu/front.png
/workspace/toolchains/rgbds-1.0.4/rgbgfx -Weverything --colors gbc:gfx/pokemon/starmie/normal.gbcpal -o gfx/pokemon/starmie/front.2bpp gfx/pokemon/starmie/front.png
/workspace/toolchains/rgbds-1.0.4/rgbgfx -Weverything --colors gbc:gfx/pokemon/mr__mime/normal.gbcpal -o gfx/pokemon/mr__mime/front.2bpp gfx/pokemon/mr__mime/front.png
/workspace/toolchains/rgbds-1.0.4/rgbgfx -Weverything --colors gbc:gfx/pokemon/scyther/normal.gbcpal -o gfx/pokemon/scyther/front.2bpp gfx/pokemon/scyther/front.png
/workspace/toolchains/rgbds-1.0.4/rgbgfx -Weverything --colors gbc:gfx/pokemon/jynx/normal.gbcpal -o gfx/pokemon/jynx/front.2bpp gfx/pokemon/jynx/front.png
/workspace/toolchains/rgbds-1.0.4/rgbgfx -Weverything --colors gbc:gfx/pokemon/electabuzz/normal.gbcpal -o gfx/pokemon/electabuzz/front.2bpp gfx/pokemon/electabuzz/front.png
/workspace/toolchains/rgbds-1.0.4/rgbgfx -Weverything --colors gbc:gfx/pokemon/magmar/normal.gbcpal -o gfx/pokemon/magmar/front.2bpp gfx/pokemon/magmar/front.png
/workspace/toolchains/rgbds-1.0.4/rgbgfx -Weverything --colors gbc:gfx/pokemon/pinsir/normal.gbcpal -o gfx/pokemon/pinsir/front.2bpp gfx/pokemon/pinsir/front.png
/workspace/toolchains/rgbds-1.0.4/rgbgfx -Weverything --colors gbc:gfx/pokemon/tauros/normal.gbcpal -o gfx/pokemon/tauros/front.2bpp gfx/pokemon/tauros/front.png
/workspace/toolchains/rgbds-1.0.4/rgbgfx -Weverything --colors gbc:gfx/pokemon/magikarp/normal.gbcpal -o gfx/pokemon/magikarp/front.2bpp gfx/pokemon/magikarp/front.png
/workspace/toolchains/rgbds-1.0.4/rgbgfx -Weverything --colors gbc:gfx/pokemon/gyarados/normal.gbcpal -o gfx/pokemon/gyarados/front.2bpp gfx/pokemon/gyarados/front.png
/workspace/toolchains/rgbds-1.0.4/rgbgfx -Weverything --colors gbc:gfx/pokemon/lapras/normal.gbcpal -o gfx/pokemon/lapras/front.2bpp gfx/pokemon/lapras/front.png
/workspace/toolchains/rgbds-1.0.4/rgbgfx -Weverything --colors gbc:gfx/pokemon/ditto/normal.gbcpal -o gfx/pokemon/ditto/front.2bpp gfx/pokemon/ditto/front.png
/workspace/toolchains/rgbds-1.0.4/rgbgfx -Weverything --colors gbc:gfx/pokemon/eevee/normal.gbcpal -o gfx/pokemon/eevee/front.2bpp gfx/pokemon/eevee/front.png
/workspace/toolchains/rgbds-1.0.4/rgbgfx -Weverything --colors gbc:gfx/pokemon/vaporeon/normal.gbcpal -o gfx/pokemon/vaporeon/front.2bpp gfx/pokemon/vaporeon/front.png
/workspace/toolchains/rgbds-1.0.4/rgbgfx -Weverything --colors gbc:gfx/pokemon/jolteon/normal.gbcpal -o gfx/pokemon/jolteon/front.2bpp gfx/pokemon/jolteon/front.png
/workspace/toolchains/rgbds-1.0.4/rgbgfx -Weverything --colors gbc:gfx/pokemon/flareon/normal.gbcpal -o gfx/pokemon/flareon/front.2bpp gfx/pokemon/flareon/front.png
/workspace/toolchains/rgbds-1.0.4/rgbgfx -Weverything --colors gbc:gfx/pokemon/porygon/normal.gbcpal -o gfx/pokemon/porygon/front.2bpp gfx/pokemon/porygon/front.png
/workspace/toolchains/rgbds-1.0.4/rgbgfx -Weverything --colors gbc:gfx/pokemon/omanyte/normal.gbcpal -o gfx/pokemon/omanyte/front.2bpp gfx/pokemon/omanyte/front.png
/workspace/toolchains/rgbds-1.0.4/rgbgfx -Weverything --colors gbc:gfx/pokemon/omastar/normal.gbcpal -o gfx/pokemon/omastar/front.2bpp gfx/pokemon/omastar/front.png
/workspace/toolchains/rgbds-1.0.4/rgbgfx -Weverything --colors gbc:gfx/pokemon/kabuto/normal.gbcpal -o gfx/pokemon/kabuto/front.2bpp gfx/pokemon/kabuto/front.png
/workspace/toolchains/rgbds-1.0.4/rgbgfx -Weverything --colors gbc:gfx/pokemon/kabutops/normal.gbcpal -o gfx/pokemon/kabutops/front.2bpp gfx/pokemon/kabutops/front.png
/workspace/toolchains/rgbds-1.0.4/rgbgfx -Weverything --colors gbc:gfx/pokemon/aerodactyl/normal.gbcpal -o gfx/pokemon/aerodactyl/front.2bpp gfx/pokemon/aerodactyl/front.png
/workspace/toolchains/rgbds-1.0.4/rgbgfx -Weverything --colors gbc:gfx/pokemon/snorlax/normal.gbcpal -o gfx/pokemon/snorlax/front.2bpp gfx/pokemon/snorlax/front.png
/workspace/toolchains/rgbds-1.0.4/rgbgfx -Weverything --colors gbc:gfx/pokemon/articuno/normal.gbcpal -o gfx/pokemon/articuno/front.2bpp gfx/pokemon/articuno/front.png
/workspace/toolchains/rgbds-1.0.4/rgbgfx -Weverything --colors gbc:gfx/pokemon/zapdos/normal.gbcpal -o gfx/pokemon/zapdos/front.2bpp gfx/pokemon/zapdos/front.png
/workspace/toolchains/rgbds-1.0.4/rgbgfx -Weverything --colors gbc:gfx/pokemon/moltres/normal.gbcpal -o gfx/pokemon/moltres/front.2bpp gfx/pokemon/moltres/front.png
/workspace/toolchains/rgbds-1.0.4/rgbgfx -Weverything --colors gbc:gfx/pokemon/dratini/normal.gbcpal -o gfx/pokemon/dratini/front.2bpp gfx/pokemon/dratini/front.png
/workspace/toolchains/rgbds-1.0.4/rgbgfx -Weverything --colors gbc:gfx/pokemon/dragonair/normal.gbcpal -o gfx/pokemon/dragonair/front.2bpp gfx/pokemon/dragonair/front.png
/workspace/toolchains/rgbds-1.0.4/rgbgfx -Weverything --colors gbc:gfx/pokemon/dragonite/normal.gbcpal -o gfx/pokemon/dragonite/front.2bpp gfx/pokemon/dragonite/front.png
/workspace/toolchains/rgbds-1.0.4/rgbgfx -Weverything --colors gbc:gfx/pokemon/mewtwo/normal.gbcpal -o gfx/pokemon/mewtwo/front.2bpp gfx/pokemon/mewtwo/front.png
/workspace/toolchains/rgbds-1.0.4/rgbgfx -Weverything --colors gbc:gfx/pokemon/mew/normal.gbcpal -o gfx/pokemon/mew/front.2bpp gfx/pokemon/mew/front.png
/workspace/toolchains/rgbds-1.0.4/rgbgfx -Weverything --colors gbc:gfx/pokemon/chikorita/normal.gbcpal -o gfx/pokemon/chikorita/front.2bpp gfx/pokemon/chikorita/front.png
/workspace/toolchains/rgbds-1.0.4/rgbgfx -Weverything --colors gbc:gfx/pokemon/bayleef/normal.gbcpal -o gfx/pokemon/bayleef/front.2bpp gfx/pokemon/bayleef/front.png
/workspace/toolchains/rgbds-1.0.4/rgbgfx -Weverything --colors gbc:gfx/pokemon/meganium/normal.gbcpal -o gfx/pokemon/meganium/front.2bpp gfx/pokemon/meganium/front.png
/workspace/toolchains/rgbds-1.0.4/rgbgfx -Weverything --colors gbc:gfx/pokemon/cyndaquil/normal.gbcpal -o gfx/pokemon/cyndaquil/front.2bpp gfx/pokemon/cyndaquil/front.png
/workspace/toolchains/rgbds-1.0.4/rgbgfx -Weverything --colors gbc:gfx/pokemon/quilava/normal.gbcpal -o gfx/pokemon/quilava/front.2bpp gfx/pokemon/quilava/front.png
/workspace/toolchains/rgbds-1.0.4/rgbgfx -Weverything --colors gbc:gfx/pokemon/typhlosion/normal.gbcpal -o gfx/pokemon/typhlosion/front.2bpp gfx/pokemon/typhlosion/front.png
/workspace/toolchains/rgbds-1.0.4/rgbgfx -Weverything --colors gbc:gfx/pokemon/totodile/normal.gbcpal -o gfx/pokemon/totodile/front.2bpp gfx/pokemon/totodile/front.png
/workspace/toolchains/rgbds-1.0.4/rgbgfx -Weverything --colors gbc:gfx/pokemon/croconaw/normal.gbcpal -o gfx/pokemon/croconaw/front.2bpp gfx/pokemon/croconaw/front.png
/workspace/toolchains/rgbds-1.0.4/rgbgfx -Weverything --colors gbc:gfx/pokemon/feraligatr/normal.gbcpal -o gfx/pokemon/feraligatr/front.2bpp gfx/pokemon/feraligatr/front.png
/workspace/toolchains/rgbds-1.0.4/rgbgfx -Weverything --colors gbc:gfx/pokemon/sentret/normal.gbcpal -o gfx/pokemon/sentret/front.2bpp gfx/pokemon/sentret/front.png
/workspace/toolchains/rgbds-1.0.4/rgbgfx -Weverything --colors gbc:gfx/pokemon/furret/normal.gbcpal -o gfx/pokemon/furret/front.2bpp gfx/pokemon/furret/front.png
/workspace/toolchains/rgbds-1.0.4/rgbgfx -Weverything --colors gbc:gfx/pokemon/hoothoot/normal.gbcpal -o gfx/pokemon/hoothoot/front.2bpp gfx/pokemon/hoothoot/front.png
/workspace/toolchains/rgbds-1.0.4/rgbgfx -Weverything --colors gbc:gfx/pokemon/noctowl/normal.gbcpal -o gfx/pokemon/noctowl/front.2bpp gfx/pokemon/noctowl/front.png
/workspace/toolchains/rgbds-1.0.4/rgbgfx -Weverything --colors gbc:gfx/pokemon/ledyba/normal.gbcpal -o gfx/pokemon/ledyba/front.2bpp gfx/pokemon/ledyba/front.png
/workspace/toolchains/rgbds-1.0.4/rgbgfx -Weverything --colors gbc:gfx/pokemon/ledian/normal.gbcpal -o gfx/pokemon/ledian/front.2bpp gfx/pokemon/ledian/front.png
/workspace/toolchains/rgbds-1.0.4/rgbgfx -Weverything --colors gbc:gfx/pokemon/spinarak/normal.gbcpal -o gfx/pokemon/spinarak/front.2bpp gfx/pokemon/spinarak/front.png
/workspace/toolchains/rgbds-1.0.4/rgbgfx -Weverything --colors gbc:gfx/pokemon/ariados/normal.gbcpal -o gfx/pokemon/ariados/front.2bpp gfx/pokemon/ariados/front.png
/workspace/toolchains/rgbds-1.0.4/rgbgfx -Weverything --colors gbc:gfx/pokemon/crobat/normal.gbcpal -o gfx/pokemon/crobat/front.2bpp gfx/pokemon/crobat/front.png
/workspace/toolchains/rgbds-1.0.4/rgbgfx -Weverything --colors gbc:gfx/pokemon/chinchou/normal.gbcpal -o gfx/pokemon/chinchou/front.2bpp gfx/pokemon/chinchou/front.png
/workspace/toolchains/rgbds-1.0.4/rgbgfx -Weverything --colors gbc:gfx/pokemon/lanturn/normal.gbcpal -o gfx/pokemon/lanturn/front.2bpp gfx/pokemon/lanturn/front.png
/workspace/toolchains/rgbds-1.0.4/rgbgfx -Weverything --colors gbc:gfx/pokemon/pichu/normal.gbcpal -o gfx/pokemon/pichu/front.2bpp gfx/pokemon/pichu/front.png
/workspace/toolchains/rgbds-1.0.4/rgbgfx -Weverything --colors gbc:gfx/pokemon/cleffa/normal.gbcpal -o gfx/pokemon/cleffa/front.2bpp gfx/pokemon/cleffa/front.png
/workspace/toolchains/rgbds-1.0.4/rgbgfx -Weverything --colors gbc:gfx/pokemon/igglybuff/normal.gbcpal -o gfx/pokemon/igglybuff/front.2bpp gfx/pokemon/igglybuff/front.png
/workspace/toolchains/rgbds-1.0.4/rgbgfx -Weverything --colors gbc:gfx/pokemon/togepi/normal.gbcpal -o gfx/pokemon/togepi/front.2bpp gfx/pokemon/togepi/front.png
/workspace/toolchains/rgbds-1.0.4/rgbgfx -Weverything --colors gbc:gfx/pokemon/togetic/normal.gbcpal -o gfx/pokemon/togetic/front.2bpp gfx/pokemon/togetic/front.png
/workspace/toolchains/rgbds-1.0.4/rgbgfx -Weverything --colors gbc:gfx/pokemon/natu/normal.gbcpal -o gfx/pokemon/natu/front.2bpp gfx/pokemon/natu/front.png
/workspace/toolchains/rgbds-1.0.4/rgbgfx -Weverything --colors gbc:gfx/pokemon/xatu/normal.gbcpal -o gfx/pokemon/xatu/front.2bpp gfx/pokemon/xatu/front.png
/workspace/toolchains/rgbds-1.0.4/rgbgfx -Weverything --colors gbc:gfx/pokemon/mareep/normal.gbcpal -o gfx/pokemon/mareep/front.2bpp gfx/pokemon/mareep/front.png
/workspace/toolchains/rgbds-1.0.4/rgbgfx -Weverything --colors gbc:gfx/pokemon/flaaffy/normal.gbcpal -o gfx/pokemon/flaaffy/front.2bpp gfx/pokemon/flaaffy/front.png
/workspace/toolchains/rgbds-1.0.4/rgbgfx -Weverything --colors gbc:gfx/pokemon/ampharos/normal.gbcpal -o gfx/pokemon/ampharos/front.2bpp gfx/pokemon/ampharos/front.png
/workspace/toolchains/rgbds-1.0.4/rgbgfx -Weverything --colors gbc:gfx/pokemon/bellossom/normal.gbcpal -o gfx/pokemon/bellossom/front.2bpp gfx/pokemon/bellossom/front.png
/workspace/toolchains/rgbds-1.0.4/rgbgfx -Weverything --colors gbc:gfx/pokemon/marill/normal.gbcpal -o gfx/pokemon/marill/front.2bpp gfx/pokemon/marill/front.png
/workspace/toolchains/rgbds-1.0.4/rgbgfx -Weverything --colors gbc:gfx/pokemon/azumarill/normal.gbcpal -o gfx/pokemon/azumarill/front.2bpp gfx/pokemon/azumarill/front.png
/workspace/toolchains/rgbds-1.0.4/rgbgfx -Weverything --colors gbc:gfx/pokemon/sudowoodo/normal.gbcpal -o gfx/pokemon/sudowoodo/front.2bpp gfx/pokemon/sudowoodo/front.png
/workspace/toolchains/rgbds-1.0.4/rgbgfx -Weverything --colors gbc:gfx/pokemon/politoed/normal.gbcpal -o gfx/pokemon/politoed/front.2bpp gfx/pokemon/politoed/front.png
/workspace/toolchains/rgbds-1.0.4/rgbgfx -Weverything --colors gbc:gfx/pokemon/hoppip/normal.gbcpal -o gfx/pokemon/hoppip/front.2bpp gfx/pokemon/hoppip/front.png
/workspace/toolchains/rgbds-1.0.4/rgbgfx -Weverything --colors gbc:gfx/pokemon/skiploom/normal.gbcpal -o gfx/pokemon/skiploom/front.2bpp gfx/pokemon/skiploom/front.png
/workspace/toolchains/rgbds-1.0.4/rgbgfx -Weverything --colors gbc:gfx/pokemon/jumpluff/normal.gbcpal -o gfx/pokemon/jumpluff/front.2bpp gfx/pokemon/jumpluff/front.png
/workspace/toolchains/rgbds-1.0.4/rgbgfx -Weverything --colors gbc:gfx/pokemon/aipom/normal.gbcpal -o gfx/pokemon/aipom/front.2bpp gfx/pokemon/aipom/front.png
/workspace/toolchains/rgbds-1.0.4/rgbgfx -Weverything --colors gbc:gfx/pokemon/sunkern/normal.gbcpal -o gfx/pokemon/sunkern/front.2bpp gfx/pokemon/sunkern/front.png
/workspace/toolchains/rgbds-1.0.4/rgbgfx -Weverything --colors gbc:gfx/pokemon/sunflora/normal.gbcpal -o gfx/pokemon/sunflora/front.2bpp gfx/pokemon/sunflora/front.png
/workspace/toolchains/rgbds-1.0.4/rgbgfx -Weverything --colors gbc:gfx/pokemon/yanma/normal.gbcpal -o gfx/pokemon/yanma/front.2bpp gfx/pokemon/yanma/front.png
/workspace/toolchains/rgbds-1.0.4/rgbgfx -Weverything --colors gbc:gfx/pokemon/wooper/normal.gbcpal -o gfx/pokemon/wooper/front.2bpp gfx/pokemon/wooper/front.png
/workspace/toolchains/rgbds-1.0.4/rgbgfx -Weverything --colors gbc:gfx/pokemon/quagsire/normal.gbcpal -o gfx/pokemon/quagsire/front.2bpp gfx/pokemon/quagsire/front.png
/workspace/toolchains/rgbds-1.0.4/rgbgfx -Weverything --colors gbc:gfx/pokemon/espeon/normal.gbcpal -o gfx/pokemon/espeon/front.2bpp gfx/pokemon/espeon/front.png
/workspace/toolchains/rgbds-1.0.4/rgbgfx -Weverything --colors gbc:gfx/pokemon/umbreon/normal.gbcpal -o gfx/pokemon/umbreon/front.2bpp gfx/pokemon/umbreon/front.png
/workspace/toolchains/rgbds-1.0.4/rgbgfx -Weverything --colors gbc:gfx/pokemon/murkrow/normal.gbcpal -o gfx/pokemon/murkrow/front.2bpp gfx/pokemon/murkrow/front.png
/workspace/toolchains/rgbds-1.0.4/rgbgfx -Weverything --colors gbc:gfx/pokemon/slowking/normal.gbcpal -o gfx/pokemon/slowking/front.2bpp gfx/pokemon/slowking/front.png
/workspace/toolchains/rgbds-1.0.4/rgbgfx -Weverything --colors gbc:gfx/pokemon/misdreavus/normal.gbcpal -o gfx/pokemon/misdreavus/front.2bpp gfx/pokemon/misdreavus/front.png
/workspace/toolchains/rgbds-1.0.4/rgbgfx -Weverything --colors gbc:gfx/pokemon/wobbuffet/normal.gbcpal -o gfx/pokemon/wobbuffet/front.2bpp gfx/pokemon/wobbuffet/front.png
/workspace/toolchains/rgbds-1.0.4/rgbgfx -Weverything --colors gbc:gfx/pokemon/girafarig/normal.gbcpal -o gfx/pokemon/girafarig/front.2bpp gfx/pokemon/girafarig/front.png
/workspace/toolchains/rgbds-1.0.4/rgbgfx -Weverything --colors gbc:gfx/pokemon/pineco/normal.gbcpal -o gfx/pokemon/pineco/front.2bpp gfx/pokemon/pineco/front.png
/workspace/toolchains/rgbds-1.0.4/rgbgfx -Weverything --colors gbc:gfx/pokemon/forretress/normal.gbcpal -o gfx/pokemon/forretress/front.2bpp gfx/pokemon/forretress/front.png
/workspace/toolchains/rgbds-1.0.4/rgbgfx -Weverything --colors gbc:gfx/pokemon/dunsparce/normal.gbcpal -o gfx/pokemon/dunsparce/front.2bpp gfx/pokemon/dunsparce/front.png
/workspace/toolchains/rgbds-1.0.4/rgbgfx -Weverything --colors gbc:gfx/pokemon/gligar/normal.gbcpal -o gfx/pokemon/gligar/front.2bpp gfx/pokemon/gligar/front.png
/workspace/toolchains/rgbds-1.0.4/rgbgfx -Weverything --colors gbc:gfx/pokemon/steelix/normal.gbcpal -o gfx/pokemon/steelix/front.2bpp gfx/pokemon/steelix/front.png
/workspace/toolchains/rgbds-1.0.4/rgbgfx -Weverything --colors gbc:gfx/pokemon/snubbull/normal.gbcpal -o gfx/pokemon/snubbull/front.2bpp gfx/pokemon/snubbull/front.png
/workspace/toolchains/rgbds-1.0.4/rgbgfx -Weverything --colors gbc:gfx/pokemon/granbull/normal.gbcpal -o gfx/pokemon/granbull/front.2bpp gfx/pokemon/granbull/front.png
/workspace/toolchains/rgbds-1.0.4/rgbgfx -Weverything --colors gbc:gfx/pokemon/qwilfish/normal.gbcpal -o gfx/pokemon/qwilfish/front.2bpp gfx/pokemon/qwilfish/front.png
/workspace/toolchains/rgbds-1.0.4/rgbgfx -Weverything --colors gbc:gfx/pokemon/scizor/normal.gbcpal -o gfx/pokemon/scizor/front.2bpp gfx/pokemon/scizor/front.png
/workspace/toolchains/rgbds-1.0.4/rgbgfx -Weverything --colors gbc:gfx/pokemon/shuckle/normal.gbcpal -o gfx/pokemon/shuckle/front.2bpp gfx/pokemon/shuckle/front.png
/workspace/toolchains/rgbds-1.0.4/rgbgfx -Weverything --colors gbc:gfx/pokemon/heracross/normal.gbcpal -o gfx/pokemon/heracross/front.2bpp gfx/pokemon/heracross/front.png
/workspace/toolchains/rgbds-1.0.4/rgbgfx -Weverything --colors gbc:gfx/pokemon/sneasel/normal.gbcpal -o gfx/pokemon/sneasel/front.2bpp gfx/pokemon/sneasel/front.png
/workspace/toolchains/rgbds-1.0.4/rgbgfx -Weverything --colors gbc:gfx/pokemon/teddiursa/normal.gbcpal -o gfx/pokemon/teddiursa/front.2bpp gfx/pokemon/teddiursa/front.png
/workspace/toolchains/rgbds-1.0.4/rgbgfx -Weverything --colors gbc:gfx/pokemon/ursaring/normal.gbcpal -o gfx/pokemon/ursaring/front.2bpp gfx/pokemon/ursaring/front.png
/workspace/toolchains/rgbds-1.0.4/rgbgfx -Weverything --colors gbc:gfx/pokemon/slugma/normal.gbcpal -o gfx/pokemon/slugma/front.2bpp gfx/pokemon/slugma/front.png
/workspace/toolchains/rgbds-1.0.4/rgbgfx -Weverything --colors gbc:gfx/pokemon/magcargo/normal.gbcpal -o gfx/pokemon/magcargo/front.2bpp gfx/pokemon/magcargo/front.png
/workspace/toolchains/rgbds-1.0.4/rgbgfx -Weverything --colors gbc:gfx/pokemon/swinub/normal.gbcpal -o gfx/pokemon/swinub/front.2bpp gfx/pokemon/swinub/front.png
/workspace/toolchains/rgbds-1.0.4/rgbgfx -Weverything --colors gbc:gfx/pokemon/piloswine/normal.gbcpal -o gfx/pokemon/piloswine/front.2bpp gfx/pokemon/piloswine/front.png
/workspace/toolchains/rgbds-1.0.4/rgbgfx -Weverything --colors gbc:gfx/pokemon/corsola/normal.gbcpal -o gfx/pokemon/corsola/front.2bpp gfx/pokemon/corsola/front.png
/workspace/toolchains/rgbds-1.0.4/rgbgfx -Weverything --colors gbc:gfx/pokemon/remoraid/normal.gbcpal -o gfx/pokemon/remoraid/front.2bpp gfx/pokemon/remoraid/front.png
/workspace/toolchains/rgbds-1.0.4/rgbgfx -Weverything --colors gbc:gfx/pokemon/octillery/normal.gbcpal -o gfx/pokemon/octillery/front.2bpp gfx/pokemon/octillery/front.png
/workspace/toolchains/rgbds-1.0.4/rgbgfx -Weverything --colors gbc:gfx/pokemon/delibird/normal.gbcpal -o gfx/pokemon/delibird/front.2bpp gfx/pokemon/delibird/front.png
/workspace/toolchains/rgbds-1.0.4/rgbgfx -Weverything --colors gbc:gfx/pokemon/mantine/normal.gbcpal -o gfx/pokemon/mantine/front.2bpp gfx/pokemon/mantine/front.png
/workspace/toolchains/rgbds-1.0.4/rgbgfx -Weverything --colors gbc:gfx/pokemon/skarmory/normal.gbcpal -o gfx/pokemon/skarmory/front.2bpp gfx/pokemon/skarmory/front.png
/workspace/toolchains/rgbds-1.0.4/rgbgfx -Weverything --colors gbc:gfx/pokemon/houndour/normal.gbcpal -o gfx/pokemon/houndour/front.2bpp gfx/pokemon/houndour/front.png
/workspace/toolchains/rgbds-1.0.4/rgbgfx -Weverything --colors gbc:gfx/pokemon/houndoom/normal.gbcpal -o gfx/pokemon/houndoom/front.2bpp gfx/pokemon/houndoom/front.png
/workspace/toolchains/rgbds-1.0.4/rgbgfx -Weverything --colors gbc:gfx/pokemon/kingdra/normal.gbcpal -o gfx/pokemon/kingdra/front.2bpp gfx/pokemon/kingdra/front.png
/workspace/toolchains/rgbds-1.0.4/rgbgfx -Weverything --colors gbc:gfx/pokemon/phanpy/normal.gbcpal -o gfx/pokemon/phanpy/front.2bpp gfx/pokemon/phanpy/front.png
/workspace/toolchains/rgbds-1.0.4/rgbgfx -Weverything --colors gbc:gfx/pokemon/donphan/normal.gbcpal -o gfx/pokemon/donphan/front.2bpp gfx/pokemon/donphan/front.png
/workspace/toolchains/rgbds-1.0.4/rgbgfx -Weverything --colors gbc:gfx/pokemon/porygon2/normal.gbcpal -o gfx/pokemon/porygon2/front.2bpp gfx/pokemon/porygon2/front.png
/workspace/toolchains/rgbds-1.0.4/rgbgfx -Weverything --colors gbc:gfx/pokemon/stantler/normal.gbcpal -o gfx/pokemon/stantler/front.2bpp gfx/pokemon/stantler/front.png
/workspace/toolchains/rgbds-1.0.4/rgbgfx -Weverything --colors gbc:gfx/pokemon/smeargle/normal.gbcpal -o gfx/pokemon/smeargle/front.2bpp gfx/pokemon/smeargle/front.png
/workspace/toolchains/rgbds-1.0.4/rgbgfx -Weverything --colors gbc:gfx/pokemon/tyrogue/normal.gbcpal -o gfx/pokemon/tyrogue/front.2bpp gfx/pokemon/tyrogue/front.png
/workspace/toolchains/rgbds-1.0.4/rgbgfx -Weverything --colors gbc:gfx/pokemon/hitmontop/normal.gbcpal -o gfx/pokemon/hitmontop/front.2bpp gfx/pokemon/hitmontop/front.png
/workspace/toolchains/rgbds-1.0.4/rgbgfx -Weverything --colors gbc:gfx/pokemon/smoochum/normal.gbcpal -o gfx/pokemon/smoochum/front.2bpp gfx/pokemon/smoochum/front.png
/workspace/toolchains/rgbds-1.0.4/rgbgfx -Weverything --colors gbc:gfx/pokemon/elekid/normal.gbcpal -o gfx/pokemon/elekid/front.2bpp gfx/pokemon/elekid/front.png
/workspace/toolchains/rgbds-1.0.4/rgbgfx -Weverything --colors gbc:gfx/pokemon/magby/normal.gbcpal -o gfx/pokemon/magby/front.2bpp gfx/pokemon/magby/front.png
/workspace/toolchains/rgbds-1.0.4/rgbgfx -Weverything --colors gbc:gfx/pokemon/miltank/normal.gbcpal -o gfx/pokemon/miltank/front.2bpp gfx/pokemon/miltank/front.png
/workspace/toolchains/rgbds-1.0.4/rgbgfx -Weverything --colors gbc:gfx/pokemon/blissey/normal.gbcpal -o gfx/pokemon/blissey/front.2bpp gfx/pokemon/blissey/front.png
/workspace/toolchains/rgbds-1.0.4/rgbgfx -Weverything --colors gbc:gfx/pokemon/raikou/normal.gbcpal -o gfx/pokemon/raikou/front.2bpp gfx/pokemon/raikou/front.png
/workspace/toolchains/rgbds-1.0.4/rgbgfx -Weverything --colors gbc:gfx/pokemon/entei/normal.gbcpal -o gfx/pokemon/entei/front.2bpp gfx/pokemon/entei/front.png
/workspace/toolchains/rgbds-1.0.4/rgbgfx -Weverything --colors gbc:gfx/pokemon/suicune/normal.gbcpal -o gfx/pokemon/suicune/front.2bpp gfx/pokemon/suicune/front.png
/workspace/toolchains/rgbds-1.0.4/rgbgfx -Weverything --colors gbc:gfx/pokemon/larvitar/normal.gbcpal -o gfx/pokemon/larvitar/front.2bpp gfx/pokemon/larvitar/front.png
/workspace/toolchains/rgbds-1.0.4/rgbgfx -Weverything --colors gbc:gfx/pokemon/pupitar/normal.gbcpal -o gfx/pokemon/pupitar/front.2bpp gfx/pokemon/pupitar/front.png
/workspace/toolchains/rgbds-1.0.4/rgbgfx -Weverything --colors gbc:gfx/pokemon/tyranitar/normal.gbcpal -o gfx/pokemon/tyranitar/front.2bpp gfx/pokemon/tyranitar/front.png
/workspace/toolchains/rgbds-1.0.4/rgbgfx -Weverything --colors gbc:gfx/pokemon/ho_oh/normal.gbcpal -o gfx/pokemon/ho_oh/front.2bpp gfx/pokemon/ho_oh/front.png
/workspace/toolchains/rgbds-1.0.4/rgbgfx -Weverything --colors gbc:gfx/pokemon/celebi/normal.gbcpal -o gfx/pokemon/celebi/front.2bpp gfx/pokemon/celebi/front.png
tools/pokemon_animation_graphics -t gfx/pokemon/egg/front.animated.tilemap gfx/pokemon/egg/front.2bpp gfx/pokemon/egg/front.dimensions
/workspace/toolchains/rgbds-1.0.4/rgbgfx --colors dmg -Weverything --colors gbc:gfx/pokemon/unown/normal.gbcpal -o gfx/pokemon/unown_a/front.2bpp gfx/pokemon/unown_a/front.png
/workspace/toolchains/rgbds-1.0.4/rgbgfx --colors dmg -Weverything --colors gbc:gfx/pokemon/unown/normal.gbcpal -o gfx/pokemon/unown_b/front.2bpp gfx/pokemon/unown_b/front.png
/workspace/toolchains/rgbds-1.0.4/rgbgfx --colors dmg -Weverything --colors gbc:gfx/pokemon/unown/normal.gbcpal -o gfx/pokemon/unown_c/front.2bpp gfx/pokemon/unown_c/front.png
/workspace/toolchains/rgbds-1.0.4/rgbgfx --colors dmg -Weverything --colors gbc:gfx/pokemon/unown/normal.gbcpal -o gfx/pokemon/unown_d/front.2bpp gfx/pokemon/unown_d/front.png
tools/pokemon_animation_graphics -t gfx/pokemon/unown_e/front.animated.tilemap gfx/pokemon/unown_e/front.2bpp gfx/pokemon/unown_e/front.dimensions
tools/pokemon_animation_graphics -t gfx/pokemon/unown_f/front.animated.tilemap gfx/pokemon/unown_f/front.2bpp gfx/pokemon/unown_f/front.dimensions
tools/pokemon_animation_graphics -t gfx/pokemon/unown_g/front.animated.tilemap gfx/pokemon/unown_g/front.2bpp gfx/pokemon/unown_g/front.dimensions
tools/pokemon_animation_graphics -t gfx/pokemon/unown_h/front.animated.tilemap gfx/pokemon/unown_h/front.2bpp gfx/pokemon/unown_h/front.dimensions
tools/pokemon_animation_graphics -t gfx/pokemon/unown_i/front.animated.tilemap gfx/pokemon/unown_i/front.2bpp gfx/pokemon/unown_i/front.dimensions
tools/pokemon_animation_graphics -t gfx/pokemon/unown_j/front.animated.tilemap gfx/pokemon/unown_j/front.2bpp gfx/pokemon/unown_j/front.dimensions
tools/pokemon_animation_graphics -t gfx/pokemon/unown_k/front.animated.tilemap gfx/pokemon/unown_k/front.2bpp gfx/pokemon/unown_k/front.dimensions
tools/pokemon_animation_graphics -t gfx/pokemon/unown_l/front.animated.tilemap gfx/pokemon/unown_l/front.2bpp gfx/pokemon/unown_l/front.dimensions
tools/pokemon_animation_graphics -t gfx/pokemon/unown_m/front.animated.tilemap gfx/pokemon/unown_m/front.2bpp gfx/pokemon/unown_m/front.dimensions
tools/pokemon_animation_graphics -t gfx/pokemon/unown_n/front.animated.tilemap gfx/pokemon/unown_n/front.2bpp gfx/pokemon/unown_n/front.dimensions
tools/pokemon_animation_graphics -t gfx/pokemon/unown_o/front.animated.tilemap gfx/pokemon/unown_o/front.2bpp gfx/pokemon/unown_o/front.dimensions
tools/pokemon_animation_graphics -t gfx/pokemon/unown_p/front.animated.tilemap gfx/pokemon/unown_p/front.2bpp gfx/pokemon/unown_p/front.dimensions
tools/pokemon_animation_graphics -t gfx/pokemon/unown_q/front.animated.tilemap gfx/pokemon/unown_q/front.2bpp gfx/pokemon/unown_q/front.dimensions
tools/pokemon_animation_graphics -t gfx/pokemon/unown_r/front.animated.tilemap gfx/pokemon/unown_r/front.2bpp gfx/pokemon/unown_r/front.dimensions
tools/pokemon_animation_graphics -t gfx/pokemon/unown_s/front.animated.tilemap gfx/pokemon/unown_s/front.2bpp gfx/pokemon/unown_s/front.dimensions
tools/pokemon_animation_graphics -t gfx/pokemon/unown_t/front.animated.tilemap gfx/pokemon/unown_t/front.2bpp gfx/pokemon/unown_t/front.dimensions
tools/pokemon_animation_graphics -t gfx/pokemon/unown_u/front.animated.tilemap gfx/pokemon/unown_u/front.2bpp gfx/pokemon/unown_u/front.dimensions
tools/pokemon_animation_graphics -t gfx/pokemon/unown_v/front.animated.tilemap gfx/pokemon/unown_v/front.2bpp gfx/pokemon/unown_v/front.dimensions
tools/pokemon_animation_graphics -t gfx/pokemon/unown_w/front.animated.tilemap gfx/pokemon/unown_w/front.2bpp gfx/pokemon/unown_w/front.dimensions
tools/pokemon_animation_graphics -t gfx/pokemon/unown_x/front.animated.tilemap gfx/pokemon/unown_x/front.2bpp gfx/pokemon/unown_x/front.dimensions
tools/pokemon_animation_graphics -t gfx/pokemon/unown_y/front.animated.tilemap gfx/pokemon/unown_y/front.2bpp gfx/pokemon/unown_y/front.dimensions
tools/pokemon_animation_graphics -t gfx/pokemon/unown_z/front.animated.tilemap gfx/pokemon/unown_z/front.2bpp gfx/pokemon/unown_z/front.dimensions
/workspace/toolchains/rgbds-1.0.4/rgbgfx --colors dmg -Weverything -o gfx/card_flip/card_flip_3.2bpp gfx/card_flip/card_flip_3.png
/workspace/toolchains/rgbds-1.0.4/rgbgfx --colors dmg -Weverything -o gfx/card_flip/off.2bpp gfx/card_flip/off.png
/workspace/toolchains/rgbds-1.0.4/rgbgfx --colors dmg -Weverything -o gfx/card_flip/on.2bpp gfx/card_flip/on.png
/workspace/toolchains/rgbds-1.0.4/rgbgfx --colors dmg -Weverything -o gfx/card_flip/card_flip_1.2bpp gfx/card_flip/card_flip_1.png
/workspace/toolchains/rgbds-1.0.4/rgbgfx --colors dmg -Weverything -o gfx/card_flip/card_flip_2.2bpp gfx/card_flip/card_flip_2.png
/workspace/toolchains/rgbds-1.0.4/rgbgfx --colors dmg -Weverything -o gfx/unown_puzzle/tile_borders.2bpp gfx/unown_puzzle/tile_borders.png
tools/gfx --remove-whitespace -o gfx/card_flip/card_flip_2.2bpp gfx/card_flip/card_flip_2.2bpp || $(rm -f gfx/card_flip/card_flip_2.2bpp && false)
tools/gfx --trim-whitespace -o gfx/card_flip/card_flip_1.2bpp gfx/card_flip/card_flip_1.2bpp || $(rm -f gfx/card_flip/card_flip_1.2bpp && false)
/workspace/toolchains/rgbds-1.0.4/rgbgfx --colors dmg -Weverything -o gfx/unown_puzzle/cursor.2bpp gfx/unown_puzzle/cursor.png
/workspace/toolchains/rgbds-1.0.4/rgbgfx --colors dmg -Weverything -o gfx/unown_puzzle/start_cancel.2bpp gfx/unown_puzzle/start_cancel.png
/workspace/toolchains/rgbds-1.0.4/rgbgfx --colors dmg -Weverything -o gfx/unown_puzzle/hooh.2bpp gfx/unown_puzzle/hooh.png
/workspace/toolchains/rgbds-1.0.4/rgbgfx --colors dmg -Weverything -o gfx/unown_puzzle/aerodactyl.2bpp gfx/unown_puzzle/aerodactyl.png
/workspace/toolchains/rgbds-1.0.4/rgbgfx --colors dmg -Weverything -o gfx/unown_puzzle/kabuto.2bpp gfx/unown_puzzle/kabuto.png
/workspace/toolchains/rgbds-1.0.4/rgbgfx --colors dmg -Weverything -o gfx/unown_puzzle/omanyte.2bpp gfx/unown_puzzle/omanyte.png
/workspace/toolchains/rgbds-1.0.4/rgbgfx --colors dmg -Weverything -o gfx/memory_game/memory_game.2bpp gfx/memory_game/memory_game.png
/workspace/toolchains/rgbds-1.0.4/rgbgfx --colors dmg -Weverything -o gfx/pc/pc.2bpp gfx/pc/pc.png
/workspace/toolchains/rgbds-1.0.4/rgbgfx --colors dmg -Weverything -o gfx/pc/pc_mail.2bpp gfx/pc/pc_mail.png
/workspace/toolchains/rgbds-1.0.4/rgbgfx --colors dmg -Weverything --depth 1 -o gfx/splash/gamefreak_presents.1bpp gfx/splash/gamefreak_presents.png
/workspace/toolchains/rgbds-1.0.4/rgbgfx --colors dmg -Weverything --depth 1 -o gfx/splash/gamefreak_logo.1bpp gfx/splash/gamefreak_logo.png
/workspace/toolchains/rgbds-1.0.4/rgbgfx --colors dmg -Weverything -o gfx/intro/suicune_run.2bpp gfx/intro/suicune_run.png
/workspace/toolchains/rgbds-1.0.4/rgbgfx --colors dmg -Weverything -o gfx/intro/pichu_wooper.2bpp gfx/intro/pichu_wooper.png
/workspace/toolchains/rgbds-1.0.4/rgbgfx --colors dmg -Weverything -o gfx/intro/background.2bpp gfx/intro/background.png
tools/lzcompress --matching --align 4 -- gfx/intro/background.tilemap gfx/intro/background.tilemap.lz
tools/lzcompress --matching --align 4 -- gfx/intro/background.attrmap gfx/intro/background.attrmap.lz
/workspace/toolchains/rgbds-1.0.4/rgbgfx --colors dmg -Weverything -o gfx/intro/unowns.2bpp gfx/intro/unowns.png
/workspace/toolchains/rgbds-1.0.4/rgbgfx --colors dmg -Weverything -o gfx/intro/pulse.2bpp gfx/intro/pulse.png
tools/lzcompress --matching --align 4 -- gfx/intro/unown_a.tilemap gfx/intro/unown_a.tilemap.lz
tools/lzcompress --matching --align 4 -- gfx/intro/unown_a.attrmap gfx/intro/unown_a.attrmap.lz
tools/lzcompress --matching --align 4 -- gfx/intro/unown_hi.tilemap gfx/intro/unown_hi.tilemap.lz
tools/lzcompress --matching --align 4 -- gfx/intro/unown_hi.attrmap gfx/intro/unown_hi.attrmap.lz
tools/lzcompress --matching --align 4 -- gfx/intro/unowns.tilemap gfx/intro/unowns.tilemap.lz
tools/lzcompress --matching --align 4 -- gfx/intro/unowns.attrmap gfx/intro/unowns.attrmap.lz
/workspace/toolchains/rgbds-1.0.4/rgbgfx --colors dmg -Weverything -o gfx/intro/crystal_unowns.2bpp gfx/intro/crystal_unowns.png
tools/lzcompress --matching --align 4 -- gfx/intro/crystal_unowns.tilemap gfx/intro/crystal_unowns.tilemap.lz
tools/lzcompress --matching --align 4 -- gfx/intro/crystal_unowns.attrmap gfx/intro/crystal_unowns.attrmap.lz
/workspace/toolchains/rgbds-1.0.4/rgbgfx --colors dmg -Weverything -o gfx/intro/suicune_close.2bpp gfx/intro/suicune_close.png
tools/lzcompress --matching --align 4 -- gfx/intro/suicune_close.tilemap gfx/intro/suicune_close.tilemap.lz
tools/lzcompress --matching --align 4 -- gfx/intro/suicune_close.attrmap gfx/intro/suicune_close.attrmap.lz
/workspace/toolchains/rgbds-1.0.4/rgbgfx --colors dmg -Weverything -o gfx/intro/suicune_jump.2bpp gfx/intro/suicune_jump.png
/workspace/toolchains/rgbds-1.0.4/rgbgfx --colors dmg -Weverything -o gfx/intro/suicune_back.2bpp gfx/intro/suicune_back.png
tools/lzcompress --matching --align 4 -- gfx/intro/suicune_jump.tilemap gfx/intro/suicune_jump.tilemap.lz
tools/lzcompress --matching --align 4 -- gfx/intro/suicune_jump.attrmap gfx/intro/suicune_jump.attrmap.lz
tools/lzcompress --matching --align 4 -- gfx/intro/suicune_back.tilemap gfx/intro/suicune_back.tilemap.lz
tools/lzcompress --matching --align 4 -- gfx/intro/suicune_back.attrmap gfx/intro/suicune_back.attrmap.lz
/workspace/toolchains/rgbds-1.0.4/rgbgfx --colors dmg -Weverything -o gfx/intro/unown_back.2bpp gfx/intro/unown_back.png
/workspace/toolchains/rgbds-1.0.4/rgbgfx --colors dmg -Weverything -o gfx/intro/grass1.2bpp gfx/intro/grass1.png
/workspace/toolchains/rgbds-1.0.4/rgbgfx --colors dmg -Weverything -o gfx/intro/grass2.2bpp gfx/intro/grass2.png
/workspace/toolchains/rgbds-1.0.4/rgbgfx --colors dmg -Weverything -o gfx/intro/grass3.2bpp gfx/intro/grass3.png
/workspace/toolchains/rgbds-1.0.4/rgbgfx --colors dmg -Weverything -o gfx/intro/grass4.2bpp gfx/intro/grass4.png
/workspace/toolchains/rgbds-1.0.4/rgbgfx --colors dmg -Weverything -o gfx/font/font_extra.2bpp gfx/font/font_extra.png
/workspace/toolchains/rgbds-1.0.4/rgbgfx --colors dmg -Weverything --depth 1 -o gfx/font/font.1bpp gfx/font/font.png
/workspace/toolchains/rgbds-1.0.4/rgbgfx --colors dmg -Weverything -o gfx/font/font_battle_extra.2bpp gfx/font/font_battle_extra.png
/workspace/toolchains/rgbds-1.0.4/rgbgfx --colors dmg -Weverything --depth 1 -o gfx/frames/1.1bpp gfx/frames/1.png
/workspace/toolchains/rgbds-1.0.4/rgbgfx --colors dmg -Weverything --depth 1 -o gfx/frames/2.1bpp gfx/frames/2.png
/workspace/toolchains/rgbds-1.0.4/rgbgfx --colors dmg -Weverything --depth 1 -o gfx/frames/3.1bpp gfx/frames/3.png
/workspace/toolchains/rgbds-1.0.4/rgbgfx --colors dmg -Weverything --depth 1 -o gfx/frames/4.1bpp gfx/frames/4.png
/workspace/toolchains/rgbds-1.0.4/rgbgfx --colors dmg -Weverything --depth 1 -o gfx/frames/5.1bpp gfx/frames/5.png
/workspace/toolchains/rgbds-1.0.4/rgbgfx --colors dmg -Weverything --depth 1 -o gfx/frames/6.1bpp gfx/frames/6.png
/workspace/toolchains/rgbds-1.0.4/rgbgfx --colors dmg -Weverything --depth 1 -o gfx/frames/7.1bpp gfx/frames/7.png
/workspace/toolchains/rgbds-1.0.4/rgbgfx --colors dmg -Weverything --depth 1 -o gfx/frames/8.1bpp gfx/frames/8.png
/workspace/toolchains/rgbds-1.0.4/rgbgfx --colors dmg -Weverything --depth 1 -o gfx/frames/9.1bpp gfx/frames/9.png
/workspace/toolchains/rgbds-1.0.4/rgbgfx --colors dmg -Weverything -o gfx/stats/stats_tiles.2bpp gfx/stats/stats_tiles.png
/workspace/toolchains/rgbds-1.0.4/rgbgfx --colors dmg -Weverything --depth 1 -o gfx/battle/enemy_hp_bar_border.1bpp gfx/battle/enemy_hp_bar_border.png
/workspace/toolchains/rgbds-1.0.4/rgbgfx --colors dmg -Weverything --depth 1 -o gfx/battle/hp_exp_bar_border.1bpp gfx/battle/hp_exp_bar_border.png
/workspace/toolchains/rgbds-1.0.4/rgbgfx --colors dmg -Weverything -o gfx/battle/expbar.2bpp gfx/battle/expbar.png
/workspace/toolchains/rgbds-1.0.4/rgbgfx --colors dmg -Weverything -o gfx/pokegear/town_map.2bpp gfx/pokegear/town_map.png
/workspace/toolchains/rgbds-1.0.4/rgbgfx --colors dmg -Weverything -o gfx/font/unused_weekday_kanji.2bpp gfx/font/unused_weekday_kanji.png
/workspace/toolchains/rgbds-1.0.4/rgbgfx --colors dmg -Weverything -o gfx/font/phone_icon.2bpp gfx/font/phone_icon.png
/workspace/toolchains/rgbds-1.0.4/rgbgfx --colors dmg -Weverything --depth 1 -o gfx/font/unused_bold_font.1bpp gfx/font/unused_bold_font.png
/workspace/toolchains/rgbds-1.0.4/rgbgfx --colors dmg -Weverything --depth 1 -o gfx/font/black.1bpp gfx/font/black.png
/workspace/toolchains/rgbds-1.0.4/rgbgfx --colors dmg -Weverything --depth 1 -o gfx/font/unused_up_arrow.1bpp gfx/font/unused_up_arrow.png
/workspace/toolchains/rgbds-1.0.4/rgbgfx --colors dmg -Weverything -o gfx/mobile/phone_tiles.2bpp gfx/mobile/phone_tiles.png
tools/gfx --trim-whitespace --depth 1 -o gfx/font/unused_bold_font.1bpp gfx/font/unused_bold_font.1bpp || $(rm -f gfx/font/unused_bold_font.1bpp && false)
/workspace/toolchains/rgbds-1.0.4/rgbgfx --colors dmg -Weverything -o gfx/frames/map_entry_sign.2bpp gfx/frames/map_entry_sign.png
tools/gfx --remove-whitespace -o gfx/mobile/phone_tiles.2bpp gfx/mobile/phone_tiles.2bpp || $(rm -f gfx/mobile/phone_tiles.2bpp && false)
/workspace/toolchains/rgbds-1.0.4/rgbgfx --colors dmg -Weverything -o gfx/font/up_arrow.2bpp gfx/font/up_arrow.png
/workspace/toolchains/rgbds-1.0.4/rgbgfx --colors dmg -Weverything --depth 1 -o gfx/footprints/bulbasaur.1bpp gfx/footprints/bulbasaur.png
/workspace/toolchains/rgbds-1.0.4/rgbgfx --colors dmg -Weverything --depth 1 -o gfx/footprints/ivysaur.1bpp gfx/footprints/ivysaur.png
/workspace/toolchains/rgbds-1.0.4/rgbgfx --colors dmg -Weverything --depth 1 -o gfx/footprints/venusaur.1bpp gfx/footprints/venusaur.png
/workspace/toolchains/rgbds-1.0.4/rgbgfx --colors dmg -Weverything --depth 1 -o gfx/footprints/charmander.1bpp gfx/footprints/charmander.png
/workspace/toolchains/rgbds-1.0.4/rgbgfx --colors dmg -Weverything --depth 1 -o gfx/footprints/charmeleon.1bpp gfx/footprints/charmeleon.png
/workspace/toolchains/rgbds-1.0.4/rgbgfx --colors dmg -Weverything --depth 1 -o gfx/footprints/charizard.1bpp gfx/footprints/charizard.png
/workspace/toolchains/rgbds-1.0.4/rgbgfx --colors dmg -Weverything --depth 1 -o gfx/footprints/squirtle.1bpp gfx/footprints/squirtle.png
/workspace/toolchains/rgbds-1.0.4/rgbgfx --colors dmg -Weverything --depth 1 -o gfx/footprints/wartortle.1bpp gfx/footprints/wartortle.png
/workspace/toolchains/rgbds-1.0.4/rgbgfx --colors dmg -Weverything --depth 1 -o gfx/footprints/blastoise.1bpp gfx/footprints/blastoise.png
/workspace/toolchains/rgbds-1.0.4/rgbgfx --colors dmg -Weverything --depth 1 -o gfx/footprints/caterpie.1bpp gfx/footprints/caterpie.png
/workspace/toolchains/rgbds-1.0.4/rgbgfx --colors dmg -Weverything --depth 1 -o gfx/footprints/metapod.1bpp gfx/footprints/metapod.png
/workspace/toolchains/rgbds-1.0.4/rgbgfx --colors dmg -Weverything --depth 1 -o gfx/footprints/butterfree.1bpp gfx/footprints/butterfree.png
/workspace/toolchains/rgbds-1.0.4/rgbgfx --colors dmg -Weverything --depth 1 -o gfx/footprints/weedle.1bpp gfx/footprints/weedle.png
/workspace/toolchains/rgbds-1.0.4/rgbgfx --colors dmg -Weverything --depth 1 -o gfx/footprints/kakuna.1bpp gfx/footprints/kakuna.png
/workspace/toolchains/rgbds-1.0.4/rgbgfx --colors dmg -Weverything --depth 1 -o gfx/footprints/beedrill.1bpp gfx/footprints/beedrill.png
/workspace/toolchains/rgbds-1.0.4/rgbgfx --colors dmg -Weverything --depth 1 -o gfx/footprints/pidgey.1bpp gfx/footprints/pidgey.png
/workspace/toolchains/rgbds-1.0.4/rgbgfx --colors dmg -Weverything --depth 1 -o gfx/footprints/pidgeotto.1bpp gfx/footprints/pidgeotto.png
/workspace/toolchains/rgbds-1.0.4/rgbgfx --colors dmg -Weverything --depth 1 -o gfx/footprints/pidgeot.1bpp gfx/footprints/pidgeot.png
/workspace/toolchains/rgbds-1.0.4/rgbgfx --colors dmg -Weverything --depth 1 -o gfx/footprints/rattata.1bpp gfx/footprints/rattata.png
/workspace/toolchains/rgbds-1.0.4/rgbgfx --colors dmg -Weverything --depth 1 -o gfx/footprints/raticate.1bpp gfx/footprints/raticate.png
/workspace/toolchains/rgbds-1.0.4/rgbgfx --colors dmg -Weverything --depth 1 -o gfx/footprints/spearow.1bpp gfx/footprints/spearow.png
/workspace/toolchains/rgbds-1.0.4/rgbgfx --colors dmg -Weverything --depth 1 -o gfx/footprints/fearow.1bpp gfx/footprints/fearow.png
/workspace/toolchains/rgbds-1.0.4/rgbgfx --colors dmg -Weverything --depth 1 -o gfx/footprints/ekans.1bpp gfx/footprints/ekans.png
/workspace/toolchains/rgbds-1.0.4/rgbgfx --colors dmg -Weverything --depth 1 -o gfx/footprints/arbok.1bpp gfx/footprints/arbok.png
/workspace/toolchains/rgbds-1.0.4/rgbgfx --colors dmg -Weverything --depth 1 -o gfx/footprints/pikachu.1bpp gfx/footprints/pikachu.png
/workspace/toolchains/rgbds-1.0.4/rgbgfx --colors dmg -Weverything --depth 1 -o gfx/footprints/raichu.1bpp gfx/footprints/raichu.png
/workspace/toolchains/rgbds-1.0.4/rgbgfx --colors dmg -Weverything --depth 1 -o gfx/footprints/sandshrew.1bpp gfx/footprints/sandshrew.png
/workspace/toolchains/rgbds-1.0.4/rgbgfx --colors dmg -Weverything --depth 1 -o gfx/footprints/sandslash.1bpp gfx/footprints/sandslash.png
/workspace/toolchains/rgbds-1.0.4/rgbgfx --colors dmg -Weverything --depth 1 -o gfx/footprints/nidoran_f.1bpp gfx/footprints/nidoran_f.png
/workspace/toolchains/rgbds-1.0.4/rgbgfx --colors dmg -Weverything --depth 1 -o gfx/footprints/nidorina.1bpp gfx/footprints/nidorina.png
/workspace/toolchains/rgbds-1.0.4/rgbgfx --colors dmg -Weverything --depth 1 -o gfx/footprints/nidoqueen.1bpp gfx/footprints/nidoqueen.png
/workspace/toolchains/rgbds-1.0.4/rgbgfx --colors dmg -Weverything --depth 1 -o gfx/footprints/nidoran_m.1bpp gfx/footprints/nidoran_m.png
/workspace/toolchains/rgbds-1.0.4/rgbgfx --colors dmg -Weverything --depth 1 -o gfx/footprints/nidorino.1bpp gfx/footprints/nidorino.png
/workspace/toolchains/rgbds-1.0.4/rgbgfx --colors dmg -Weverything --depth 1 -o gfx/footprints/nidoking.1bpp gfx/footprints/nidoking.png
/workspace/toolchains/rgbds-1.0.4/rgbgfx --colors dmg -Weverything --depth 1 -o gfx/footprints/clefairy.1bpp gfx/footprints/clefairy.png
/workspace/toolchains/rgbds-1.0.4/rgbgfx --colors dmg -Weverything --depth 1 -o gfx/footprints/clefable.1bpp gfx/footprints/clefable.png
/workspace/toolchains/rgbds-1.0.4/rgbgfx --colors dmg -Weverything --depth 1 -o gfx/footprints/vulpix.1bpp gfx/footprints/vulpix.png
/workspace/toolchains/rgbds-1.0.4/rgbgfx --colors dmg -Weverything --depth 1 -o gfx/footprints/ninetales.1bpp gfx/footprints/ninetales.png
/workspace/toolchains/rgbds-1.0.4/rgbgfx --colors dmg -Weverything --depth 1 -o gfx/footprints/jigglypuff.1bpp gfx/footprints/jigglypuff.png
/workspace/toolchains/rgbds-1.0.4/rgbgfx --colors dmg -Weverything --depth 1 -o gfx/footprints/wigglytuff.1bpp gfx/footprints/wigglytuff.png
/workspace/toolchains/rgbds-1.0.4/rgbgfx --colors dmg -Weverything --depth 1 -o gfx/footprints/zubat.1bpp gfx/footprints/zubat.png
/workspace/toolchains/rgbds-1.0.4/rgbgfx --colors dmg -Weverything --depth 1 -o gfx/footprints/golbat.1bpp gfx/footprints/golbat.png
/workspace/toolchains/rgbds-1.0.4/rgbgfx --colors dmg -Weverything --depth 1 -o gfx/footprints/oddish.1bpp gfx/footprints/oddish.png
/workspace/toolchains/rgbds-1.0.4/rgbgfx --colors dmg -Weverything --depth 1 -o gfx/footprints/gloom.1bpp gfx/footprints/gloom.png
/workspace/toolchains/rgbds-1.0.4/rgbgfx --colors dmg -Weverything --depth 1 -o gfx/footprints/vileplume.1bpp gfx/footprints/vileplume.png
/workspace/toolchains/rgbds-1.0.4/rgbgfx --colors dmg -Weverything --depth 1 -o gfx/footprints/paras.1bpp gfx/footprints/paras.png
/workspace/toolchains/rgbds-1.0.4/rgbgfx --colors dmg -Weverything --depth 1 -o gfx/footprints/parasect.1bpp gfx/footprints/parasect.png
/workspace/toolchains/rgbds-1.0.4/rgbgfx --colors dmg -Weverything --depth 1 -o gfx/footprints/venonat.1bpp gfx/footprints/venonat.png
/workspace/toolchains/rgbds-1.0.4/rgbgfx --colors dmg -Weverything --depth 1 -o gfx/footprints/venomoth.1bpp gfx/footprints/venomoth.png
/workspace/toolchains/rgbds-1.0.4/rgbgfx --colors dmg -Weverything --depth 1 -o gfx/footprints/diglett.1bpp gfx/footprints/diglett.png
/workspace/toolchains/rgbds-1.0.4/rgbgfx --colors dmg -Weverything --depth 1 -o gfx/footprints/dugtrio.1bpp gfx/footprints/dugtrio.png
/workspace/toolchains/rgbds-1.0.4/rgbgfx --colors dmg -Weverything --depth 1 -o gfx/footprints/meowth.1bpp gfx/footprints/meowth.png
/workspace/toolchains/rgbds-1.0.4/rgbgfx --colors dmg -Weverything --depth 1 -o gfx/footprints/persian.1bpp gfx/footprints/persian.png
/workspace/toolchains/rgbds-1.0.4/rgbgfx --colors dmg -Weverything --depth 1 -o gfx/footprints/psyduck.1bpp gfx/footprints/psyduck.png
/workspace/toolchains/rgbds-1.0.4/rgbgfx --colors dmg -Weverything --depth 1 -o gfx/footprints/golduck.1bpp gfx/footprints/golduck.png
/workspace/toolchains/rgbds-1.0.4/rgbgfx --colors dmg -Weverything --depth 1 -o gfx/footprints/mankey.1bpp gfx/footprints/mankey.png
/workspace/toolchains/rgbds-1.0.4/rgbgfx --colors dmg -Weverything --depth 1 -o gfx/footprints/primeape.1bpp gfx/footprints/primeape.png
/workspace/toolchains/rgbds-1.0.4/rgbgfx --colors dmg -Weverything --depth 1 -o gfx/footprints/growlithe.1bpp gfx/footprints/growlithe.png
/workspace/toolchains/rgbds-1.0.4/rgbgfx --colors dmg -Weverything --depth 1 -o gfx/footprints/arcanine.1bpp gfx/footprints/arcanine.png
/workspace/toolchains/rgbds-1.0.4/rgbgfx --colors dmg -Weverything --depth 1 -o gfx/footprints/poliwag.1bpp gfx/footprints/poliwag.png
/workspace/toolchains/rgbds-1.0.4/rgbgfx --colors dmg -Weverything --depth 1 -o gfx/footprints/poliwhirl.1bpp gfx/footprints/poliwhirl.png
/workspace/toolchains/rgbds-1.0.4/rgbgfx --colors dmg -Weverything --depth 1 -o gfx/footprints/poliwrath.1bpp gfx/footprints/poliwrath.png
/workspace/toolchains/rgbds-1.0.4/rgbgfx --colors dmg -Weverything --depth 1 -o gfx/footprints/abra.1bpp gfx/footprints/abra.png
/workspace/toolchains/rgbds-1.0.4/rgbgfx --colors dmg -Weverything --depth 1 -o gfx/footprints/kadabra.1bpp gfx/footprints/kadabra.png
/workspace/toolchains/rgbds-1.0.4/rgbgfx --colors dmg -Weverything --depth 1 -o gfx/footprints/alakazam.1bpp gfx/footprints/alakazam.png
/workspace/toolchains/rgbds-1.0.4/rgbgfx --colors dmg -Weverything --depth 1 -o gfx/footprints/machop.1bpp gfx/footprints/machop.png
/workspace/toolchains/rgbds-1.0.4/rgbgfx --colors dmg -Weverything --depth 1 -o gfx/footprints/machoke.1bpp gfx/footprints/machoke.png
/workspace/toolchains/rgbds-1.0.4/rgbgfx --colors dmg -Weverything --depth 1 -o gfx/footprints/machamp.1bpp gfx/footprints/machamp.png
/workspace/toolchains/rgbds-1.0.4/rgbgfx --colors dmg -Weverything --depth 1 -o gfx/footprints/bellsprout.1bpp gfx/footprints/bellsprout.png
/workspace/toolchains/rgbds-1.0.4/rgbgfx --colors dmg -Weverything --depth 1 -o gfx/footprints/weepinbell.1bpp gfx/footprints/weepinbell.png
/workspace/toolchains/rgbds-1.0.4/rgbgfx --colors dmg -Weverything --depth 1 -o gfx/footprints/victreebel.1bpp gfx/footprints/victreebel.png
/workspace/toolchains/rgbds-1.0.4/rgbgfx --colors dmg -Weverything --depth 1 -o gfx/footprints/tentacool.1bpp gfx/footprints/tentacool.png
/workspace/toolchains/rgbds-1.0.4/rgbgfx --colors dmg -Weverything --depth 1 -o gfx/footprints/tentacruel.1bpp gfx/footprints/tentacruel.png
/workspace/toolchains/rgbds-1.0.4/rgbgfx --colors dmg -Weverything --depth 1 -o gfx/footprints/geodude.1bpp gfx/footprints/geodude.png
/workspace/toolchains/rgbds-1.0.4/rgbgfx --colors dmg -Weverything --depth 1 -o gfx/footprints/graveler.1bpp gfx/footprints/graveler.png
/workspace/toolchains/rgbds-1.0.4/rgbgfx --colors dmg -Weverything --depth 1 -o gfx/footprints/golem.1bpp gfx/footprints/golem.png
/workspace/toolchains/rgbds-1.0.4/rgbgfx --colors dmg -Weverything --depth 1 -o gfx/footprints/ponyta.1bpp gfx/footprints/ponyta.png
/workspace/toolchains/rgbds-1.0.4/rgbgfx --colors dmg -Weverything --depth 1 -o gfx/footprints/rapidash.1bpp gfx/footprints/rapidash.png
/workspace/toolchains/rgbds-1.0.4/rgbgfx --colors dmg -Weverything --depth 1 -o gfx/footprints/slowpoke.1bpp gfx/footprints/slowpoke.png
/workspace/toolchains/rgbds-1.0.4/rgbgfx --colors dmg -Weverything --depth 1 -o gfx/footprints/slowbro.1bpp gfx/footprints/slowbro.png
/workspace/toolchains/rgbds-1.0.4/rgbgfx --colors dmg -Weverything --depth 1 -o gfx/footprints/magnemite.1bpp gfx/footprints/magnemite.png
/workspace/toolchains/rgbds-1.0.4/rgbgfx --colors dmg -Weverything --depth 1 -o gfx/footprints/magneton.1bpp gfx/footprints/magneton.png
/workspace/toolchains/rgbds-1.0.4/rgbgfx --colors dmg -Weverything --depth 1 -o gfx/footprints/farfetch_d.1bpp gfx/footprints/farfetch_d.png
/workspace/toolchains/rgbds-1.0.4/rgbgfx --colors dmg -Weverything --depth 1 -o gfx/footprints/doduo.1bpp gfx/footprints/doduo.png
/workspace/toolchains/rgbds-1.0.4/rgbgfx --colors dmg -Weverything --depth 1 -o gfx/footprints/dodrio.1bpp gfx/footprints/dodrio.png
/workspace/toolchains/rgbds-1.0.4/rgbgfx --colors dmg -Weverything --depth 1 -o gfx/footprints/seel.1bpp gfx/footprints/seel.png
/workspace/toolchains/rgbds-1.0.4/rgbgfx --colors dmg -Weverything --depth 1 -o gfx/footprints/dewgong.1bpp gfx/footprints/dewgong.png
/workspace/toolchains/rgbds-1.0.4/rgbgfx --colors dmg -Weverything --depth 1 -o gfx/footprints/grimer.1bpp gfx/footprints/grimer.png
/workspace/toolchains/rgbds-1.0.4/rgbgfx --colors dmg -Weverything --depth 1 -o gfx/footprints/muk.1bpp gfx/footprints/muk.png
/workspace/toolchains/rgbds-1.0.4/rgbgfx --colors dmg -Weverything --depth 1 -o gfx/footprints/shellder.1bpp gfx/footprints/shellder.png
/workspace/toolchains/rgbds-1.0.4/rgbgfx --colors dmg -Weverything --depth 1 -o gfx/footprints/cloyster.1bpp gfx/footprints/cloyster.png
/workspace/toolchains/rgbds-1.0.4/rgbgfx --colors dmg -Weverything --depth 1 -o gfx/footprints/gastly.1bpp gfx/footprints/gastly.png
/workspace/toolchains/rgbds-1.0.4/rgbgfx --colors dmg -Weverything --depth 1 -o gfx/footprints/haunter.1bpp gfx/footprints/haunter.png
/workspace/toolchains/rgbds-1.0.4/rgbgfx --colors dmg -Weverything --depth 1 -o gfx/footprints/gengar.1bpp gfx/footprints/gengar.png
/workspace/toolchains/rgbds-1.0.4/rgbgfx --colors dmg -Weverything --depth 1 -o gfx/footprints/onix.1bpp gfx/footprints/onix.png
/workspace/toolchains/rgbds-1.0.4/rgbgfx --colors dmg -Weverything --depth 1 -o gfx/footprints/drowzee.1bpp gfx/footprints/drowzee.png
/workspace/toolchains/rgbds-1.0.4/rgbgfx --colors dmg -Weverything --depth 1 -o gfx/footprints/hypno.1bpp gfx/footprints/hypno.png
/workspace/toolchains/rgbds-1.0.4/rgbgfx --colors dmg -Weverything --depth 1 -o gfx/footprints/krabby.1bpp gfx/footprints/krabby.png
/workspace/toolchains/rgbds-1.0.4/rgbgfx --colors dmg -Weverything --depth 1 -o gfx/footprints/kingler.1bpp gfx/footprints/kingler.png
/workspace/toolchains/rgbds-1.0.4/rgbgfx --colors dmg -Weverything --depth 1 -o gfx/footprints/voltorb.1bpp gfx/footprints/voltorb.png
/workspace/toolchains/rgbds-1.0.4/rgbgfx --colors dmg -Weverything --depth 1 -o gfx/footprints/electrode.1bpp gfx/footprints/electrode.png
/workspace/toolchains/rgbds-1.0.4/rgbgfx --colors dmg -Weverything --depth 1 -o gfx/footprints/exeggcute.1bpp gfx/footprints/exeggcute.png
/workspace/toolchains/rgbds-1.0.4/rgbgfx --colors dmg -Weverything --depth 1 -o gfx/footprints/exeggutor.1bpp gfx/footprints/exeggutor.png
/workspace/toolchains/rgbds-1.0.4/rgbgfx --colors dmg -Weverything --depth 1 -o gfx/footprints/cubone.1bpp gfx/footprints/cubone.png
/workspace/toolchains/rgbds-1.0.4/rgbgfx --colors dmg -Weverything --depth 1 -o gfx/footprints/marowak.1bpp gfx/footprints/marowak.png
/workspace/toolchains/rgbds-1.0.4/rgbgfx --colors dmg -Weverything --depth 1 -o gfx/footprints/hitmonlee.1bpp gfx/footprints/hitmonlee.png
/workspace/toolchains/rgbds-1.0.4/rgbgfx --colors dmg -Weverything --depth 1 -o gfx/footprints/hitmonchan.1bpp gfx/footprints/hitmonchan.png
/workspace/toolchains/rgbds-1.0.4/rgbgfx --colors dmg -Weverything --depth 1 -o gfx/footprints/lickitung.1bpp gfx/footprints/lickitung.png
/workspace/toolchains/rgbds-1.0.4/rgbgfx --colors dmg -Weverything --depth 1 -o gfx/footprints/koffing.1bpp gfx/footprints/koffing.png
/workspace/toolchains/rgbds-1.0.4/rgbgfx --colors dmg -Weverything --depth 1 -o gfx/footprints/weezing.1bpp gfx/footprints/weezing.png
/workspace/toolchains/rgbds-1.0.4/rgbgfx --colors dmg -Weverything --depth 1 -o gfx/footprints/rhyhorn.1bpp gfx/footprints/rhyhorn.png
/workspace/toolchains/rgbds-1.0.4/rgbgfx --colors dmg -Weverything --depth 1 -o gfx/footprints/rhydon.1bpp gfx/footprints/rhydon.png
/workspace/toolchains/rgbds-1.0.4/rgbgfx --colors dmg -Weverything --depth 1 -o gfx/footprints/chansey.1bpp gfx/footprints/chansey.png
/workspace/toolchains/rgbds-1.0.4/rgbgfx --colors dmg -Weverything --depth 1 -o gfx/footprints/tangela.1bpp gfx/footprints/tangela.png
/workspace/toolchains/rgbds-1.0.4/rgbgfx --colors dmg -Weverything --depth 1 -o gfx/footprints/kangaskhan.1bpp gfx/footprints/kangaskhan.png
/workspace/toolchains/rgbds-1.0.4/rgbgfx --colors dmg -Weverything --depth 1 -o gfx/footprints/horsea.1bpp gfx/footprints/horsea.png
/workspace/toolchains/rgbds-1.0.4/rgbgfx --colors dmg -Weverything --depth 1 -o gfx/footprints/seadra.1bpp gfx/footprints/seadra.png
/workspace/toolchains/rgbds-1.0.4/rgbgfx --colors dmg -Weverything --depth 1 -o gfx/footprints/goldeen.1bpp gfx/footprints/goldeen.png
/workspace/toolchains/rgbds-1.0.4/rgbgfx --colors dmg -Weverything --depth 1 -o gfx/footprints/seaking.1bpp gfx/footprints/seaking.png
/workspace/toolchains/rgbds-1.0.4/rgbgfx --colors dmg -Weverything --depth 1 -o gfx/footprints/staryu.1bpp gfx/footprints/staryu.png
/workspace/toolchains/rgbds-1.0.4/rgbgfx --colors dmg -Weverything --depth 1 -o gfx/footprints/starmie.1bpp gfx/footprints/starmie.png
/workspace/toolchains/rgbds-1.0.4/rgbgfx --colors dmg -Weverything --depth 1 -o gfx/footprints/mr__mime.1bpp gfx/footprints/mr__mime.png
/workspace/toolchains/rgbds-1.0.4/rgbgfx --colors dmg -Weverything --depth 1 -o gfx/footprints/scyther.1bpp gfx/footprints/scyther.png
/workspace/toolchains/rgbds-1.0.4/rgbgfx --colors dmg -Weverything --depth 1 -o gfx/footprints/jynx.1bpp gfx/footprints/jynx.png
/workspace/toolchains/rgbds-1.0.4/rgbgfx --colors dmg -Weverything --depth 1 -o gfx/footprints/electabuzz.1bpp gfx/footprints/electabuzz.png
/workspace/toolchains/rgbds-1.0.4/rgbgfx --colors dmg -Weverything --depth 1 -o gfx/footprints/magmar.1bpp gfx/footprints/magmar.png
/workspace/toolchains/rgbds-1.0.4/rgbgfx --colors dmg -Weverything --depth 1 -o gfx/footprints/pinsir.1bpp gfx/footprints/pinsir.png
/workspace/toolchains/rgbds-1.0.4/rgbgfx --colors dmg -Weverything --depth 1 -o gfx/footprints/tauros.1bpp gfx/footprints/tauros.png
/workspace/toolchains/rgbds-1.0.4/rgbgfx --colors dmg -Weverything --depth 1 -o gfx/footprints/magikarp.1bpp gfx/footprints/magikarp.png
/workspace/toolchains/rgbds-1.0.4/rgbgfx --colors dmg -Weverything --depth 1 -o gfx/footprints/gyarados.1bpp gfx/footprints/gyarados.png
/workspace/toolchains/rgbds-1.0.4/rgbgfx --colors dmg -Weverything --depth 1 -o gfx/footprints/lapras.1bpp gfx/footprints/lapras.png
/workspace/toolchains/rgbds-1.0.4/rgbgfx --colors dmg -Weverything --depth 1 -o gfx/footprints/ditto.1bpp gfx/footprints/ditto.png
/workspace/toolchains/rgbds-1.0.4/rgbgfx --colors dmg -Weverything --depth 1 -o gfx/footprints/eevee.1bpp gfx/footprints/eevee.png
/workspace/toolchains/rgbds-1.0.4/rgbgfx --colors dmg -Weverything --depth 1 -o gfx/footprints/vaporeon.1bpp gfx/footprints/vaporeon.png
/workspace/toolchains/rgbds-1.0.4/rgbgfx --colors dmg -Weverything --depth 1 -o gfx/footprints/jolteon.1bpp gfx/footprints/jolteon.png
/workspace/toolchains/rgbds-1.0.4/rgbgfx --colors dmg -Weverything --depth 1 -o gfx/footprints/flareon.1bpp gfx/footprints/flareon.png
/workspace/toolchains/rgbds-1.0.4/rgbgfx --colors dmg -Weverything --depth 1 -o gfx/footprints/porygon.1bpp gfx/footprints/porygon.png
/workspace/toolchains/rgbds-1.0.4/rgbgfx --colors dmg -Weverything --depth 1 -o gfx/footprints/omanyte.1bpp gfx/footprints/omanyte.png
/workspace/toolchains/rgbds-1.0.4/rgbgfx --colors dmg -Weverything --depth 1 -o gfx/footprints/omastar.1bpp gfx/footprints/omastar.png
/workspace/toolchains/rgbds-1.0.4/rgbgfx --colors dmg -Weverything --depth 1 -o gfx/footprints/kabuto.1bpp gfx/footprints/kabuto.png
/workspace/toolchains/rgbds-1.0.4/rgbgfx --colors dmg -Weverything --depth 1 -o gfx/footprints/kabutops.1bpp gfx/footprints/kabutops.png
/workspace/toolchains/rgbds-1.0.4/rgbgfx --colors dmg -Weverything --depth 1 -o gfx/footprints/aerodactyl.1bpp gfx/footprints/aerodactyl.png
/workspace/toolchains/rgbds-1.0.4/rgbgfx --colors dmg -Weverything --depth 1 -o gfx/footprints/snorlax.1bpp gfx/footprints/snorlax.png
/workspace/toolchains/rgbds-1.0.4/rgbgfx --colors dmg -Weverything --depth 1 -o gfx/footprints/articuno.1bpp gfx/footprints/articuno.png
/workspace/toolchains/rgbds-1.0.4/rgbgfx --colors dmg -Weverything --depth 1 -o gfx/footprints/zapdos.1bpp gfx/footprints/zapdos.png
/workspace/toolchains/rgbds-1.0.4/rgbgfx --colors dmg -Weverything --depth 1 -o gfx/footprints/moltres.1bpp gfx/footprints/moltres.png
/workspace/toolchains/rgbds-1.0.4/rgbgfx --colors dmg -Weverything --depth 1 -o gfx/footprints/dratini.1bpp gfx/footprints/dratini.png
/workspace/toolchains/rgbds-1.0.4/rgbgfx --colors dmg -Weverything --depth 1 -o gfx/footprints/dragonair.1bpp gfx/footprints/dragonair.png
/workspace/toolchains/rgbds-1.0.4/rgbgfx --colors dmg -Weverything --depth 1 -o gfx/footprints/dragonite.1bpp gfx/footprints/dragonite.png
/workspace/toolchains/rgbds-1.0.4/rgbgfx --colors dmg -Weverything --depth 1 -o gfx/footprints/mewtwo.1bpp gfx/footprints/mewtwo.png
/workspace/toolchains/rgbds-1.0.4/rgbgfx --colors dmg -Weverything --depth 1 -o gfx/footprints/mew.1bpp gfx/footprints/mew.png
/workspace/toolchains/rgbds-1.0.4/rgbgfx --colors dmg -Weverything --depth 1 -o gfx/footprints/chikorita.1bpp gfx/footprints/chikorita.png
/workspace/toolchains/rgbds-1.0.4/rgbgfx --colors dmg -Weverything --depth 1 -o gfx/footprints/bayleef.1bpp gfx/footprints/bayleef.png
/workspace/toolchains/rgbds-1.0.4/rgbgfx --colors dmg -Weverything --depth 1 -o gfx/footprints/meganium.1bpp gfx/footprints/meganium.png
/workspace/toolchains/rgbds-1.0.4/rgbgfx --colors dmg -Weverything --depth 1 -o gfx/footprints/cyndaquil.1bpp gfx/footprints/cyndaquil.png
/workspace/toolchains/rgbds-1.0.4/rgbgfx --colors dmg -Weverything --depth 1 -o gfx/footprints/quilava.1bpp gfx/footprints/quilava.png
/workspace/toolchains/rgbds-1.0.4/rgbgfx --colors dmg -Weverything --depth 1 -o gfx/footprints/typhlosion.1bpp gfx/footprints/typhlosion.png
/workspace/toolchains/rgbds-1.0.4/rgbgfx --colors dmg -Weverything --depth 1 -o gfx/footprints/totodile.1bpp gfx/footprints/totodile.png
/workspace/toolchains/rgbds-1.0.4/rgbgfx --colors dmg -Weverything --depth 1 -o gfx/footprints/croconaw.1bpp gfx/footprints/croconaw.png
/workspace/toolchains/rgbds-1.0.4/rgbgfx --colors dmg -Weverything --depth 1 -o gfx/footprints/feraligatr.1bpp gfx/footprints/feraligatr.png
/workspace/toolchains/rgbds-1.0.4/rgbgfx --colors dmg -Weverything --depth 1 -o gfx/footprints/sentret.1bpp gfx/footprints/sentret.png
/workspace/toolchains/rgbds-1.0.4/rgbgfx --colors dmg -Weverything --depth 1 -o gfx/footprints/furret.1bpp gfx/footprints/furret.png
/workspace/toolchains/rgbds-1.0.4/rgbgfx --colors dmg -Weverything --depth 1 -o gfx/footprints/hoothoot.1bpp gfx/footprints/hoothoot.png
/workspace/toolchains/rgbds-1.0.4/rgbgfx --colors dmg -Weverything --depth 1 -o gfx/footprints/noctowl.1bpp gfx/footprints/noctowl.png
/workspace/toolchains/rgbds-1.0.4/rgbgfx --colors dmg -Weverything --depth 1 -o gfx/footprints/ledyba.1bpp gfx/footprints/ledyba.png
/workspace/toolchains/rgbds-1.0.4/rgbgfx --colors dmg -Weverything --depth 1 -o gfx/footprints/ledian.1bpp gfx/footprints/ledian.png
/workspace/toolchains/rgbds-1.0.4/rgbgfx --colors dmg -Weverything --depth 1 -o gfx/footprints/spinarak.1bpp gfx/footprints/spinarak.png
/workspace/toolchains/rgbds-1.0.4/rgbgfx --colors dmg -Weverything --depth 1 -o gfx/footprints/ariados.1bpp gfx/footprints/ariados.png
/workspace/toolchains/rgbds-1.0.4/rgbgfx --colors dmg -Weverything --depth 1 -o gfx/footprints/crobat.1bpp gfx/footprints/crobat.png
/workspace/toolchains/rgbds-1.0.4/rgbgfx --colors dmg -Weverything --depth 1 -o gfx/footprints/chinchou.1bpp gfx/footprints/chinchou.png
/workspace/toolchains/rgbds-1.0.4/rgbgfx --colors dmg -Weverything --depth 1 -o gfx/footprints/lanturn.1bpp gfx/footprints/lanturn.png
/workspace/toolchains/rgbds-1.0.4/rgbgfx --colors dmg -Weverything --depth 1 -o gfx/footprints/pichu.1bpp gfx/footprints/pichu.png
/workspace/toolchains/rgbds-1.0.4/rgbgfx --colors dmg -Weverything --depth 1 -o gfx/footprints/cleffa.1bpp gfx/footprints/cleffa.png
/workspace/toolchains/rgbds-1.0.4/rgbgfx --colors dmg -Weverything --depth 1 -o gfx/footprints/igglybuff.1bpp gfx/footprints/igglybuff.png
/workspace/toolchains/rgbds-1.0.4/rgbgfx --colors dmg -Weverything --depth 1 -o gfx/footprints/togepi.1bpp gfx/footprints/togepi.png
/workspace/toolchains/rgbds-1.0.4/rgbgfx --colors dmg -Weverything --depth 1 -o gfx/footprints/togetic.1bpp gfx/footprints/togetic.png
/workspace/toolchains/rgbds-1.0.4/rgbgfx --colors dmg -Weverything --depth 1 -o gfx/footprints/natu.1bpp gfx/footprints/natu.png
/workspace/toolchains/rgbds-1.0.4/rgbgfx --colors dmg -Weverything --depth 1 -o gfx/footprints/xatu.1bpp gfx/footprints/xatu.png
/workspace/toolchains/rgbds-1.0.4/rgbgfx --colors dmg -Weverything --depth 1 -o gfx/footprints/mareep.1bpp gfx/footprints/mareep.png
/workspace/toolchains/rgbds-1.0.4/rgbgfx --colors dmg -Weverything --depth 1 -o gfx/footprints/flaaffy.1bpp gfx/footprints/flaaffy.png
/workspace/toolchains/rgbds-1.0.4/rgbgfx --colors dmg -Weverything --depth 1 -o gfx/footprints/ampharos.1bpp gfx/footprints/ampharos.png
/workspace/toolchains/rgbds-1.0.4/rgbgfx --colors dmg -Weverything --depth 1 -o gfx/footprints/bellossom.1bpp gfx/footprints/bellossom.png
/workspace/toolchains/rgbds-1.0.4/rgbgfx --colors dmg -Weverything --depth 1 -o gfx/footprints/marill.1bpp gfx/footprints/marill.png
/workspace/toolchains/rgbds-1.0.4/rgbgfx --colors dmg -Weverything --depth 1 -o gfx/footprints/azumarill.1bpp gfx/footprints/azumarill.png
/workspace/toolchains/rgbds-1.0.4/rgbgfx --colors dmg -Weverything --depth 1 -o gfx/footprints/sudowoodo.1bpp gfx/footprints/sudowoodo.png
/workspace/toolchains/rgbds-1.0.4/rgbgfx --colors dmg -Weverything --depth 1 -o gfx/footprints/politoed.1bpp gfx/footprints/politoed.png
/workspace/toolchains/rgbds-1.0.4/rgbgfx --colors dmg -Weverything --depth 1 -o gfx/footprints/hoppip.1bpp gfx/footprints/hoppip.png
/workspace/toolchains/rgbds-1.0.4/rgbgfx --colors dmg -Weverything --depth 1 -o gfx/footprints/skiploom.1bpp gfx/footprints/skiploom.png
/workspace/toolchains/rgbds-1.0.4/rgbgfx --colors dmg -Weverything --depth 1 -o gfx/footprints/jumpluff.1bpp gfx/footprints/jumpluff.png
/workspace/toolchains/rgbds-1.0.4/rgbgfx --colors dmg -Weverything --depth 1 -o gfx/footprints/aipom.1bpp gfx/footprints/aipom.png
/workspace/toolchains/rgbds-1.0.4/rgbgfx --colors dmg -Weverything --depth 1 -o gfx/footprints/sunkern.1bpp gfx/footprints/sunkern.png
/workspace/toolchains/rgbds-1.0.4/rgbgfx --colors dmg -Weverything --depth 1 -o gfx/footprints/sunflora.1bpp gfx/footprints/sunflora.png
/workspace/toolchains/rgbds-1.0.4/rgbgfx --colors dmg -Weverything --depth 1 -o gfx/footprints/yanma.1bpp gfx/footprints/yanma.png
/workspace/toolchains/rgbds-1.0.4/rgbgfx --colors dmg -Weverything --depth 1 -o gfx/footprints/wooper.1bpp gfx/footprints/wooper.png
/workspace/toolchains/rgbds-1.0.4/rgbgfx --colors dmg -Weverything --depth 1 -o gfx/footprints/quagsire.1bpp gfx/footprints/quagsire.png
/workspace/toolchains/rgbds-1.0.4/rgbgfx --colors dmg -Weverything --depth 1 -o gfx/footprints/espeon.1bpp gfx/footprints/espeon.png
/workspace/toolchains/rgbds-1.0.4/rgbgfx --colors dmg -Weverything --depth 1 -o gfx/footprints/umbreon.1bpp gfx/footprints/umbreon.png
/workspace/toolchains/rgbds-1.0.4/rgbgfx --colors dmg -Weverything --depth 1 -o gfx/footprints/murkrow.1bpp gfx/footprints/murkrow.png
/workspace/toolchains/rgbds-1.0.4/rgbgfx --colors dmg -Weverything --depth 1 -o gfx/footprints/slowking.1bpp gfx/footprints/slowking.png
/workspace/toolchains/rgbds-1.0.4/rgbgfx --colors dmg -Weverything --depth 1 -o gfx/footprints/misdreavus.1bpp gfx/footprints/misdreavus.png
/workspace/toolchains/rgbds-1.0.4/rgbgfx --colors dmg -Weverything --depth 1 -o gfx/footprints/unown.1bpp gfx/footprints/unown.png
/workspace/toolchains/rgbds-1.0.4/rgbgfx --colors dmg -Weverything --depth 1 -o gfx/footprints/wobbuffet.1bpp gfx/footprints/wobbuffet.png
/workspace/toolchains/rgbds-1.0.4/rgbgfx --colors dmg -Weverything --depth 1 -o gfx/footprints/girafarig.1bpp gfx/footprints/girafarig.png
/workspace/toolchains/rgbds-1.0.4/rgbgfx --colors dmg -Weverything --depth 1 -o gfx/footprints/pineco.1bpp gfx/footprints/pineco.png
/workspace/toolchains/rgbds-1.0.4/rgbgfx --colors dmg -Weverything --depth 1 -o gfx/footprints/forretress.1bpp gfx/footprints/forretress.png
/workspace/toolchains/rgbds-1.0.4/rgbgfx --colors dmg -Weverything --depth 1 -o gfx/footprints/dunsparce.1bpp gfx/footprints/dunsparce.png
/workspace/toolchains/rgbds-1.0.4/rgbgfx --colors dmg -Weverything --depth 1 -o gfx/footprints/gligar.1bpp gfx/footprints/gligar.png
/workspace/toolchains/rgbds-1.0.4/rgbgfx --colors dmg -Weverything --depth 1 -o gfx/footprints/steelix.1bpp gfx/footprints/steelix.png
/workspace/toolchains/rgbds-1.0.4/rgbgfx --colors dmg -Weverything --depth 1 -o gfx/footprints/snubbull.1bpp gfx/footprints/snubbull.png
/workspace/toolchains/rgbds-1.0.4/rgbgfx --colors dmg -Weverything --depth 1 -o gfx/footprints/granbull.1bpp gfx/footprints/granbull.png
/workspace/toolchains/rgbds-1.0.4/rgbgfx --colors dmg -Weverything --depth 1 -o gfx/footprints/qwilfish.1bpp gfx/footprints/qwilfish.png
/workspace/toolchains/rgbds-1.0.4/rgbgfx --colors dmg -Weverything --depth 1 -o gfx/footprints/scizor.1bpp gfx/footprints/scizor.png
/workspace/toolchains/rgbds-1.0.4/rgbgfx --colors dmg -Weverything --depth 1 -o gfx/footprints/shuckle.1bpp gfx/footprints/shuckle.png
/workspace/toolchains/rgbds-1.0.4/rgbgfx --colors dmg -Weverything --depth 1 -o gfx/footprints/heracross.1bpp gfx/footprints/heracross.png
/workspace/toolchains/rgbds-1.0.4/rgbgfx --colors dmg -Weverything --depth 1 -o gfx/footprints/sneasel.1bpp gfx/footprints/sneasel.png
/workspace/toolchains/rgbds-1.0.4/rgbgfx --colors dmg -Weverything --depth 1 -o gfx/footprints/teddiursa.1bpp gfx/footprints/teddiursa.png
/workspace/toolchains/rgbds-1.0.4/rgbgfx --colors dmg -Weverything --depth 1 -o gfx/footprints/ursaring.1bpp gfx/footprints/ursaring.png
/workspace/toolchains/rgbds-1.0.4/rgbgfx --colors dmg -Weverything --depth 1 -o gfx/footprints/slugma.1bpp gfx/footprints/slugma.png
/workspace/toolchains/rgbds-1.0.4/rgbgfx --colors dmg -Weverything --depth 1 -o gfx/footprints/magcargo.1bpp gfx/footprints/magcargo.png
/workspace/toolchains/rgbds-1.0.4/rgbgfx --colors dmg -Weverything --depth 1 -o gfx/footprints/swinub.1bpp gfx/footprints/swinub.png
/workspace/toolchains/rgbds-1.0.4/rgbgfx --colors dmg -Weverything --depth 1 -o gfx/footprints/piloswine.1bpp gfx/footprints/piloswine.png
/workspace/toolchains/rgbds-1.0.4/rgbgfx --colors dmg -Weverything --depth 1 -o gfx/footprints/corsola.1bpp gfx/footprints/corsola.png
/workspace/toolchains/rgbds-1.0.4/rgbgfx --colors dmg -Weverything --depth 1 -o gfx/footprints/remoraid.1bpp gfx/footprints/remoraid.png
/workspace/toolchains/rgbds-1.0.4/rgbgfx --colors dmg -Weverything --depth 1 -o gfx/footprints/octillery.1bpp gfx/footprints/octillery.png
/workspace/toolchains/rgbds-1.0.4/rgbgfx --colors dmg -Weverything --depth 1 -o gfx/footprints/delibird.1bpp gfx/footprints/delibird.png
/workspace/toolchains/rgbds-1.0.4/rgbgfx --colors dmg -Weverything --depth 1 -o gfx/footprints/mantine.1bpp gfx/footprints/mantine.png
/workspace/toolchains/rgbds-1.0.4/rgbgfx --colors dmg -Weverything --depth 1 -o gfx/footprints/skarmory.1bpp gfx/footprints/skarmory.png
/workspace/toolchains/rgbds-1.0.4/rgbgfx --colors dmg -Weverything --depth 1 -o gfx/footprints/houndour.1bpp gfx/footprints/houndour.png
/workspace/toolchains/rgbds-1.0.4/rgbgfx --colors dmg -Weverything --depth 1 -o gfx/footprints/houndoom.1bpp gfx/footprints/houndoom.png
/workspace/toolchains/rgbds-1.0.4/rgbgfx --colors dmg -Weverything --depth 1 -o gfx/footprints/kingdra.1bpp gfx/footprints/kingdra.png
/workspace/toolchains/rgbds-1.0.4/rgbgfx --colors dmg -Weverything --depth 1 -o gfx/footprints/phanpy.1bpp gfx/footprints/phanpy.png
/workspace/toolchains/rgbds-1.0.4/rgbgfx --colors dmg -Weverything --depth 1 -o gfx/footprints/donphan.1bpp gfx/footprints/donphan.png
/workspace/toolchains/rgbds-1.0.4/rgbgfx --colors dmg -Weverything --depth 1 -o gfx/footprints/porygon2.1bpp gfx/footprints/porygon2.png
/workspace/toolchains/rgbds-1.0.4/rgbgfx --colors dmg -Weverything --depth 1 -o gfx/footprints/stantler.1bpp gfx/footprints/stantler.png
/workspace/toolchains/rgbds-1.0.4/rgbgfx --colors dmg -Weverything --depth 1 -o gfx/footprints/smeargle.1bpp gfx/footprints/smeargle.png
/workspace/toolchains/rgbds-1.0.4/rgbgfx --colors dmg -Weverything --depth 1 -o gfx/footprints/tyrogue.1bpp gfx/footprints/tyrogue.png
/workspace/toolchains/rgbds-1.0.4/rgbgfx --colors dmg -Weverything --depth 1 -o gfx/footprints/hitmontop.1bpp gfx/footprints/hitmontop.png
/workspace/toolchains/rgbds-1.0.4/rgbgfx --colors dmg -Weverything --depth 1 -o gfx/footprints/smoochum.1bpp gfx/footprints/smoochum.png
/workspace/toolchains/rgbds-1.0.4/rgbgfx --colors dmg -Weverything --depth 1 -o gfx/footprints/elekid.1bpp gfx/footprints/elekid.png
/workspace/toolchains/rgbds-1.0.4/rgbgfx --colors dmg -Weverything --depth 1 -o gfx/footprints/magby.1bpp gfx/footprints/magby.png
/workspace/toolchains/rgbds-1.0.4/rgbgfx --colors dmg -Weverything --depth 1 -o gfx/footprints/miltank.1bpp gfx/footprints/miltank.png
/workspace/toolchains/rgbds-1.0.4/rgbgfx --colors dmg -Weverything --depth 1 -o gfx/footprints/blissey.1bpp gfx/footprints/blissey.png
/workspace/toolchains/rgbds-1.0.4/rgbgfx --colors dmg -Weverything --depth 1 -o gfx/footprints/raikou.1bpp gfx/footprints/raikou.png
/workspace/toolchains/rgbds-1.0.4/rgbgfx --colors dmg -Weverything --depth 1 -o gfx/footprints/entei.1bpp gfx/footprints/entei.png
/workspace/toolchains/rgbds-1.0.4/rgbgfx --colors dmg -Weverything --depth 1 -o gfx/footprints/suicune.1bpp gfx/footprints/suicune.png
/workspace/toolchains/rgbds-1.0.4/rgbgfx --colors dmg -Weverything --depth 1 -o gfx/footprints/larvitar.1bpp gfx/footprints/larvitar.png
/workspace/toolchains/rgbds-1.0.4/rgbgfx --colors dmg -Weverything --depth 1 -o gfx/footprints/pupitar.1bpp gfx/footprints/pupitar.png
/workspace/toolchains/rgbds-1.0.4/rgbgfx --colors dmg -Weverything --depth 1 -o gfx/footprints/tyranitar.1bpp gfx/footprints/tyranitar.png
/workspace/toolchains/rgbds-1.0.4/rgbgfx --colors dmg -Weverything --depth 1 -o gfx/footprints/lugia.1bpp gfx/footprints/lugia.png
/workspace/toolchains/rgbds-1.0.4/rgbgfx --colors dmg -Weverything --depth 1 -o gfx/footprints/ho_oh.1bpp gfx/footprints/ho_oh.png
/workspace/toolchains/rgbds-1.0.4/rgbgfx --colors dmg -Weverything --depth 1 -o gfx/footprints/celebi.1bpp gfx/footprints/celebi.png
/workspace/toolchains/rgbds-1.0.4/rgbgfx --colors dmg -Weverything --depth 1 -o gfx/footprints/252.1bpp gfx/footprints/252.png
/workspace/toolchains/rgbds-1.0.4/rgbgfx --colors dmg -Weverything --depth 1 -o gfx/footprints/253.1bpp gfx/footprints/253.png
/workspace/toolchains/rgbds-1.0.4/rgbgfx --colors dmg -Weverything --depth 1 -o gfx/footprints/254.1bpp gfx/footprints/254.png
/workspace/toolchains/rgbds-1.0.4/rgbgfx --colors dmg -Weverything --depth 1 -o gfx/footprints/255.1bpp gfx/footprints/255.png
/workspace/toolchains/rgbds-1.0.4/rgbgfx --colors dmg -Weverything --depth 1 -o gfx/footprints/256.1bpp gfx/footprints/256.png
/workspace/toolchains/rgbds-1.0.4/rgbgfx --colors dmg -Weverything -o gfx/font/feet_inches.2bpp gfx/font/feet_inches.png
/workspace/toolchains/rgbds-1.0.4/rgbgfx --colors dmg -Weverything -o gfx/tilesets/fountain/1.2bpp gfx/tilesets/fountain/1.png
/workspace/toolchains/rgbds-1.0.4/rgbgfx --colors dmg -Weverything -o gfx/tilesets/fountain/2.2bpp gfx/tilesets/fountain/2.png
/workspace/toolchains/rgbds-1.0.4/rgbgfx --colors dmg -Weverything -o gfx/tilesets/fountain/3.2bpp gfx/tilesets/fountain/3.png
/workspace/toolchains/rgbds-1.0.4/rgbgfx --colors dmg -Weverything -o gfx/tilesets/fountain/4.2bpp gfx/tilesets/fountain/4.png
/workspace/toolchains/rgbds-1.0.4/rgbgfx --colors dmg -Weverything -o gfx/tilesets/fountain/5.2bpp gfx/tilesets/fountain/5.png
/workspace/toolchains/rgbds-1.0.4/rgbgfx --colors dmg -Weverything -o gfx/tilesets/water/water.2bpp gfx/tilesets/water/water.png
/workspace/toolchains/rgbds-1.0.4/rgbgfx --colors dmg -Weverything -o gfx/tilesets/flower/dmg_1.2bpp gfx/tilesets/flower/dmg_1.png
/workspace/toolchains/rgbds-1.0.4/rgbgfx --colors dmg -Weverything -o gfx/tilesets/flower/cgb_1.2bpp gfx/tilesets/flower/cgb_1.png
/workspace/toolchains/rgbds-1.0.4/rgbgfx --colors dmg -Weverything -o gfx/tilesets/flower/dmg_2.2bpp gfx/tilesets/flower/dmg_2.png
/workspace/toolchains/rgbds-1.0.4/rgbgfx --colors dmg -Weverything -o gfx/tilesets/flower/cgb_2.2bpp gfx/tilesets/flower/cgb_2.png
/workspace/toolchains/rgbds-1.0.4/rgbgfx --colors dmg -Weverything -o gfx/tilesets/lava/1.2bpp gfx/tilesets/lava/1.png
/workspace/toolchains/rgbds-1.0.4/rgbgfx --colors dmg -Weverything -o gfx/tilesets/lava/2.2bpp gfx/tilesets/lava/2.png
/workspace/toolchains/rgbds-1.0.4/rgbgfx --colors dmg -Weverything -o gfx/tilesets/lava/3.2bpp gfx/tilesets/lava/3.png
/workspace/toolchains/rgbds-1.0.4/rgbgfx --colors dmg -Weverything -o gfx/tilesets/lava/4.2bpp gfx/tilesets/lava/4.png
/workspace/toolchains/rgbds-1.0.4/rgbgfx --colors dmg -Weverything -o gfx/tilesets/tower-pillar/1.2bpp gfx/tilesets/tower-pillar/1.png
/workspace/toolchains/rgbds-1.0.4/rgbgfx --colors dmg -Weverything -o gfx/tilesets/tower-pillar/2.2bpp gfx/tilesets/tower-pillar/2.png
/workspace/toolchains/rgbds-1.0.4/rgbgfx --colors dmg -Weverything -o gfx/tilesets/tower-pillar/3.2bpp gfx/tilesets/tower-pillar/3.png
/workspace/toolchains/rgbds-1.0.4/rgbgfx --colors dmg -Weverything -o gfx/tilesets/tower-pillar/4.2bpp gfx/tilesets/tower-pillar/4.png
/workspace/toolchains/rgbds-1.0.4/rgbgfx --colors dmg -Weverything -o gfx/tilesets/tower-pillar/5.2bpp gfx/tilesets/tower-pillar/5.png
/workspace/toolchains/rgbds-1.0.4/rgbgfx --colors dmg -Weverything -o gfx/tilesets/tower-pillar/6.2bpp gfx/tilesets/tower-pillar/6.png
/workspace/toolchains/rgbds-1.0.4/rgbgfx --colors dmg -Weverything -o gfx/tilesets/tower-pillar/7.2bpp gfx/tilesets/tower-pillar/7.png
/workspace/toolchains/rgbds-1.0.4/rgbgfx --colors dmg -Weverything -o gfx/tilesets/tower-pillar/8.2bpp gfx/tilesets/tower-pillar/8.png
/workspace/toolchains/rgbds-1.0.4/rgbgfx --colors dmg -Weverything -o gfx/tilesets/tower-pillar/9.2bpp gfx/tilesets/tower-pillar/9.png
/workspace/toolchains/rgbds-1.0.4/rgbgfx --colors dmg -Weverything -o gfx/tilesets/tower-pillar/10.2bpp gfx/tilesets/tower-pillar/10.png
/workspace/toolchains/rgbds-1.0.4/rgbgfx --colors dmg -Weverything -o gfx/tilesets/whirlpool/1.2bpp gfx/tilesets/whirlpool/1.png
/workspace/toolchains/rgbds-1.0.4/rgbgfx --colors dmg -Weverything -o gfx/tilesets/whirlpool/2.2bpp gfx/tilesets/whirlpool/2.png
/workspace/toolchains/rgbds-1.0.4/rgbgfx --colors dmg -Weverything -o gfx/tilesets/whirlpool/3.2bpp gfx/tilesets/whirlpool/3.png
/workspace/toolchains/rgbds-1.0.4/rgbgfx --colors dmg -Weverything -o gfx/tilesets/whirlpool/4.2bpp gfx/tilesets/whirlpool/4.png
/workspace/toolchains/rgbds-1.0.4/rgbgfx --colors dmg -Weverything -o gfx/mobile/mobile_trade_lights.2bpp gfx/mobile/mobile_trade_lights.png
/workspace/toolchains/rgbds-1.0.4/rgbgfx --colors dmg -Weverything -o gfx/emotes/shock.2bpp gfx/emotes/shock.png
/workspace/toolchains/rgbds-1.0.4/rgbgfx --colors dmg -Weverything -o gfx/emotes/question.2bpp gfx/emotes/question.png
/workspace/toolchains/rgbds-1.0.4/rgbgfx --colors dmg -Weverything -o gfx/emotes/happy.2bpp gfx/emotes/happy.png
/workspace/toolchains/rgbds-1.0.4/rgbgfx --colors dmg -Weverything -o gfx/emotes/sad.2bpp gfx/emotes/sad.png
/workspace/toolchains/rgbds-1.0.4/rgbgfx --colors dmg -Weverything -o gfx/emotes/heart.2bpp gfx/emotes/heart.png
/workspace/toolchains/rgbds-1.0.4/rgbgfx --colors dmg -Weverything -o gfx/emotes/bolt.2bpp gfx/emotes/bolt.png
/workspace/toolchains/rgbds-1.0.4/rgbgfx --colors dmg -Weverything -o gfx/emotes/sleep.2bpp gfx/emotes/sleep.png
/workspace/toolchains/rgbds-1.0.4/rgbgfx --colors dmg -Weverything -o gfx/emotes/fish.2bpp gfx/emotes/fish.png
/workspace/toolchains/rgbds-1.0.4/rgbgfx --colors dmg -Weverything -o gfx/overworld/shadow.2bpp gfx/overworld/shadow.png
/workspace/toolchains/rgbds-1.0.4/rgbgfx --colors dmg -Weverything -o gfx/overworld/fishing_rod.2bpp gfx/overworld/fishing_rod.png
/workspace/toolchains/rgbds-1.0.4/rgbgfx --colors dmg -Weverything -o gfx/overworld/boulder_dust.2bpp gfx/overworld/boulder_dust.png
/workspace/toolchains/rgbds-1.0.4/rgbgfx --colors dmg -Weverything -o gfx/overworld/grass_rustle.2bpp gfx/overworld/grass_rustle.png
/workspace/toolchains/rgbds-1.0.4/rgbgfx --colors dmg -Weverything -o gfx/mystery_gift/mystery_gift.2bpp gfx/mystery_gift/mystery_gift.png
/workspace/toolchains/rgbds-1.0.4/rgbgfx --colors dmg -Weverything -o gfx/mystery_gift/card_trade.2bpp gfx/mystery_gift/card_trade.png
/workspace/toolchains/rgbds-1.0.4/rgbgfx --colors dmg -Weverything -o gfx/mystery_gift/card_sprite.2bpp gfx/mystery_gift/card_sprite.png
/workspace/toolchains/rgbds-1.0.4/rgbgfx --colors dmg -Weverything -o gfx/mobile/dialing_frame.2bpp gfx/mobile/dialing_frame.png
/workspace/toolchains/rgbds-1.0.4/rgbgfx --colors dmg -Weverything -o gfx/font/overworld.2bpp gfx/font/overworld.png
tools/gfx --trim-whitespace -o gfx/mystery_gift/mystery_gift.2bpp gfx/mystery_gift/mystery_gift.2bpp || $(rm -f gfx/mystery_gift/mystery_gift.2bpp && false)
/workspace/toolchains/rgbds-1.0.4/rgbgfx --colors dmg -Weverything -o gfx/font/overworld_space.2bpp gfx/font/overworld_space.png
/workspace/toolchains/rgbds-1.0.4/rgbgfx --colors dmg -Weverything -o gfx/mobile/mobile_trade_sprites.2bpp gfx/mobile/mobile_trade_sprites.png
/workspace/toolchains/rgbds-1.0.4/rgbgfx --colors dmg -Weverything -o gfx/mobile/mobile_trade.2bpp gfx/mobile/mobile_trade.png
tools/lzcompress --matching --align 4 -- gfx/mobile/mobile_trade.tilemap gfx/mobile/mobile_trade.tilemap.lz
tools/lzcompress --matching --align 4 -- gfx/mobile/mobile_trade.attrmap gfx/mobile/mobile_trade.attrmap.lz
/workspace/toolchains/rgbds-1.0.4/rgbgfx --colors dmg -Weverything -o gfx/mobile/mobile_cable_1.2bpp gfx/mobile/mobile_cable_1.png
/workspace/toolchains/rgbds-1.0.4/rgbgfx --colors dmg -Weverything -o gfx/mobile/mobile_cable_2.2bpp gfx/mobile/mobile_cable_2.png
/workspace/toolchains/rgbds-1.0.4/rgbgfx --colors dmg -Weverything -o gfx/title/old_bg.2bpp gfx/title/old_bg.png
/workspace/toolchains/rgbds-1.0.4/rgbgfx --colors dmg -Weverything -o gfx/title/old_fg.2bpp gfx/title/old_fg.png
/workspace/toolchains/rgbds-1.0.4/rgbgfx --colors dmg -Weverything -o gfx/title/suicune.2bpp gfx/title/suicune.png
tools/gfx --interleave --png=gfx/title/old_fg.png -o gfx/title/old_fg.2bpp gfx/title/old_fg.2bpp || $(rm -f gfx/title/old_fg.2bpp && false)
/workspace/toolchains/rgbds-1.0.4/rgbgfx --colors dmg -Weverything --trim-end 4 -o gfx/title/logo.2bpp gfx/title/logo.png
/workspace/toolchains/rgbds-1.0.4/rgbgfx --colors dmg -Weverything -o gfx/title/crystal.2bpp gfx/title/crystal.png
/workspace/toolchains/rgbds-1.0.4/rgbgfx --colors dmg -Weverything -o gfx/sprites/peon.2bpp gfx/sprites/peon.png
/workspace/toolchains/rgbds-1.0.4/rgbgfx --colors dmg -Weverything -o gfx/pack/peon_icons.2bpp gfx/pack/peon_icons.png
tools/gfx --interleave --png=gfx/title/crystal.png -o gfx/title/crystal.2bpp gfx/title/crystal.2bpp || $(rm -f gfx/title/crystal.2bpp && false)
/workspace/toolchains/rgbds-1.0.4/rgbgfx --colors dmg -Weverything -o gfx/pack/peon_portrait.2bpp gfx/pack/peon_portrait.png
/workspace/toolchains/rgbds-1.0.4/rgbgfx --colors dmg -Weverything -o gfx/mobile/dialing.2bpp gfx/mobile/dialing.png
/workspace/toolchains/rgbds-1.0.4/rgbgfx --colors dmg -Weverything -o gfx/mobile/select_start.2bpp gfx/mobile/select_start.png
tools/lzcompress --matching --literal-only --align 1 -- gfx/pokedex/slowpoke.2bpp gfx/pokedex/slowpoke.2bpp.lz
/workspace/toolchains/rgbds-1.0.4/rgbgfx --colors dmg -Weverything -o gfx/mobile/mobile_splash.2bpp gfx/mobile/mobile_splash.png
/workspace/toolchains/rgbds-1.0.4/rgbgfx --colors dmg -Weverything -o gfx/mobile/mobile_splash_check.2bpp gfx/mobile/mobile_splash_check.png
/workspace/toolchains/rgbds-1.0.4/rgbgfx --colors dmg -Weverything -o gfx/trade/border_tiles.2bpp gfx/trade/border_tiles.png
/workspace/toolchains/rgbds-1.0.4/rgbgfx --colors dmg -Weverything -o gfx/mobile/pichu_animated.2bpp gfx/mobile/pichu_animated.png
tools/gfx --remove-duplicates --remove-xflip -o gfx/mobile/mobile_splash.2bpp gfx/mobile/mobile_splash.2bpp || $(rm -f gfx/mobile/mobile_splash.2bpp && false)
/workspace/toolchains/rgbds-1.0.4/rgbgfx --colors dmg -Weverything -o gfx/mobile/electro_ball.2bpp gfx/mobile/electro_ball.png
/workspace/toolchains/rgbds-1.0.4/rgbgfx --colors dmg -Weverything -o gfx/mobile/pichu_border.2bpp gfx/mobile/pichu_border.png
tools/gfx --remove-duplicates --remove-xflip --preserve=0x39 -o gfx/mobile/electro_ball.2bpp gfx/mobile/electro_ball.2bpp || $(rm -f gfx/mobile/electro_ball.2bpp && false)
/workspace/toolchains/rgbds-1.0.4/rgbgfx --colors dmg -Weverything -o gfx/mobile/ascii_font.2bpp gfx/mobile/ascii_font.png
tools/gfx --trim-whitespace -o gfx/mobile/pichu_animated.2bpp gfx/mobile/pichu_animated.2bpp || $(rm -f gfx/mobile/pichu_animated.2bpp && false)
/workspace/toolchains/rgbds-1.0.4/rgbgfx --colors dmg -Weverything -o gfx/mobile/stadium2_n64.2bpp gfx/mobile/stadium2_n64.png
tools/gfx --trim-whitespace -o gfx/mobile/ascii_font.2bpp gfx/mobile/ascii_font.2bpp || $(rm -f gfx/mobile/ascii_font.2bpp && false)
tools/gfx --trim-whitespace -o gfx/mobile/stadium2_n64.2bpp gfx/mobile/stadium2_n64.2bpp || $(rm -f gfx/mobile/stadium2_n64.2bpp && false)
/workspace/toolchains/rgbds-1.0.4/rgbgfx --colors dmg -Weverything -o gfx/mobile/card.2bpp gfx/mobile/card.png
/workspace/toolchains/rgbds-1.0.4/rgbgfx --colors dmg -Weverything -o gfx/mobile/chris_silhouette.2bpp gfx/mobile/chris_silhouette.png
tools/gfx --trim-whitespace -o gfx/mobile/card.2bpp gfx/mobile/card.2bpp || $(rm -f gfx/mobile/card.2bpp && false)
/workspace/toolchains/rgbds-1.0.4/rgbgfx --colors dmg -Weverything -o gfx/mobile/kris_silhouette.2bpp gfx/mobile/kris_silhouette.png
/workspace/toolchains/rgbds-1.0.4/rgbgfx --colors dmg -Weverything -o gfx/mobile/card_2.2bpp gfx/mobile/card_2.png
/workspace/toolchains/rgbds-1.0.4/rgbgfx --colors dmg -Weverything -o gfx/mobile/card_large_sprite.2bpp gfx/mobile/card_large_sprite.png
/workspace/toolchains/rgbds-1.0.4/rgbgfx --colors dmg -Weverything -o gfx/mobile/card_folder.2bpp gfx/mobile/card_folder.png
/workspace/toolchains/rgbds-1.0.4/rgbgfx --colors dmg -Weverything -o gfx/mobile/card_sprite.2bpp gfx/mobile/card_sprite.png
tools/gfx --trim-whitespace -o gfx/mobile/card_2.2bpp gfx/mobile/card_2.2bpp || $(rm -f gfx/mobile/card_2.2bpp && false)
/workspace/toolchains/rgbds-1.0.4/rgbgfx --colors dmg -Weverything -o gfx/mobile/dialpad.2bpp gfx/mobile/dialpad.png
tools/gfx --trim-whitespace -o gfx/mobile/card_folder.2bpp gfx/mobile/card_folder.2bpp || $(rm -f gfx/mobile/card_folder.2bpp && false)
/workspace/toolchains/rgbds-1.0.4/rgbgfx --colors dmg -Weverything -o gfx/mobile/dialpad_cursor.2bpp gfx/mobile/dialpad_cursor.png
tools/gfx --trim-whitespace -o gfx/mobile/dialpad.2bpp gfx/mobile/dialpad.2bpp || $(rm -f gfx/mobile/dialpad.2bpp && false)
/workspace/toolchains/rgbds-1.0.4/rgbgfx --colors dmg -Weverything -o gfx/mobile/card_list.2bpp gfx/mobile/card_list.png
tools/gfx --trim-whitespace -o gfx/mobile/dialpad_cursor.2bpp gfx/mobile/dialpad_cursor.2bpp || $(rm -f gfx/mobile/dialpad_cursor.2bpp && false)
/workspace/toolchains/rgbds-1.0.4/rgbgfx --colors dmg -Weverything -o gfx/mobile/havewant.2bpp gfx/mobile/havewant.png
/workspace/toolchains/rgbds-1.0.4/rgbgfx --colors dmg -Weverything -o gfx/mobile/select.2bpp gfx/mobile/select.png
/workspace/toolchains/rgbds-1.0.4/rgbgfx --colors dmg -Weverything -o gfx/mobile/pokemon_news.2bpp gfx/mobile/pokemon_news.png
/workspace/toolchains/rgbds-1.0.4/rgbgfx --colors dmg -Weverything -o gfx/font/postal_mark.2bpp gfx/font/postal_mark.png
/workspace/toolchains/rgbds-1.0.4/rgbgfx --colors dmg -Weverything --depth 1 -o gfx/printer/hp.1bpp gfx/printer/hp.png
/workspace/toolchains/rgbds-1.0.4/rgbgfx --colors dmg -Weverything --depth 1 -o gfx/printer/lv.1bpp gfx/printer/lv.png
/workspace/toolchains/rgbds-1.0.4/rgbgfx --colors dmg -Weverything -o gfx/diploma/diploma.2bpp gfx/diploma/diploma.png
/workspace/toolchains/rgbds-1.0.4/rgbgfx --colors dmg -Weverything -o gfx/pokedex/pokedex_sgb.2bpp gfx/pokedex/pokedex_sgb.png
/workspace/toolchains/rgbds-1.0.4/rgbgfx --colors dmg -Weverything --columns -o gfx/pokedex/question_mark.2bpp gfx/pokedex/question_mark.png
/workspace/toolchains/rgbds-1.0.4/rgbgfx --colors dmg -Weverything --depth 1 -o gfx/font/english.1bpp gfx/font/english.png
/workspace/toolchains/rgbds-1.0.4/rgbgfx --colors dmg -Weverything --depth 1 -o gfx/font/french_german.1bpp gfx/font/french_german.png
tools/gfx --trim-whitespace -o gfx/pokedex/pokedex_sgb.2bpp gfx/pokedex/pokedex_sgb.2bpp || $(rm -f gfx/pokedex/pokedex_sgb.2bpp && false)
/workspace/toolchains/rgbds-1.0.4/rgbgfx --colors dmg -Weverything --depth 1 -o gfx/font/spanish_italian.1bpp gfx/font/spanish_italian.png
/workspace/toolchains/rgbds-1.0.4/rgbgfx --colors dmg -Weverything -o gfx/peon_portraits/peon.2bpp gfx/peon_portraits/peon.png
/workspace/toolchains/rgbds-1.0.4/rgbgfx --colors dmg -Weverything -o gfx/peon_portraits/gornek.2bpp gfx/peon_portraits/gornek.png
/workspace/toolchains/rgbds-1.0.4/rgbgfx --colors dmg -Weverything -o gfx/peon_portraits/kento.2bpp gfx/peon_portraits/kento.png
/workspace/toolchains/rgbds-1.0.4/rgbgfx --colors dmg -Weverything -o gfx/peon_portraits/thrall.2bpp gfx/peon_portraits/thrall.png
/workspace/toolchains/rgbds-1.0.4/rgbgfx --colors dmg -Weverything -o gfx/peon_portraits/warrior.2bpp gfx/peon_portraits/warrior.png
/workspace/toolchains/rgbds-1.0.4/rgbgfx --colors dmg -Weverything -o gfx/peon_portraits/warlock.2bpp gfx/peon_portraits/warlock.png
/workspace/toolchains/rgbds-1.0.4/rgbgfx --colors dmg -Weverything -o gfx/peon_portraits/hunter.2bpp gfx/peon_portraits/hunter.png
/workspace/toolchains/rgbds-1.0.4/rgbgfx --colors dmg -Weverything -o gfx/peon_portraits/troll_guard.2bpp gfx/peon_portraits/troll_guard.png
/workspace/toolchains/rgbds-1.0.4/rgbgfx --colors dmg -Weverything -o gfx/peon_portraits/troll_fisher.2bpp gfx/peon_portraits/troll_fisher.png
/workspace/toolchains/rgbds-1.0.4/rgbgfx --colors dmg -Weverything -o gfx/peon_portraits/troll_caster.2bpp gfx/peon_portraits/troll_caster.png
/workspace/toolchains/rgbds-1.0.4/rgbgfx --colors dmg -Weverything -o gfx/peon_portraits/orc_guard.2bpp gfx/peon_portraits/orc_guard.png
/workspace/toolchains/rgbds-1.0.4/rgbgfx --colors dmg -Weverything -o gfx/peon_portraits/orc_vendor.2bpp gfx/peon_portraits/orc_vendor.png
/workspace/toolchains/rgbds-1.0.4/rgbgfx --colors dmg -Weverything -o gfx/peon_portraits/orc_questgiver.2bpp gfx/peon_portraits/orc_questgiver.png
/workspace/toolchains/rgbds-1.0.4/rgbgfx --colors dmg -Weverything -o gfx/peon_portraits/innkeeper.2bpp gfx/peon_portraits/innkeeper.png
/workspace/toolchains/rgbds-1.0.4/rgbgfx --colors dmg -Weverything -o gfx/pack/peon_menu_skin.2bpp gfx/pack/peon_menu_skin.png
/workspace/toolchains/rgbds-1.0.4/rgbgfx --colors dmg -Weverything -o gfx/pack/peon_menu_percent.2bpp gfx/pack/peon_menu_percent.png
/workspace/toolchains/rgbds-1.0.4/rgbgfx --colors dmg -Weverything -o gfx/pack/peon_quest_poi.2bpp gfx/pack/peon_quest_poi.png
/workspace/toolchains/rgbds-1.0.4/rgbgfx --colors dmg -Weverything -o gfx/sprites/peon_quest_available_yellow.2bpp gfx/sprites/peon_quest_available_yellow.png
/workspace/toolchains/rgbds-1.0.4/rgbgfx --colors dmg -Weverything -o gfx/sprites/peon_quest_active_gray.2bpp gfx/sprites/peon_quest_active_gray.png
/workspace/toolchains/rgbds-1.0.4/rgbgfx --colors dmg -Weverything -o gfx/sprites/peon_quest_complete_yellow.2bpp gfx/sprites/peon_quest_complete_yellow.png
/workspace/toolchains/rgbds-1.0.4/rgbgfx --colors dmg -Weverything -o gfx/pack/peon_item_icons/minor_healing_potion.2bpp gfx/pack/peon_item_icons/minor_healing_potion.png
/workspace/toolchains/rgbds-1.0.4/rgbgfx --colors dmg -Weverything -o gfx/pack/peon_item_icons/spring_water.2bpp gfx/pack/peon_item_icons/spring_water.png
/workspace/toolchains/rgbds-1.0.4/rgbgfx --colors dmg -Weverything -o gfx/pack/peon_item_icons/hearthstone.2bpp gfx/pack/peon_item_icons/hearthstone.png
/workspace/toolchains/rgbds-1.0.4/rgbgfx --colors dmg -Weverything -o gfx/pack/peon_item_icons/crude_mace.2bpp gfx/pack/peon_item_icons/crude_mace.png
/workspace/toolchains/rgbds-1.0.4/rgbgfx --colors dmg -Weverything -o gfx/pack/peon_item_icons/cracked_mace.2bpp gfx/pack/peon_item_icons/cracked_mace.png
/workspace/toolchains/rgbds-1.0.4/rgbgfx --colors dmg -Weverything -o gfx/pack/peon_item_icons/worn_mace.2bpp gfx/pack/peon_item_icons/worn_mace.png
/workspace/toolchains/rgbds-1.0.4/rgbgfx --colors dmg -Weverything -o gfx/pack/peon_item_icons/barbed_club.2bpp gfx/pack/peon_item_icons/barbed_club.png
/workspace/toolchains/rgbds-1.0.4/rgbgfx --colors dmg -Weverything -o gfx/pack/peon_item_icons/shaman_mace.2bpp gfx/pack/peon_item_icons/shaman_mace.png
/workspace/toolchains/rgbds-1.0.4/rgbgfx --colors dmg -Weverything -o gfx/pack/peon_item_icons/spirit_mace.2bpp gfx/pack/peon_item_icons/spirit_mace.png
/workspace/toolchains/rgbds-1.0.4/rgbgfx --colors dmg -Weverything -o gfx/pack/peon_item_icons/heavy_training_mace.2bpp gfx/pack/peon_item_icons/heavy_training_mace.png
/workspace/toolchains/rgbds-1.0.4/rgbgfx --colors dmg -Weverything -o gfx/pack/peon_item_icons/wooden_shield.2bpp gfx/pack/peon_item_icons/wooden_shield.png
/workspace/toolchains/rgbds-1.0.4/rgbgfx --colors dmg -Weverything -o gfx/pack/peon_item_icons/apprentice_totem.2bpp gfx/pack/peon_item_icons/apprentice_totem.png
/workspace/toolchains/rgbds-1.0.4/rgbgfx --colors dmg -Weverything -o gfx/pack/peon_item_icons/small_pouch.2bpp gfx/pack/peon_item_icons/small_pouch.png
/workspace/toolchains/rgbds-1.0.4/rgbgfx --colors dmg -Weverything -o gfx/pack/peon_item_icons/leather_bag.2bpp gfx/pack/peon_item_icons/leather_bag.png
/workspace/toolchains/rgbds-1.0.4/rgbgfx --colors dmg -Weverything -o gfx/pack/peon_item_icons/sarkoth_claw.2bpp gfx/pack/peon_item_icons/sarkoth_claw.png
/workspace/toolchains/rgbds-1.0.4/rgbgfx --colors dmg -Weverything -o gfx/pack/peon_item_icons/blade_medallion.2bpp gfx/pack/peon_item_icons/blade_medallion.png
/workspace/toolchains/rgbds-1.0.4/rgbgfx --colors dmg -Weverything -o gfx/pack/peon_item_icons/mage_cloth_robe.2bpp gfx/pack/peon_item_icons/mage_cloth_robe.png
/workspace/toolchains/rgbds-1.0.4/rgbgfx --colors dmg -Weverything -o gfx/pack/peon_item_icons/mage_staff.2bpp gfx/pack/peon_item_icons/mage_staff.png
/workspace/toolchains/rgbds-1.0.4/rgbgfx --colors dmg -Weverything -o gfx/pack/peon_item_icons/mage_wand.2bpp gfx/pack/peon_item_icons/mage_wand.png
/workspace/toolchains/rgbds-1.0.4/rgbgfx --colors dmg -Weverything -o gfx/pack/peon_item_icons/warrior_axe.2bpp gfx/pack/peon_item_icons/warrior_axe.png
/workspace/toolchains/rgbds-1.0.4/rgbgfx --colors dmg -Weverything -o gfx/pack/peon_item_icons/warrior_sword.2bpp gfx/pack/peon_item_icons/warrior_sword.png
/workspace/toolchains/rgbds-1.0.4/rgbgfx --colors dmg -Weverything -o gfx/pack/peon_item_icons/warrior_helmet.2bpp gfx/pack/peon_item_icons/warrior_helmet.png
/workspace/toolchains/rgbds-1.0.4/rgbgfx --colors dmg -Weverything -o gfx/pack/peon_item_icons/warrior_mail.2bpp gfx/pack/peon_item_icons/warrior_mail.png
/workspace/toolchains/rgbds-1.0.4/rgbgfx --colors dmg -Weverything -o gfx/pack/peon_item_icons/rough_boots.2bpp gfx/pack/peon_item_icons/rough_boots.png
/workspace/toolchains/rgbds-1.0.4/rgbgfx --colors dmg -Weverything -o gfx/pack/peon_item_icons/earth_totem.2bpp gfx/pack/peon_item_icons/earth_totem.png
/workspace/toolchains/rgbds-1.0.4/rgbgfx --colors dmg -Weverything -o gfx/pack/peon_item_icons/lightning_totem.2bpp gfx/pack/peon_item_icons/lightning_totem.png
/workspace/toolchains/rgbds-1.0.4/rgbgfx --colors dmg -Weverything -o gfx/pack/peon_item_icons/rockbiter_weapon.2bpp gfx/pack/peon_item_icons/rockbiter_weapon.png
/workspace/toolchains/rgbds-1.0.4/rgbgfx --colors dmg -Weverything -o gfx/pack/peon_item_icons/earth_shock.2bpp gfx/pack/peon_item_icons/earth_shock.png
/workspace/toolchains/rgbds-1.0.4/rgbgfx --colors dmg -Weverything -o gfx/pack/peon_item_icons/healing_wave.2bpp gfx/pack/peon_item_icons/healing_wave.png
/workspace/toolchains/rgbds-1.0.4/rgbgfx --colors dmg -Weverything -o gfx/pack/peon_item_icons/lightning_shield.2bpp gfx/pack/peon_item_icons/lightning_shield.png
/workspace/toolchains/rgbds-1.0.4/rgbgfx --colors dmg -Weverything -o gfx/pack/peon_item_icons/strength_of_earth.2bpp gfx/pack/peon_item_icons/strength_of_earth.png
/workspace/toolchains/rgbds-1.0.4/rgbgfx --colors dmg -Weverything -o gfx/pack/peon_item_icons/purge.2bpp gfx/pack/peon_item_icons/purge.png
/workspace/toolchains/rgbds-1.0.4/rgbgfx --colors dmg -Weverything -o gfx/pack/peon_earth_totem_battle.2bpp gfx/pack/peon_earth_totem_battle.png
/workspace/toolchains/rgbds-1.0.4/rgbgfx --colors dmg -Weverything -o gfx/peon_enemy_profiles/gold_dragon.2bpp gfx/peon_enemy_profiles/gold_dragon.png
/workspace/toolchains/rgbds-1.0.4/rgbgfx --colors dmg -Weverything -o gfx/peon_enemy_profiles/silver_dragon.2bpp gfx/peon_enemy_profiles/silver_dragon.png
tools/pokemon_animation_graphics -o gfx/pokemon/rattata/front.animated.2bpp gfx/pokemon/rattata/front.2bpp gfx/pokemon/rattata/front.dimensions
tools/pokemon_animation_graphics -o gfx/pokemon/sandshrew/front.animated.2bpp gfx/pokemon/sandshrew/front.2bpp gfx/pokemon/sandshrew/front.dimensions
tools/pokemon_animation_graphics -o gfx/pokemon/krabby/front.animated.2bpp gfx/pokemon/krabby/front.2bpp gfx/pokemon/krabby/front.dimensions
tools/pokemon_animation_graphics -o gfx/pokemon/spearow/front.animated.2bpp gfx/pokemon/spearow/front.2bpp gfx/pokemon/spearow/front.dimensions
python3 tools/build_peon_player_combat.py
/workspace/toolchains/rgbds-1.0.4/rgbasm -Weverything -Wtruncation=1 -Q8 -P includes.asm  -o ram.o ram.asm
/workspace/toolchains/rgbds-1.0.4/rgbasm -Weverything -Wtruncation=1 -Q8 -P includes.asm  -o data/text/common.o data/text/common.asm
/workspace/toolchains/rgbds-1.0.4/rgbasm -Weverything -Wtruncation=1 -Q8 -P includes.asm  -o data/maps/map_data.o data/maps/map_data.asm
/workspace/toolchains/rgbds-1.0.4/rgbasm -Weverything -Wtruncation=1 -Q8 -P includes.asm  -o data/pokemon/dex_entries.o data/pokemon/dex_entries.asm
/workspace/toolchains/rgbds-1.0.4/rgbasm -Weverything -Wtruncation=1 -Q8 -P includes.asm  -o data/pokemon/egg_moves.o data/pokemon/egg_moves.asm
/workspace/toolchains/rgbds-1.0.4/rgbasm -Weverything -Wtruncation=1 -Q8 -P includes.asm  -o data/pokemon/evos_attacks.o data/pokemon/evos_attacks.asm
/workspace/toolchains/rgbds-1.0.4/rgbgfx --colors dmg -Weverything -o gfx/credits/border.2bpp gfx/credits/border.png
/workspace/toolchains/rgbds-1.0.4/rgbgfx --colors dmg -Weverything -o gfx/credits/pichu.2bpp gfx/credits/pichu.png
/workspace/toolchains/rgbds-1.0.4/rgbgfx --colors dmg -Weverything -o gfx/credits/smoochum.2bpp gfx/credits/smoochum.png
/workspace/toolchains/rgbds-1.0.4/rgbgfx --colors dmg -Weverything -o gfx/credits/ditto.2bpp gfx/credits/ditto.png
/workspace/toolchains/rgbds-1.0.4/rgbgfx --colors dmg -Weverything -o gfx/credits/igglybuff.2bpp gfx/credits/igglybuff.png
/workspace/toolchains/rgbds-1.0.4/rgbasm -Weverything -Wtruncation=1 -Q8 -P includes.asm  -o engine/overworld/events.o engine/overworld/events.asm
/workspace/toolchains/rgbds-1.0.4/rgbgfx --colors dmg -Weverything --columns -o gfx/player/chris_back.2bpp gfx/player/chris_back.png
/workspace/toolchains/rgbds-1.0.4/rgbgfx --colors dmg -Weverything --columns -o gfx/battle/dude.2bpp gfx/battle/dude.png
/workspace/toolchains/rgbds-1.0.4/rgbgfx --colors dmg -Weverything --columns -o gfx/new_game/shrink1.2bpp gfx/new_game/shrink1.png
/workspace/toolchains/rgbds-1.0.4/rgbgfx --colors dmg -Weverything --columns -o gfx/new_game/shrink2.2bpp gfx/new_game/shrink2.png
/workspace/toolchains/rgbds-1.0.4/rgbgfx --colors dmg -Weverything --columns -o gfx/pokemon/egg/unused_front.2bpp gfx/pokemon/egg/unused_front.png
/workspace/toolchains/rgbds-1.0.4/rgbgfx --colors dmg -Weverything -o gfx/credits/theend.2bpp gfx/credits/theend.png
/workspace/toolchains/rgbds-1.0.4/rgbgfx --colors dmg -Weverything --depth 1 -o gfx/font/font_inversed.1bpp gfx/font/font_inversed.png
/workspace/toolchains/rgbds-1.0.4/rgbgfx --colors dmg -Weverything -o gfx/splash/copyright.2bpp gfx/splash/copyright.png
/workspace/toolchains/rgbds-1.0.4/rgbgfx --colors dmg -Weverything -o gfx/splash/ditto.2bpp gfx/splash/ditto.png
/workspace/toolchains/rgbds-1.0.4/rgbgfx --colors dmg -Weverything -o gfx/font/unown_font.2bpp gfx/font/unown_font.png
/workspace/toolchains/rgbds-1.0.4/rgbgfx --colors dmg -Weverything --trim-end 2 -o gfx/pokegear/pokegear.2bpp gfx/pokegear/pokegear.png
tools/pokemon_animation_graphics -o gfx/pokemon/ho_oh/front.animated.2bpp gfx/pokemon/ho_oh/front.2bpp gfx/pokemon/ho_oh/front.dimensions
tools/pokemon_animation_graphics -o gfx/pokemon/machamp/front.animated.2bpp gfx/pokemon/machamp/front.2bpp gfx/pokemon/machamp/front.dimensions
tools/pokemon_animation_graphics -o gfx/pokemon/ninetales/front.animated.2bpp gfx/pokemon/ninetales/front.2bpp gfx/pokemon/ninetales/front.dimensions
tools/pokemon_animation_graphics -o gfx/pokemon/feraligatr/front.animated.2bpp gfx/pokemon/feraligatr/front.2bpp gfx/pokemon/feraligatr/front.dimensions
tools/pokemon_animation_graphics -o gfx/pokemon/nidoking/front.animated.2bpp gfx/pokemon/nidoking/front.2bpp gfx/pokemon/nidoking/front.dimensions
tools/pokemon_animation_graphics -o gfx/pokemon/raikou/front.animated.2bpp gfx/pokemon/raikou/front.2bpp gfx/pokemon/raikou/front.dimensions
tools/pokemon_animation_graphics -o gfx/pokemon/lugia/front.animated.2bpp gfx/pokemon/lugia/front.2bpp gfx/pokemon/lugia/front.dimensions
tools/pokemon_animation_graphics -o gfx/pokemon/articuno/front.animated.2bpp gfx/pokemon/articuno/front.2bpp gfx/pokemon/articuno/front.dimensions
tools/pokemon_animation_graphics -o gfx/pokemon/tauros/front.animated.2bpp gfx/pokemon/tauros/front.2bpp gfx/pokemon/tauros/front.dimensions
tools/pokemon_animation_graphics -o gfx/pokemon/venusaur/front.animated.2bpp gfx/pokemon/venusaur/front.2bpp gfx/pokemon/venusaur/front.dimensions
tools/pokemon_animation_graphics -o gfx/pokemon/entei/front.animated.2bpp gfx/pokemon/entei/front.2bpp gfx/pokemon/entei/front.dimensions
tools/pokemon_animation_graphics -o gfx/pokemon/suicune/front.animated.2bpp gfx/pokemon/suicune/front.2bpp gfx/pokemon/suicune/front.dimensions
tools/pokemon_animation_graphics -o gfx/pokemon/typhlosion/front.animated.2bpp gfx/pokemon/typhlosion/front.2bpp gfx/pokemon/typhlosion/front.dimensions
tools/pokemon_animation_graphics -o gfx/pokemon/blastoise/front.animated.2bpp gfx/pokemon/blastoise/front.2bpp gfx/pokemon/blastoise/front.dimensions
tools/pokemon_animation_graphics -o gfx/pokemon/rapidash/front.animated.2bpp gfx/pokemon/rapidash/front.2bpp gfx/pokemon/rapidash/front.dimensions
tools/pokemon_animation_graphics -o gfx/pokemon/meganium/front.animated.2bpp gfx/pokemon/meganium/front.2bpp gfx/pokemon/meganium/front.dimensions
tools/pokemon_animation_graphics -o gfx/pokemon/nidoqueen/front.animated.2bpp gfx/pokemon/nidoqueen/front.2bpp gfx/pokemon/nidoqueen/front.dimensions
tools/pokemon_animation_graphics -o gfx/pokemon/hitmonlee/front.animated.2bpp gfx/pokemon/hitmonlee/front.2bpp gfx/pokemon/hitmonlee/front.dimensions
tools/pokemon_animation_graphics -o gfx/pokemon/scizor/front.animated.2bpp gfx/pokemon/scizor/front.2bpp gfx/pokemon/scizor/front.dimensions
tools/pokemon_animation_graphics -o gfx/pokemon/beedrill/front.animated.2bpp gfx/pokemon/beedrill/front.2bpp gfx/pokemon/beedrill/front.dimensions
tools/pokemon_animation_graphics -o gfx/pokemon/arcanine/front.animated.2bpp gfx/pokemon/arcanine/front.2bpp gfx/pokemon/arcanine/front.dimensions
tools/pokemon_animation_graphics -o gfx/pokemon/tyranitar/front.animated.2bpp gfx/pokemon/tyranitar/front.2bpp gfx/pokemon/tyranitar/front.dimensions
tools/pokemon_animation_graphics -o gfx/pokemon/moltres/front.animated.2bpp gfx/pokemon/moltres/front.2bpp gfx/pokemon/moltres/front.dimensions
tools/pokemon_animation_graphics -o gfx/pokemon/zapdos/front.animated.2bpp gfx/pokemon/zapdos/front.2bpp gfx/pokemon/zapdos/front.dimensions
tools/pokemon_animation_graphics -o gfx/pokemon/arbok/front.animated.2bpp gfx/pokemon/arbok/front.2bpp gfx/pokemon/arbok/front.dimensions
tools/pokemon_animation_graphics -o gfx/pokemon/mewtwo/front.animated.2bpp gfx/pokemon/mewtwo/front.2bpp gfx/pokemon/mewtwo/front.dimensions
tools/pokemon_animation_graphics -o gfx/pokemon/fearow/front.animated.2bpp gfx/pokemon/fearow/front.2bpp gfx/pokemon/fearow/front.dimensions
tools/pokemon_animation_graphics -o gfx/pokemon/charizard/front.animated.2bpp gfx/pokemon/charizard/front.2bpp gfx/pokemon/charizard/front.dimensions
tools/pokemon_animation_graphics -o gfx/pokemon/quilava/front.animated.2bpp gfx/pokemon/quilava/front.2bpp gfx/pokemon/quilava/front.dimensions
tools/pokemon_animation_graphics -o gfx/pokemon/steelix/front.animated.2bpp gfx/pokemon/steelix/front.2bpp gfx/pokemon/steelix/front.dimensions
tools/pokemon_animation_graphics -o gfx/pokemon/alakazam/front.animated.2bpp gfx/pokemon/alakazam/front.2bpp gfx/pokemon/alakazam/front.dimensions
tools/pokemon_animation_graphics -o gfx/pokemon/gyarados/front.animated.2bpp gfx/pokemon/gyarados/front.2bpp gfx/pokemon/gyarados/front.dimensions
tools/pokemon_animation_graphics -o gfx/pokemon/kangaskhan/front.animated.2bpp gfx/pokemon/kangaskhan/front.2bpp gfx/pokemon/kangaskhan/front.dimensions
tools/pokemon_animation_graphics -o gfx/pokemon/rhydon/front.animated.2bpp gfx/pokemon/rhydon/front.2bpp gfx/pokemon/rhydon/front.dimensions
tools/pokemon_animation_graphics -o gfx/pokemon/golduck/front.animated.2bpp gfx/pokemon/golduck/front.2bpp gfx/pokemon/golduck/front.dimensions
tools/pokemon_animation_graphics -o gfx/pokemon/rhyhorn/front.animated.2bpp gfx/pokemon/rhyhorn/front.2bpp gfx/pokemon/rhyhorn/front.dimensions
tools/pokemon_animation_graphics -o gfx/pokemon/pidgeot/front.animated.2bpp gfx/pokemon/pidgeot/front.2bpp gfx/pokemon/pidgeot/front.dimensions
tools/pokemon_animation_graphics -o gfx/pokemon/slowbro/front.animated.2bpp gfx/pokemon/slowbro/front.2bpp gfx/pokemon/slowbro/front.dimensions
tools/pokemon_animation_graphics -o gfx/pokemon/butterfree/front.animated.2bpp gfx/pokemon/butterfree/front.2bpp gfx/pokemon/butterfree/front.dimensions
tools/pokemon_animation_graphics -o gfx/pokemon/weezing/front.animated.2bpp gfx/pokemon/weezing/front.2bpp gfx/pokemon/weezing/front.dimensions
tools/pokemon_animation_graphics -o gfx/pokemon/cloyster/front.animated.2bpp gfx/pokemon/cloyster/front.2bpp gfx/pokemon/cloyster/front.dimensions
tools/pokemon_animation_graphics -o gfx/pokemon/skarmory/front.animated.2bpp gfx/pokemon/skarmory/front.2bpp gfx/pokemon/skarmory/front.dimensions
tools/pokemon_animation_graphics -o gfx/pokemon/dewgong/front.animated.2bpp gfx/pokemon/dewgong/front.2bpp gfx/pokemon/dewgong/front.dimensions
tools/pokemon_animation_graphics -o gfx/pokemon/victreebel/front.animated.2bpp gfx/pokemon/victreebel/front.2bpp gfx/pokemon/victreebel/front.dimensions
tools/pokemon_animation_graphics -o gfx/pokemon/raichu/front.animated.2bpp gfx/pokemon/raichu/front.2bpp gfx/pokemon/raichu/front.dimensions
tools/pokemon_animation_graphics -o gfx/pokemon/primeape/front.animated.2bpp gfx/pokemon/primeape/front.2bpp gfx/pokemon/primeape/front.dimensions
/workspace/toolchains/rgbds-1.0.4/rgbgfx -Weverything --columns --colors gbc:gfx/pokemon/omastar/normal.gbcpal -o gfx/pokemon/omastar/back.2bpp gfx/pokemon/omastar/back.png
tools/pokemon_animation_graphics -o gfx/pokemon/dodrio/front.animated.2bpp gfx/pokemon/dodrio/front.2bpp gfx/pokemon/dodrio/front.dimensions
tools/pokemon_animation_graphics -o gfx/pokemon/slowking/front.animated.2bpp gfx/pokemon/slowking/front.2bpp gfx/pokemon/slowking/front.dimensions
tools/pokemon_animation_graphics -o gfx/pokemon/hitmontop/front.animated.2bpp gfx/pokemon/hitmontop/front.2bpp gfx/pokemon/hitmontop/front.dimensions
tools/pokemon_animation_graphics -o gfx/pokemon/onix/front.animated.2bpp gfx/pokemon/onix/front.2bpp gfx/pokemon/onix/front.dimensions
tools/pokemon_animation_graphics -o gfx/pokemon/blissey/front.animated.2bpp gfx/pokemon/blissey/front.2bpp gfx/pokemon/blissey/front.dimensions
tools/pokemon_animation_graphics -o gfx/pokemon/dragonite/front.animated.2bpp gfx/pokemon/dragonite/front.2bpp gfx/pokemon/dragonite/front.dimensions
tools/pokemon_animation_graphics -o gfx/pokemon/poliwrath/front.animated.2bpp gfx/pokemon/poliwrath/front.2bpp gfx/pokemon/poliwrath/front.dimensions
tools/pokemon_animation_graphics -o gfx/pokemon/scyther/front.animated.2bpp gfx/pokemon/scyther/front.2bpp gfx/pokemon/scyther/front.dimensions
tools/pokemon_animation_graphics -o gfx/pokemon/aerodactyl/front.animated.2bpp gfx/pokemon/aerodactyl/front.2bpp gfx/pokemon/aerodactyl/front.dimensions
tools/pokemon_animation_graphics -o gfx/pokemon/seaking/front.animated.2bpp gfx/pokemon/seaking/front.2bpp gfx/pokemon/seaking/front.dimensions
tools/pokemon_animation_graphics -o gfx/pokemon/muk/front.animated.2bpp gfx/pokemon/muk/front.2bpp gfx/pokemon/muk/front.dimensions
tools/pokemon_animation_graphics -o gfx/pokemon/croconaw/front.animated.2bpp gfx/pokemon/croconaw/front.2bpp gfx/pokemon/croconaw/front.dimensions
tools/pokemon_animation_graphics -o gfx/pokemon/hypno/front.animated.2bpp gfx/pokemon/hypno/front.2bpp gfx/pokemon/hypno/front.dimensions
tools/pokemon_animation_graphics -o gfx/pokemon/nidorino/front.animated.2bpp gfx/pokemon/nidorino/front.2bpp gfx/pokemon/nidorino/front.dimensions
tools/pokemon_animation_graphics -o gfx/pokemon/sandslash/front.animated.2bpp gfx/pokemon/sandslash/front.2bpp gfx/pokemon/sandslash/front.dimensions
tools/pokemon_animation_graphics -o gfx/pokemon/jolteon/front.animated.2bpp gfx/pokemon/jolteon/front.2bpp gfx/pokemon/jolteon/front.dimensions
tools/pokemon_animation_graphics -o gfx/pokemon/donphan/front.animated.2bpp gfx/pokemon/donphan/front.2bpp gfx/pokemon/donphan/front.dimensions
tools/pokemon_animation_graphics -o gfx/pokemon/pinsir/front.animated.2bpp gfx/pokemon/pinsir/front.2bpp gfx/pokemon/pinsir/front.dimensions
tools/pokemon_animation_graphics -o gfx/pokemon/unown_e/front.animated.2bpp gfx/pokemon/unown_e/front.2bpp gfx/pokemon/unown_e/front.dimensions
tools/pokemon_animation_graphics -o gfx/pokemon/golbat/front.animated.2bpp gfx/pokemon/golbat/front.2bpp gfx/pokemon/golbat/front.dimensions
tools/pokemon_animation_graphics -o gfx/pokemon/exeggcute/front.animated.2bpp gfx/pokemon/exeggcute/front.2bpp gfx/pokemon/exeggcute/front.dimensions
tools/pokemon_animation_graphics -o gfx/pokemon/magcargo/front.animated.2bpp gfx/pokemon/magcargo/front.2bpp gfx/pokemon/magcargo/front.dimensions
tools/pokemon_animation_graphics -o gfx/pokemon/persian/front.animated.2bpp gfx/pokemon/persian/front.2bpp gfx/pokemon/persian/front.dimensions
tools/pokemon_animation_graphics -o gfx/pokemon/stantler/front.animated.2bpp gfx/pokemon/stantler/front.2bpp gfx/pokemon/stantler/front.dimensions
tools/pokemon_animation_graphics -o gfx/pokemon/raticate/front.animated.2bpp gfx/pokemon/raticate/front.2bpp gfx/pokemon/raticate/front.dimensions
tools/pokemon_animation_graphics -o gfx/pokemon/venomoth/front.animated.2bpp gfx/pokemon/venomoth/front.2bpp gfx/pokemon/venomoth/front.dimensions
tools/pokemon_animation_graphics -o gfx/pokemon/politoed/front.animated.2bpp gfx/pokemon/politoed/front.2bpp gfx/pokemon/politoed/front.dimensions
tools/pokemon_animation_graphics -o gfx/pokemon/electabuzz/front.animated.2bpp gfx/pokemon/electabuzz/front.2bpp gfx/pokemon/electabuzz/front.dimensions
tools/pokemon_animation_graphics -o gfx/pokemon/mantine/front.animated.2bpp gfx/pokemon/mantine/front.2bpp gfx/pokemon/mantine/front.dimensions
tools/pokemon_animation_graphics -o gfx/pokemon/lickitung/front.animated.2bpp gfx/pokemon/lickitung/front.2bpp gfx/pokemon/lickitung/front.dimensions
tools/pokemon_animation_graphics -o gfx/pokemon/kingdra/front.animated.2bpp gfx/pokemon/kingdra/front.2bpp gfx/pokemon/kingdra/front.dimensions
tools/pokemon_animation_graphics -o gfx/pokemon/charmeleon/front.animated.2bpp gfx/pokemon/charmeleon/front.2bpp gfx/pokemon/charmeleon/front.dimensions
tools/pokemon_animation_graphics -o gfx/pokemon/kadabra/front.animated.2bpp gfx/pokemon/kadabra/front.2bpp gfx/pokemon/kadabra/front.dimensions
tools/pokemon_animation_graphics -o gfx/pokemon/exeggutor/front.animated.2bpp gfx/pokemon/exeggutor/front.2bpp gfx/pokemon/exeggutor/front.dimensions
tools/pokemon_animation_graphics -o gfx/pokemon/gastly/front.animated.2bpp gfx/pokemon/gastly/front.2bpp gfx/pokemon/gastly/front.dimensions
tools/pokemon_animation_graphics -o gfx/pokemon/azumarill/front.animated.2bpp gfx/pokemon/azumarill/front.2bpp gfx/pokemon/azumarill/front.dimensions
tools/pokemon_animation_graphics -o gfx/pokemon/parasect/front.animated.2bpp gfx/pokemon/parasect/front.2bpp gfx/pokemon/parasect/front.dimensions
tools/pokemon_animation_graphics -o gfx/pokemon/mr__mime/front.animated.2bpp gfx/pokemon/mr__mime/front.2bpp gfx/pokemon/mr__mime/front.dimensions
tools/pokemon_animation_graphics -o gfx/pokemon/heracross/front.animated.2bpp gfx/pokemon/heracross/front.2bpp gfx/pokemon/heracross/front.dimensions
tools/pokemon_animation_graphics -o gfx/pokemon/ariados/front.animated.2bpp gfx/pokemon/ariados/front.2bpp gfx/pokemon/ariados/front.dimensions
tools/pokemon_animation_graphics -o gfx/pokemon/noctowl/front.animated.2bpp gfx/pokemon/noctowl/front.2bpp gfx/pokemon/noctowl/front.dimensions
tools/pokemon_animation_graphics -o gfx/pokemon/wartortle/front.animated.2bpp gfx/pokemon/wartortle/front.2bpp gfx/pokemon/wartortle/front.dimensions
tools/pokemon_animation_graphics -o gfx/pokemon/lapras/front.animated.2bpp gfx/pokemon/lapras/front.2bpp gfx/pokemon/lapras/front.dimensions
tools/pokemon_animation_graphics -o gfx/pokemon/golem/front.animated.2bpp gfx/pokemon/golem/front.2bpp gfx/pokemon/golem/front.dimensions
tools/pokemon_animation_graphics -o gfx/pokemon/poliwhirl/front.animated.2bpp gfx/pokemon/poliwhirl/front.2bpp gfx/pokemon/poliwhirl/front.dimensions
tools/pokemon_animation_graphics -o gfx/pokemon/ursaring/front.animated.2bpp gfx/pokemon/ursaring/front.2bpp gfx/pokemon/ursaring/front.dimensions
tools/pokemon_animation_graphics -o gfx/pokemon/houndoom/front.animated.2bpp gfx/pokemon/houndoom/front.2bpp gfx/pokemon/houndoom/front.dimensions
tools/pokemon_animation_graphics -o gfx/pokemon/kabutops/front.animated.2bpp gfx/pokemon/kabutops/front.2bpp gfx/pokemon/kabutops/front.dimensions
tools/pokemon_animation_graphics -o gfx/pokemon/ampharos/front.animated.2bpp gfx/pokemon/ampharos/front.2bpp gfx/pokemon/ampharos/front.dimensions
tools/pokemon_animation_graphics -o gfx/pokemon/nidorina/front.animated.2bpp gfx/pokemon/nidorina/front.2bpp gfx/pokemon/nidorina/front.dimensions
tools/pokemon_animation_graphics -o gfx/pokemon/flareon/front.animated.2bpp gfx/pokemon/flareon/front.2bpp gfx/pokemon/flareon/front.dimensions
tools/pokemon_animation_graphics -o gfx/pokemon/farfetch_d/front.animated.2bpp gfx/pokemon/farfetch_d/front.2bpp gfx/pokemon/farfetch_d/front.dimensions
tools/pokemon_animation_graphics -o gfx/pokemon/vileplume/front.animated.2bpp gfx/pokemon/vileplume/front.2bpp gfx/pokemon/vileplume/front.dimensions
tools/pokemon_animation_graphics -o gfx/pokemon/bayleef/front.animated.2bpp gfx/pokemon/bayleef/front.2bpp gfx/pokemon/bayleef/front.dimensions
tools/pokemon_animation_graphics -o gfx/pokemon/magmar/front.animated.2bpp gfx/pokemon/magmar/front.2bpp gfx/pokemon/magmar/front.dimensions
tools/pokemon_animation_graphics -o gfx/pokemon/tentacruel/front.animated.2bpp gfx/pokemon/tentacruel/front.2bpp gfx/pokemon/tentacruel/front.dimensions
tools/pokemon_animation_graphics -o gfx/pokemon/elekid/front.animated.2bpp gfx/pokemon/elekid/front.2bpp gfx/pokemon/elekid/front.dimensions
tools/pokemon_animation_graphics -o gfx/pokemon/jumpluff/front.animated.2bpp gfx/pokemon/jumpluff/front.2bpp gfx/pokemon/jumpluff/front.dimensions
tools/pokemon_animation_graphics -o gfx/pokemon/marowak/front.animated.2bpp gfx/pokemon/marowak/front.2bpp gfx/pokemon/marowak/front.dimensions
tools/pokemon_animation_graphics -o gfx/pokemon/vulpix/front.animated.2bpp gfx/pokemon/vulpix/front.2bpp gfx/pokemon/vulpix/front.dimensions
tools/pokemon_animation_graphics -o gfx/pokemon/gligar/front.animated.2bpp gfx/pokemon/gligar/front.2bpp gfx/pokemon/gligar/front.dimensions
tools/pokemon_animation_graphics -o gfx/pokemon/dunsparce/front.animated.2bpp gfx/pokemon/dunsparce/front.2bpp gfx/pokemon/dunsparce/front.dimensions
tools/pokemon_animation_graphics -o gfx/pokemon/vaporeon/front.animated.2bpp gfx/pokemon/vaporeon/front.2bpp gfx/pokemon/vaporeon/front.dimensions
tools/pokemon_animation_graphics --girafarig -o gfx/pokemon/girafarig/front.animated.2bpp gfx/pokemon/girafarig/front.2bpp gfx/pokemon/girafarig/front.dimensions
tools/pokemon_animation_graphics -o gfx/pokemon/drowzee/front.animated.2bpp gfx/pokemon/drowzee/front.2bpp gfx/pokemon/drowzee/front.dimensions
tools/pokemon_animation_graphics -o gfx/pokemon/sneasel/front.animated.2bpp gfx/pokemon/sneasel/front.2bpp gfx/pokemon/sneasel/front.dimensions
tools/pokemon_animation_graphics -o gfx/pokemon/bellossom/front.animated.2bpp gfx/pokemon/bellossom/front.2bpp gfx/pokemon/bellossom/front.dimensions
tools/pokemon_animation_graphics -o gfx/pokemon/snorlax/front.animated.2bpp gfx/pokemon/snorlax/front.2bpp gfx/pokemon/snorlax/front.dimensions
tools/pokemon_animation_graphics -o gfx/pokemon/wigglytuff/front.animated.2bpp gfx/pokemon/wigglytuff/front.2bpp gfx/pokemon/wigglytuff/front.dimensions
tools/pokemon_animation_graphics -o gfx/pokemon/yanma/front.animated.2bpp gfx/pokemon/yanma/front.2bpp gfx/pokemon/yanma/front.dimensions
tools/pokemon_animation_graphics -o gfx/pokemon/smeargle/front.animated.2bpp gfx/pokemon/smeargle/front.2bpp gfx/pokemon/smeargle/front.dimensions
tools/pokemon_animation_graphics -o gfx/pokemon/clefable/front.animated.2bpp gfx/pokemon/clefable/front.2bpp gfx/pokemon/clefable/front.dimensions
tools/pokemon_animation_graphics -o gfx/pokemon/ponyta/front.animated.2bpp gfx/pokemon/ponyta/front.2bpp gfx/pokemon/ponyta/front.dimensions
tools/pokemon_animation_graphics -o gfx/pokemon/murkrow/front.animated.2bpp gfx/pokemon/murkrow/front.2bpp gfx/pokemon/murkrow/front.dimensions
tools/pokemon_animation_graphics -o gfx/pokemon/graveler/front.animated.2bpp gfx/pokemon/graveler/front.2bpp gfx/pokemon/graveler/front.dimensions
tools/pokemon_animation_graphics -o gfx/pokemon/starmie/front.animated.2bpp gfx/pokemon/starmie/front.2bpp gfx/pokemon/starmie/front.dimensions
tools/pokemon_animation_graphics -o gfx/pokemon/pidgeotto/front.animated.2bpp gfx/pokemon/pidgeotto/front.2bpp gfx/pokemon/pidgeotto/front.dimensions
tools/pokemon_animation_graphics -o gfx/pokemon/ledyba/front.animated.2bpp gfx/pokemon/ledyba/front.2bpp gfx/pokemon/ledyba/front.dimensions
tools/pokemon_animation_graphics -o gfx/pokemon/gengar/front.animated.2bpp gfx/pokemon/gengar/front.2bpp gfx/pokemon/gengar/front.dimensions
tools/pokemon_animation_graphics -o gfx/pokemon/omastar/front.animated.2bpp gfx/pokemon/omastar/front.2bpp gfx/pokemon/omastar/front.dimensions
tools/pokemon_animation_graphics -o gfx/pokemon/piloswine/front.animated.2bpp gfx/pokemon/piloswine/front.2bpp gfx/pokemon/piloswine/front.dimensions
tools/pokemon_animation_graphics -o gfx/pokemon/dugtrio/front.animated.2bpp gfx/pokemon/dugtrio/front.2bpp gfx/pokemon/dugtrio/front.dimensions
tools/pokemon_animation_graphics -o gfx/pokemon/magneton/front.animated.2bpp gfx/pokemon/magneton/front.2bpp gfx/pokemon/magneton/front.dimensions
tools/pokemon_animation_graphics -o gfx/pokemon/dragonair/front.animated.2bpp gfx/pokemon/dragonair/front.2bpp gfx/pokemon/dragonair/front.dimensions
tools/pokemon_animation_graphics -o gfx/pokemon/forretress/front.animated.2bpp gfx/pokemon/forretress/front.2bpp gfx/pokemon/forretress/front.dimensions
tools/pokemon_animation_graphics -o gfx/pokemon/togetic/front.animated.2bpp gfx/pokemon/togetic/front.2bpp gfx/pokemon/togetic/front.dimensions
/workspace/toolchains/rgbds-1.0.4/rgbgfx -Weverything --columns --colors gbc:gfx/pokemon/kangaskhan/normal.gbcpal -o gfx/pokemon/kangaskhan/back.2bpp gfx/pokemon/kangaskhan/back.png
tools/pokemon_animation_graphics -o gfx/pokemon/seel/front.animated.2bpp gfx/pokemon/seel/front.2bpp gfx/pokemon/seel/front.dimensions
tools/pokemon_animation_graphics -o gfx/pokemon/crobat/front.animated.2bpp gfx/pokemon/crobat/front.2bpp gfx/pokemon/crobat/front.dimensions
tools/pokemon_animation_graphics -o gfx/pokemon/chansey/front.animated.2bpp gfx/pokemon/chansey/front.2bpp gfx/pokemon/chansey/front.dimensions
tools/pokemon_animation_graphics -o gfx/pokemon/tangela/front.animated.2bpp gfx/pokemon/tangela/front.2bpp gfx/pokemon/tangela/front.dimensions
tools/pokemon_animation_graphics -o gfx/pokemon/snubbull/front.animated.2bpp gfx/pokemon/snubbull/front.2bpp gfx/pokemon/snubbull/front.dimensions
tools/pokemon_animation_graphics -o gfx/pokemon/granbull/front.animated.2bpp gfx/pokemon/granbull/front.2bpp gfx/pokemon/granbull/front.dimensions
tools/pokemon_animation_graphics -o gfx/pokemon/miltank/front.animated.2bpp gfx/pokemon/miltank/front.2bpp gfx/pokemon/miltank/front.dimensions
tools/pokemon_animation_graphics -o gfx/pokemon/haunter/front.animated.2bpp gfx/pokemon/haunter/front.2bpp gfx/pokemon/haunter/front.dimensions
tools/pokemon_animation_graphics -o gfx/pokemon/sunflora/front.animated.2bpp gfx/pokemon/sunflora/front.2bpp gfx/pokemon/sunflora/front.dimensions
tools/pokemon_animation_graphics -o gfx/pokemon/umbreon/front.animated.2bpp gfx/pokemon/umbreon/front.2bpp gfx/pokemon/umbreon/front.dimensions
tools/pokemon_animation_graphics -o gfx/pokemon/chikorita/front.animated.2bpp gfx/pokemon/chikorita/front.2bpp gfx/pokemon/chikorita/front.dimensions
tools/pokemon_animation_graphics -o gfx/pokemon/goldeen/front.animated.2bpp gfx/pokemon/goldeen/front.2bpp gfx/pokemon/goldeen/front.dimensions
tools/pokemon_animation_graphics -o gfx/pokemon/espeon/front.animated.2bpp gfx/pokemon/espeon/front.2bpp gfx/pokemon/espeon/front.dimensions
tools/pokemon_animation_graphics -o gfx/pokemon/xatu/front.animated.2bpp gfx/pokemon/xatu/front.2bpp gfx/pokemon/xatu/front.dimensions
tools/pokemon_animation_graphics -o gfx/pokemon/mew/front.animated.2bpp gfx/pokemon/mew/front.2bpp gfx/pokemon/mew/front.dimensions
tools/pokemon_animation_graphics -o gfx/pokemon/octillery/front.animated.2bpp gfx/pokemon/octillery/front.2bpp gfx/pokemon/octillery/front.dimensions
tools/pokemon_animation_graphics -o gfx/pokemon/jynx/front.animated.2bpp gfx/pokemon/jynx/front.2bpp gfx/pokemon/jynx/front.dimensions
tools/pokemon_animation_graphics -o gfx/pokemon/wobbuffet/front.animated.2bpp gfx/pokemon/wobbuffet/front.2bpp gfx/pokemon/wobbuffet/front.dimensions
tools/pokemon_animation_graphics -o gfx/pokemon/delibird/front.animated.2bpp gfx/pokemon/delibird/front.2bpp gfx/pokemon/delibird/front.dimensions
tools/pokemon_animation_graphics -o gfx/pokemon/ledian/front.animated.2bpp gfx/pokemon/ledian/front.2bpp gfx/pokemon/ledian/front.dimensions
tools/pokemon_animation_graphics -o gfx/pokemon/gloom/front.animated.2bpp gfx/pokemon/gloom/front.2bpp gfx/pokemon/gloom/front.dimensions
tools/pokemon_animation_graphics -o gfx/pokemon/flaaffy/front.animated.2bpp gfx/pokemon/flaaffy/front.2bpp gfx/pokemon/flaaffy/front.dimensions
tools/pokemon_animation_graphics -o gfx/pokemon/ivysaur/front.animated.2bpp gfx/pokemon/ivysaur/front.2bpp gfx/pokemon/ivysaur/front.dimensions
tools/pokemon_animation_graphics -o gfx/pokemon/furret/front.animated.2bpp gfx/pokemon/furret/front.2bpp gfx/pokemon/furret/front.dimensions
tools/pokemon_animation_graphics -o gfx/pokemon/cyndaquil/front.animated.2bpp gfx/pokemon/cyndaquil/front.2bpp gfx/pokemon/cyndaquil/front.dimensions
tools/pokemon_animation_graphics -o gfx/pokemon/hitmonchan/front.animated.2bpp gfx/pokemon/hitmonchan/front.2bpp gfx/pokemon/hitmonchan/front.dimensions
tools/pokemon_animation_graphics -o gfx/pokemon/quagsire/front.animated.2bpp gfx/pokemon/quagsire/front.2bpp gfx/pokemon/quagsire/front.dimensions
tools/pokemon_animation_graphics -o gfx/pokemon/sudowoodo/front.animated.2bpp gfx/pokemon/sudowoodo/front.2bpp gfx/pokemon/sudowoodo/front.dimensions
tools/pokemon_animation_graphics -o gfx/pokemon/pikachu/front.animated.2bpp gfx/pokemon/pikachu/front.2bpp gfx/pokemon/pikachu/front.dimensions
tools/pokemon_animation_graphics -o gfx/pokemon/seadra/front.animated.2bpp gfx/pokemon/seadra/front.2bpp gfx/pokemon/seadra/front.dimensions
tools/pokemon_animation_graphics -o gfx/pokemon/magby/front.animated.2bpp gfx/pokemon/magby/front.2bpp gfx/pokemon/magby/front.dimensions
tools/pokemon_animation_graphics -o gfx/pokemon/weepinbell/front.animated.2bpp gfx/pokemon/weepinbell/front.2bpp gfx/pokemon/weepinbell/front.dimensions
tools/pokemon_animation_graphics -o gfx/pokemon/corsola/front.animated.2bpp gfx/pokemon/corsola/front.2bpp gfx/pokemon/corsola/front.dimensions
/workspace/toolchains/rgbds-1.0.4/rgbgfx -Weverything --columns --colors gbc:gfx/trainers/firebreather.gbcpal -o gfx/trainers/firebreather.2bpp gfx/trainers/firebreather.png
tools/pokemon_animation_graphics -o gfx/pokemon/chinchou/front.animated.2bpp gfx/pokemon/chinchou/front.2bpp gfx/pokemon/chinchou/front.dimensions
/workspace/toolchains/rgbds-1.0.4/rgbgfx -Weverything --columns --colors gbc:gfx/trainers/champion.gbcpal -o gfx/trainers/champion.2bpp gfx/trainers/champion.png
tools/pokemon_animation_graphics -o gfx/pokemon/magikarp/front.animated.2bpp gfx/pokemon/magikarp/front.2bpp gfx/pokemon/magikarp/front.dimensions
tools/pokemon_animation_graphics -o gfx/pokemon/charmander/front.animated.2bpp gfx/pokemon/charmander/front.2bpp gfx/pokemon/charmander/front.dimensions
tools/pokemon_animation_graphics -o gfx/pokemon/cubone/front.animated.2bpp gfx/pokemon/cubone/front.2bpp gfx/pokemon/cubone/front.dimensions
/workspace/toolchains/rgbds-1.0.4/rgbgfx -Weverything --columns --colors gbc:gfx/trainers/blackbelt_t.gbcpal -o gfx/trainers/blackbelt_t.2bpp gfx/trainers/blackbelt_t.png
/workspace/toolchains/rgbds-1.0.4/rgbgfx -Weverything --columns --colors gbc:gfx/trainers/biker.gbcpal -o gfx/trainers/biker.2bpp gfx/trainers/biker.png
tools/pokemon_animation_graphics -o gfx/pokemon/nidoran_m/front.animated.2bpp gfx/pokemon/nidoran_m/front.2bpp gfx/pokemon/nidoran_m/front.dimensions
tools/pokemon_animation_graphics -o gfx/pokemon/porygon/front.animated.2bpp gfx/pokemon/porygon/front.2bpp gfx/pokemon/porygon/front.dimensions
/workspace/toolchains/rgbds-1.0.4/rgbgfx -Weverything --columns --colors gbc:gfx/trainers/bruno.gbcpal -o gfx/trainers/bruno.2bpp gfx/trainers/bruno.png
tools/pokemon_animation_graphics -o gfx/pokemon/staryu/front.animated.2bpp gfx/pokemon/staryu/front.2bpp gfx/pokemon/staryu/front.dimensions
/workspace/toolchains/rgbds-1.0.4/rgbgfx -Weverything --columns --colors gbc:gfx/trainers/hiker.gbcpal -o gfx/trainers/hiker.2bpp gfx/trainers/hiker.png
tools/pokemon_animation_graphics -o gfx/pokemon/porygon2/front.animated.2bpp gfx/pokemon/porygon2/front.2bpp gfx/pokemon/porygon2/front.dimensions
tools/pokemon_animation_graphics -o gfx/pokemon/nidoran_f/front.animated.2bpp gfx/pokemon/nidoran_f/front.2bpp gfx/pokemon/nidoran_f/front.dimensions
tools/pokemon_animation_graphics -o gfx/pokemon/pidgey/front.animated.2bpp gfx/pokemon/pidgey/front.2bpp gfx/pokemon/pidgey/front.dimensions
/workspace/toolchains/rgbds-1.0.4/rgbgfx -Weverything --columns --colors gbc:gfx/pokemon/parasect/normal.gbcpal -o gfx/pokemon/parasect/back.2bpp gfx/pokemon/parasect/back.png
tools/pokemon_animation_graphics -o gfx/pokemon/misdreavus/front.animated.2bpp gfx/pokemon/misdreavus/front.2bpp gfx/pokemon/misdreavus/front.dimensions
tools/pokemon_animation_graphics -o gfx/pokemon/houndour/front.animated.2bpp gfx/pokemon/houndour/front.2bpp gfx/pokemon/houndour/front.dimensions
tools/pokemon_animation_graphics -o gfx/pokemon/mankey/front.animated.2bpp gfx/pokemon/mankey/front.2bpp gfx/pokemon/mankey/front.dimensions
tools/pokemon_animation_graphics -o gfx/pokemon/celebi/front.animated.2bpp gfx/pokemon/celebi/front.2bpp gfx/pokemon/celebi/front.dimensions
/workspace/toolchains/rgbds-1.0.4/rgbgfx -Weverything --columns --colors gbc:gfx/trainers/medium.gbcpal -o gfx/trainers/medium.2bpp gfx/trainers/medium.png
tools/pokemon_animation_graphics -o gfx/pokemon/pineco/front.animated.2bpp gfx/pokemon/pineco/front.2bpp gfx/pokemon/pineco/front.dimensions
/workspace/toolchains/rgbds-1.0.4/rgbgfx -Weverything --columns --colors gbc:gfx/trainers/fisher.gbcpal -o gfx/trainers/fisher.2bpp gfx/trainers/fisher.png
tools/pokemon_animation_graphics -o gfx/pokemon/jigglypuff/front.animated.2bpp gfx/pokemon/jigglypuff/front.2bpp gfx/pokemon/jigglypuff/front.dimensions
tools/pokemon_animation_graphics -o gfx/pokemon/paras/front.animated.2bpp gfx/pokemon/paras/front.2bpp gfx/pokemon/paras/front.dimensions
/workspace/toolchains/rgbds-1.0.4/rgbgfx -Weverything --columns --colors gbc:gfx/pokemon/nidoking/normal.gbcpal -o gfx/pokemon/nidoking/back.2bpp gfx/pokemon/nidoking/back.png
/workspace/toolchains/rgbds-1.0.4/rgbgfx -Weverything --columns --colors gbc:gfx/trainers/pokefan_m.gbcpal -o gfx/trainers/pokefan_m.2bpp gfx/trainers/pokefan_m.png
/workspace/toolchains/rgbds-1.0.4/rgbgfx -Weverything --columns --colors gbc:gfx/trainers/boarder.gbcpal -o gfx/trainers/boarder.2bpp gfx/trainers/boarder.png
tools/pokemon_animation_graphics -o gfx/pokemon/psyduck/front.animated.2bpp gfx/pokemon/psyduck/front.2bpp gfx/pokemon/psyduck/front.dimensions
tools/pokemon_animation_graphics -o gfx/pokemon/squirtle/front.animated.2bpp gfx/pokemon/squirtle/front.2bpp gfx/pokemon/squirtle/front.dimensions
/workspace/toolchains/rgbds-1.0.4/rgbgfx -Weverything --columns --colors gbc:gfx/pokemon/machamp/normal.gbcpal -o gfx/pokemon/machamp/back.2bpp gfx/pokemon/machamp/back.png
tools/pokemon_animation_graphics -o gfx/pokemon/koffing/front.animated.2bpp gfx/pokemon/koffing/front.2bpp gfx/pokemon/koffing/front.dimensions
tools/pokemon_animation_graphics -o gfx/pokemon/venonat/front.animated.2bpp gfx/pokemon/venonat/front.2bpp gfx/pokemon/venonat/front.dimensions
/workspace/toolchains/rgbds-1.0.4/rgbgfx -Weverything --columns --colors gbc:gfx/pokemon/exeggutor/normal.gbcpal -o gfx/pokemon/exeggutor/back.2bpp gfx/pokemon/exeggutor/back.png
tools/pokemon_animation_graphics -o gfx/pokemon/lanturn/front.animated.2bpp gfx/pokemon/lanturn/front.2bpp gfx/pokemon/lanturn/front.dimensions
tools/pokemon_animation_graphics -o gfx/pokemon/tyrogue/front.animated.2bpp gfx/pokemon/tyrogue/front.2bpp gfx/pokemon/tyrogue/front.dimensions
tools/pokemon_animation_graphics -o gfx/pokemon/skiploom/front.animated.2bpp gfx/pokemon/skiploom/front.2bpp gfx/pokemon/skiploom/front.dimensions
tools/pokemon_animation_graphics -o gfx/pokemon/mareep/front.animated.2bpp gfx/pokemon/mareep/front.2bpp gfx/pokemon/mareep/front.dimensions
/workspace/toolchains/rgbds-1.0.4/rgbgfx -Weverything --columns --colors gbc:gfx/trainers/chuck.gbcpal -o gfx/trainers/chuck.2bpp gfx/trainers/chuck.png
tools/pokemon_animation_graphics -o gfx/pokemon/eevee/front.animated.2bpp gfx/pokemon/eevee/front.2bpp gfx/pokemon/eevee/front.dimensions
/workspace/toolchains/rgbds-1.0.4/rgbgfx -Weverything --columns --colors gbc:gfx/pokemon/butterfree/normal.gbcpal -o gfx/pokemon/butterfree/back.2bpp gfx/pokemon/butterfree/back.png
tools/pokemon_animation_graphics -o gfx/pokemon/zubat/front.animated.2bpp gfx/pokemon/zubat/front.2bpp gfx/pokemon/zubat/front.dimensions
/workspace/toolchains/rgbds-1.0.4/rgbgfx -Weverything --columns --colors gbc:gfx/trainers/kimono_girl.gbcpal -o gfx/trainers/kimono_girl.2bpp gfx/trainers/kimono_girl.png
/workspace/toolchains/rgbds-1.0.4/rgbgfx -Weverything --columns --colors gbc:gfx/pokemon/alakazam/normal.gbcpal -o gfx/pokemon/alakazam/back.2bpp gfx/pokemon/alakazam/back.png
tools/pokemon_animation_graphics -o gfx/pokemon/aipom/front.animated.2bpp gfx/pokemon/aipom/front.2bpp gfx/pokemon/aipom/front.dimensions
tools/pokemon_animation_graphics -o gfx/pokemon/abra/front.animated.2bpp gfx/pokemon/abra/front.2bpp gfx/pokemon/abra/front.dimensions
/workspace/toolchains/rgbds-1.0.4/rgbgfx -Weverything --columns --colors gbc:gfx/pokemon/hitmontop/normal.gbcpal -o gfx/pokemon/hitmontop/back.2bpp gfx/pokemon/hitmontop/back.png
/workspace/toolchains/rgbds-1.0.4/rgbgfx -Weverything --columns --colors gbc:gfx/pokemon/cloyster/normal.gbcpal -o gfx/pokemon/cloyster/back.2bpp gfx/pokemon/cloyster/back.png
tools/pokemon_animation_graphics -o gfx/pokemon/hoothoot/front.animated.2bpp gfx/pokemon/hoothoot/front.2bpp gfx/pokemon/hoothoot/front.dimensions
/workspace/toolchains/rgbds-1.0.4/rgbgfx --colors dmg -Weverything --columns --colors gbc:gfx/pokemon/unown/normal.gbcpal -o gfx/pokemon/unown_f/back.2bpp gfx/pokemon/unown_f/back.png
/workspace/toolchains/rgbds-1.0.4/rgbgfx -Weverything --columns --colors gbc:gfx/pokemon/dodrio/normal.gbcpal -o gfx/pokemon/dodrio/back.2bpp gfx/pokemon/dodrio/back.png
tools/pokemon_animation_graphics -o gfx/pokemon/clefairy/front.animated.2bpp gfx/pokemon/clefairy/front.2bpp gfx/pokemon/clefairy/front.dimensions
tools/pokemon_animation_graphics -o gfx/pokemon/slugma/front.animated.2bpp gfx/pokemon/slugma/front.2bpp gfx/pokemon/slugma/front.dimensions
tools/pokemon_animation_graphics -o gfx/pokemon/growlithe/front.animated.2bpp gfx/pokemon/growlithe/front.2bpp gfx/pokemon/growlithe/front.dimensions
tools/pokemon_animation_graphics -o gfx/pokemon/slowpoke/front.animated.2bpp gfx/pokemon/slowpoke/front.2bpp gfx/pokemon/slowpoke/front.dimensions
tools/pokemon_animation_graphics -o gfx/pokemon/smoochum/front.animated.2bpp gfx/pokemon/smoochum/front.2bpp gfx/pokemon/smoochum/front.dimensions
/workspace/toolchains/rgbds-1.0.4/rgbgfx -Weverything --columns --colors gbc:gfx/trainers/juggler.gbcpal -o gfx/trainers/juggler.2bpp gfx/trainers/juggler.png
tools/pokemon_animation_graphics -o gfx/pokemon/marill/front.animated.2bpp gfx/pokemon/marill/front.2bpp gfx/pokemon/marill/front.dimensions
/workspace/toolchains/rgbds-1.0.4/rgbgfx -Weverything --columns --colors gbc:gfx/trainers/guitarist.gbcpal -o gfx/trainers/guitarist.2bpp gfx/trainers/guitarist.png
/workspace/toolchains/rgbds-1.0.4/rgbgfx -Weverything --columns --colors gbc:gfx/trainers/pokefan_f.gbcpal -o gfx/trainers/pokefan_f.2bpp gfx/trainers/pokefan_f.png
/workspace/toolchains/rgbds-1.0.4/rgbgfx -Weverything --columns --colors gbc:gfx/pokemon/venomoth/normal.gbcpal -o gfx/pokemon/venomoth/back.2bpp gfx/pokemon/venomoth/back.png
/workspace/toolchains/rgbds-1.0.4/rgbgfx -Weverything --columns --colors gbc:gfx/trainers/clair.gbcpal -o gfx/trainers/clair.2bpp gfx/trainers/clair.png
{
  "source": "gfx/pokemon/machop/back.png",
  "source_sha256": "876ba18a36e539c0c82cfc8393c531cb71a844567875f903ebe69881afae4377",
  "native_binary": "gfx/peon_player_battle/back_frames.2bpp",
  "size": [
    48,
    48
  ],
  "frames": [
    {
      "name": "idle",
      "changed_pixels_from_idle": 0,
      "changed_silhouette_pixels": 0,
      "tile_bytes": 576,
      "frame_offset": 0
    },
    {
      "name": "brace",
      "changed_pixels_from_idle": 590,
      "changed_silhouette_pixels": 304,
      "tile_bytes": 576,
      "frame_offset": 576
    },
    {
      "name": "swing",
      "changed_pixels_from_idle": 596,
      "changed_silhouette_pixels": 354,
      "tile_bytes": 576,
      "frame_offset": 1152
    }
  ],
  "bytes_per_frame": 576,
  "tile_order": "column-major, tx outer then ty",
  "total_bytes": 1728,
  "rgb555_palette": [
    [
      31,
      31,
      31
    ],
    [
      15,
      22,
      8
    ],
    [
      18,
      11,
      6
    ],
    [
      0,
      0,
      0
    ]
  ],
  "alpha": "binary transparent index0",
  "idle_matches_current_backpic": true,
  "notes": "Original authored arm/mace/torso poses; fixed leg baseline; no engine or balance changes."
}
/workspace/toolchains/rgbds-1.0.4/rgbgfx -Weverything --columns --colors gbc:gfx/trainers/pokemaniac.gbcpal -o gfx/trainers/pokemaniac.2bpp gfx/trainers/pokemaniac.png
tools/pokemon_animation_graphics -o gfx/pokemon/omanyte/front.animated.2bpp gfx/pokemon/omanyte/front.2bpp gfx/pokemon/omanyte/front.dimensions
/workspace/toolchains/rgbds-1.0.4/rgbgfx -Weverything --columns --colors gbc:gfx/trainers/skier.gbcpal -o gfx/trainers/skier.2bpp gfx/trainers/skier.png
tools/pokemon_animation_graphics -o gfx/pokemon/pupitar/front.animated.2bpp gfx/pokemon/pupitar/front.2bpp gfx/pokemon/pupitar/front.dimensions
tools/pokemon_animation_graphics -o gfx/pokemon/bellsprout/front.animated.2bpp gfx/pokemon/bellsprout/front.2bpp gfx/pokemon/bellsprout/front.dimensions
tools/pokemon_animation_graphics -o gfx/pokemon/shellder/front.animated.2bpp gfx/pokemon/shellder/front.2bpp gfx/pokemon/shellder/front.dimensions
tools/pokemon_animation_graphics -o gfx/pokemon/tentacool/front.animated.2bpp gfx/pokemon/tentacool/front.2bpp gfx/pokemon/tentacool/front.dimensions
tools/pokemon_animation_graphics -o gfx/pokemon/cleffa/front.animated.2bpp gfx/pokemon/cleffa/front.2bpp gfx/pokemon/cleffa/front.dimensions
/workspace/toolchains/rgbds-1.0.4/rgbgfx -Weverything --columns --colors gbc:gfx/pokemon/gyarados/normal.gbcpal -o gfx/pokemon/gyarados/back.2bpp gfx/pokemon/gyarados/back.png
/workspace/toolchains/rgbds-1.0.4/rgbgfx -Weverything --columns --colors gbc:gfx/pokemon/ninetales/normal.gbcpal -o gfx/pokemon/ninetales/back.2bpp gfx/pokemon/ninetales/back.png
/workspace/toolchains/rgbds-1.0.4/rgbgfx -Weverything --columns --colors gbc:gfx/pokemon/yanma/normal.gbcpal -o gfx/pokemon/yanma/back.2bpp gfx/pokemon/yanma/back.png
/workspace/toolchains/rgbds-1.0.4/rgbgfx -Weverything --columns --colors gbc:gfx/pokemon/pinsir/normal.gbcpal -o gfx/pokemon/pinsir/back.2bpp gfx/pokemon/pinsir/back.png
/workspace/toolchains/rgbds-1.0.4/rgbgfx -Weverything --columns --colors gbc:gfx/trainers/lass.gbcpal -o gfx/trainers/lass.2bpp gfx/trainers/lass.png
/workspace/toolchains/rgbds-1.0.4/rgbgfx -Weverything --columns --colors gbc:gfx/pokemon/clefable/normal.gbcpal -o gfx/pokemon/clefable/back.2bpp gfx/pokemon/clefable/back.png
tools/pokemon_animation_graphics -o gfx/pokemon/doduo/front.animated.2bpp gfx/pokemon/doduo/front.2bpp gfx/pokemon/doduo/front.dimensions
/workspace/toolchains/rgbds-1.0.4/rgbgfx -Weverything --columns --colors gbc:gfx/pokemon/feraligatr/normal.gbcpal -o gfx/pokemon/feraligatr/back.2bpp gfx/pokemon/feraligatr/back.png
tools/pokemon_animation_graphics -o gfx/pokemon/dratini/front.animated.2bpp gfx/pokemon/dratini/front.2bpp gfx/pokemon/dratini/front.dimensions
/workspace/toolchains/rgbds-1.0.4/rgbgfx -Weverything --columns --colors gbc:gfx/pokemon/magneton/normal.gbcpal -o gfx/pokemon/magneton/back.2bpp gfx/pokemon/magneton/back.png
tools/pokemon_animation_graphics -o gfx/pokemon/qwilfish/front.animated.2bpp gfx/pokemon/qwilfish/front.2bpp gfx/pokemon/qwilfish/front.dimensions
/workspace/toolchains/rgbds-1.0.4/rgbgfx -Weverything --columns --colors gbc:gfx/pokemon/suicune/normal.gbcpal -o gfx/pokemon/suicune/back.2bpp gfx/pokemon/suicune/back.png
/workspace/toolchains/rgbds-1.0.4/rgbgfx -Weverything --columns --colors gbc:gfx/pokemon/slowking/normal.gbcpal -o gfx/pokemon/slowking/back.2bpp gfx/pokemon/slowking/back.png
/workspace/toolchains/rgbds-1.0.4/rgbgfx -Weverything --columns --colors gbc:gfx/pokemon/elekid/normal.gbcpal -o gfx/pokemon/elekid/back.2bpp gfx/pokemon/elekid/back.png
/workspace/toolchains/rgbds-1.0.4/rgbgfx -Weverything --columns --colors gbc:gfx/pokemon/celebi/normal.gbcpal -o gfx/pokemon/celebi/back.2bpp gfx/pokemon/celebi/back.png
/workspace/toolchains/rgbds-1.0.4/rgbgfx -Weverything --columns --colors gbc:gfx/trainers/bug_catcher.gbcpal -o gfx/trainers/bug_catcher.2bpp gfx/trainers/bug_catcher.png
/workspace/toolchains/rgbds-1.0.4/rgbgfx -Weverything --columns --colors gbc:gfx/pokemon/snorlax/normal.gbcpal -o gfx/pokemon/snorlax/back.2bpp gfx/pokemon/snorlax/back.png
/workspace/toolchains/rgbds-1.0.4/rgbgfx -Weverything --columns --colors gbc:gfx/pokemon/venusaur/normal.gbcpal -o gfx/pokemon/venusaur/back.2bpp gfx/pokemon/venusaur/back.png
/workspace/toolchains/rgbds-1.0.4/rgbgfx -Weverything --columns --colors gbc:gfx/pokemon/moltres/normal.gbcpal -o gfx/pokemon/moltres/back.2bpp gfx/pokemon/moltres/back.png
/workspace/toolchains/rgbds-1.0.4/rgbgfx -Weverything --columns --colors gbc:gfx/pokemon/sunflora/normal.gbcpal -o gfx/pokemon/sunflora/back.2bpp gfx/pokemon/sunflora/back.png
tools/pokemon_animation_graphics -o gfx/pokemon/phanpy/front.animated.2bpp gfx/pokemon/phanpy/front.2bpp gfx/pokemon/phanpy/front.dimensions
/workspace/toolchains/rgbds-1.0.4/rgbgfx -Weverything --columns --colors gbc:gfx/pokemon/rhydon/normal.gbcpal -o gfx/pokemon/rhydon/back.2bpp gfx/pokemon/rhydon/back.png
tools/pokemon_animation_graphics -o gfx/pokemon/larvitar/front.animated.2bpp gfx/pokemon/larvitar/front.2bpp gfx/pokemon/larvitar/front.dimensions
/workspace/toolchains/rgbds-1.0.4/rgbgfx -Weverything --columns --colors gbc:gfx/pokemon/tyranitar/normal.gbcpal -o gfx/pokemon/tyranitar/back.2bpp gfx/pokemon/tyranitar/back.png
/workspace/toolchains/rgbds-1.0.4/rgbgfx -Weverything --columns --colors gbc:gfx/pokemon/sandslash/normal.gbcpal -o gfx/pokemon/sandslash/back.2bpp gfx/pokemon/sandslash/back.png
/workspace/toolchains/rgbds-1.0.4/rgbgfx -Weverything --columns --colors gbc:gfx/pokemon/seadra/normal.gbcpal -o gfx/pokemon/seadra/back.2bpp gfx/pokemon/seadra/back.png
/workspace/toolchains/rgbds-1.0.4/rgbgfx -Weverything --columns --colors gbc:gfx/trainers/twins.gbcpal -o gfx/trainers/twins.2bpp gfx/trainers/twins.png
/workspace/toolchains/rgbds-1.0.4/rgbgfx -Weverything --columns --colors gbc:gfx/pokemon/farfetch_d/normal.gbcpal -o gfx/pokemon/farfetch_d/back.2bpp gfx/pokemon/farfetch_d/back.png
/workspace/toolchains/rgbds-1.0.4/rgbgfx -Weverything --columns --colors gbc:gfx/pokemon/nidoran_m/normal.gbcpal -o gfx/pokemon/nidoran_m/back.2bpp gfx/pokemon/nidoran_m/back.png
/workspace/toolchains/rgbds-1.0.4/rgbgfx -Weverything --columns --colors gbc:gfx/pokemon/ledyba/normal.gbcpal -o gfx/pokemon/ledyba/back.2bpp gfx/pokemon/ledyba/back.png
/workspace/toolchains/rgbds-1.0.4/rgbgfx -Weverything --columns --colors gbc:gfx/pokemon/cyndaquil/normal.gbcpal -o gfx/pokemon/cyndaquil/back.2bpp gfx/pokemon/cyndaquil/back.png
/workspace/toolchains/rgbds-1.0.4/rgbgfx -Weverything --columns --colors gbc:gfx/pokemon/bayleef/normal.gbcpal -o gfx/pokemon/bayleef/back.2bpp gfx/pokemon/bayleef/back.png
tools/pokemon_animation_graphics -o gfx/pokemon/oddish/front.animated.2bpp gfx/pokemon/oddish/front.2bpp gfx/pokemon/oddish/front.dimensions
/workspace/toolchains/rgbds-1.0.4/rgbgfx -Weverything --columns --colors gbc:gfx/pokemon/rapidash/normal.gbcpal -o gfx/pokemon/rapidash/back.2bpp gfx/pokemon/rapidash/back.png
/workspace/toolchains/rgbds-1.0.4/rgbgfx -Weverything --columns --colors gbc:gfx/pokemon/doduo/normal.gbcpal -o gfx/pokemon/doduo/back.2bpp gfx/pokemon/doduo/back.png
tools/pokemon_animation_graphics -o gfx/pokemon/hoppip/front.animated.2bpp gfx/pokemon/hoppip/front.2bpp gfx/pokemon/hoppip/front.dimensions
/workspace/toolchains/rgbds-1.0.4/rgbgfx -Weverything --columns --colors gbc:gfx/pokemon/mankey/normal.gbcpal -o gfx/pokemon/mankey/back.2bpp gfx/pokemon/mankey/back.png
/workspace/toolchains/rgbds-1.0.4/rgbgfx -Weverything --columns --colors gbc:gfx/pokemon/magmar/normal.gbcpal -o gfx/pokemon/magmar/back.2bpp gfx/pokemon/magmar/back.png
/workspace/toolchains/rgbds-1.0.4/rgbgfx -Weverything --columns --colors gbc:gfx/pokemon/hypno/normal.gbcpal -o gfx/pokemon/hypno/back.2bpp gfx/pokemon/hypno/back.png
/workspace/toolchains/rgbds-1.0.4/rgbgfx -Weverything --columns --colors gbc:gfx/pokemon/quilava/normal.gbcpal -o gfx/pokemon/quilava/back.2bpp gfx/pokemon/quilava/back.png
/workspace/toolchains/rgbds-1.0.4/rgbgfx -Weverything --columns --colors gbc:gfx/pokemon/croconaw/normal.gbcpal -o gfx/pokemon/croconaw/back.2bpp gfx/pokemon/croconaw/back.png
/workspace/toolchains/rgbds-1.0.4/rgbgfx -Weverything --columns --colors gbc:gfx/trainers/sailor.gbcpal -o gfx/trainers/sailor.2bpp gfx/trainers/sailor.png
/workspace/toolchains/rgbds-1.0.4/rgbgfx -Weverything --columns --colors gbc:gfx/trainers/beauty.gbcpal -o gfx/trainers/beauty.2bpp gfx/trainers/beauty.png
/workspace/toolchains/rgbds-1.0.4/rgbgfx -Weverything --columns --colors gbc:gfx/pokemon/shellder/normal.gbcpal -o gfx/pokemon/shellder/back.2bpp gfx/pokemon/shellder/back.png
/workspace/toolchains/rgbds-1.0.4/rgbgfx -Weverything --columns --colors gbc:gfx/pokemon/zubat/normal.gbcpal -o gfx/pokemon/zubat/back.2bpp gfx/pokemon/zubat/back.png
tools/pokemon_animation_graphics -o gfx/pokemon/teddiursa/front.animated.2bpp gfx/pokemon/teddiursa/front.2bpp gfx/pokemon/teddiursa/front.dimensions
/workspace/toolchains/rgbds-1.0.4/rgbgfx -Weverything --columns --colors gbc:gfx/pokemon/cubone/normal.gbcpal -o gfx/pokemon/cubone/back.2bpp gfx/pokemon/cubone/back.png
/workspace/toolchains/rgbds-1.0.4/rgbgfx -Weverything --columns --colors gbc:gfx/trainers/grunt_m.gbcpal -o gfx/trainers/grunt_m.2bpp gfx/trainers/grunt_m.png
/workspace/toolchains/rgbds-1.0.4/rgbgfx -Weverything --columns --colors gbc:gfx/pokemon/gloom/normal.gbcpal -o gfx/pokemon/gloom/back.2bpp gfx/pokemon/gloom/back.png
/workspace/toolchains/rgbds-1.0.4/rgbgfx -Weverything --columns --colors gbc:gfx/pokemon/magcargo/normal.gbcpal -o gfx/pokemon/magcargo/back.2bpp gfx/pokemon/magcargo/back.png
/workspace/toolchains/rgbds-1.0.4/rgbgfx -Weverything --columns --colors gbc:gfx/pokemon/kabutops/normal.gbcpal -o gfx/pokemon/kabutops/back.2bpp gfx/pokemon/kabutops/back.png
/workspace/toolchains/rgbds-1.0.4/rgbgfx -Weverything --columns --colors gbc:gfx/pokemon/beedrill/normal.gbcpal -o gfx/pokemon/beedrill/back.2bpp gfx/pokemon/beedrill/back.png
/workspace/toolchains/rgbds-1.0.4/rgbgfx -Weverything --columns --colors gbc:gfx/pokemon/arcanine/normal.gbcpal -o gfx/pokemon/arcanine/back.2bpp gfx/pokemon/arcanine/back.png
/workspace/toolchains/rgbds-1.0.4/rgbgfx -Weverything --columns --colors gbc:gfx/pokemon/flareon/normal.gbcpal -o gfx/pokemon/flareon/back.2bpp gfx/pokemon/flareon/back.png
/workspace/toolchains/rgbds-1.0.4/rgbgfx -Weverything --columns --colors gbc:gfx/pokemon/goldeen/normal.gbcpal -o gfx/pokemon/goldeen/back.2bpp gfx/pokemon/goldeen/back.png
tools/pokemon_animation_graphics -o gfx/pokemon/bulbasaur/front.animated.2bpp gfx/pokemon/bulbasaur/front.2bpp gfx/pokemon/bulbasaur/front.dimensions
/workspace/toolchains/rgbds-1.0.4/rgbgfx -Weverything --columns --colors gbc:gfx/pokemon/starmie/normal.gbcpal -o gfx/pokemon/starmie/back.2bpp gfx/pokemon/starmie/back.png
/workspace/toolchains/rgbds-1.0.4/rgbgfx -Weverything --columns --colors gbc:gfx/pokemon/omanyte/normal.gbcpal -o gfx/pokemon/omanyte/back.2bpp gfx/pokemon/omanyte/back.png
/workspace/toolchains/rgbds-1.0.4/rgbgfx -Weverything --columns --colors gbc:gfx/pokemon/pidgey/normal.gbcpal -o gfx/pokemon/pidgey/back.2bpp gfx/pokemon/pidgey/back.png
/workspace/toolchains/rgbds-1.0.4/rgbgfx -Weverything --columns --colors gbc:gfx/trainers/scientist.gbcpal -o gfx/trainers/scientist.2bpp gfx/trainers/scientist.png
/workspace/toolchains/rgbds-1.0.4/rgbgfx -Weverything --columns --colors gbc:gfx/pokemon/qwilfish/normal.gbcpal -o gfx/pokemon/qwilfish/back.2bpp gfx/pokemon/qwilfish/back.png
/workspace/toolchains/rgbds-1.0.4/rgbgfx -Weverything --columns --colors gbc:gfx/pokemon/gligar/normal.gbcpal -o gfx/pokemon/gligar/back.2bpp gfx/pokemon/gligar/back.png
/workspace/toolchains/rgbds-1.0.4/rgbgfx -Weverything --columns --colors gbc:gfx/pokemon/typhlosion/normal.gbcpal -o gfx/pokemon/typhlosion/back.2bpp gfx/pokemon/typhlosion/back.png
/workspace/toolchains/rgbds-1.0.4/rgbgfx -Weverything --columns --colors gbc:gfx/pokemon/charmeleon/normal.gbcpal -o gfx/pokemon/charmeleon/back.2bpp gfx/pokemon/charmeleon/back.png
/workspace/toolchains/rgbds-1.0.4/rgbgfx -Weverything --columns --colors gbc:gfx/pokemon/nidoqueen/normal.gbcpal -o gfx/pokemon/nidoqueen/back.2bpp gfx/pokemon/nidoqueen/back.png
tools/pokemon_animation_graphics -o gfx/pokemon/pichu/front.animated.2bpp gfx/pokemon/pichu/front.2bpp gfx/pokemon/pichu/front.dimensions
/workspace/toolchains/rgbds-1.0.4/rgbgfx -Weverything --columns --colors gbc:gfx/pokemon/electabuzz/normal.gbcpal -o gfx/pokemon/electabuzz/back.2bpp gfx/pokemon/electabuzz/back.png
/workspace/toolchains/rgbds-1.0.4/rgbgfx -Weverything --columns --colors gbc:gfx/pokemon/ledian/normal.gbcpal -o gfx/pokemon/ledian/back.2bpp gfx/pokemon/ledian/back.png
/workspace/toolchains/rgbds-1.0.4/rgbgfx -Weverything --columns --colors gbc:gfx/pokemon/pupitar/normal.gbcpal -o gfx/pokemon/pupitar/back.2bpp gfx/pokemon/pupitar/back.png
/workspace/toolchains/rgbds-1.0.4/rgbgfx -Weverything --columns --colors gbc:gfx/pokemon/heracross/normal.gbcpal -o gfx/pokemon/heracross/back.2bpp gfx/pokemon/heracross/back.png
tools/pokemon_animation_graphics -o gfx/pokemon/unown_d/front.animated.2bpp gfx/pokemon/unown_d/front.2bpp gfx/pokemon/unown_d/front.dimensions
/workspace/toolchains/rgbds-1.0.4/rgbgfx -Weverything --columns --colors gbc:gfx/pokemon/miltank/normal.gbcpal -o gfx/pokemon/miltank/back.2bpp gfx/pokemon/miltank/back.png
/workspace/toolchains/rgbds-1.0.4/rgbgfx -Weverything --columns --colors gbc:gfx/pokemon/steelix/normal.gbcpal -o gfx/pokemon/steelix/back.2bpp gfx/pokemon/steelix/back.png
/workspace/toolchains/rgbds-1.0.4/rgbgfx -Weverything --columns --colors gbc:gfx/pokemon/persian/normal.gbcpal -o gfx/pokemon/persian/back.2bpp gfx/pokemon/persian/back.png
/workspace/toolchains/rgbds-1.0.4/rgbgfx -Weverything --columns --colors gbc:gfx/trainers/lt_surge.gbcpal -o gfx/trainers/lt_surge.2bpp gfx/trainers/lt_surge.png
/workspace/toolchains/rgbds-1.0.4/rgbgfx -Weverything --columns --colors gbc:gfx/trainers/teacher.gbcpal -o gfx/trainers/teacher.2bpp gfx/trainers/teacher.png
tools/pokemon_animation_graphics -o gfx/pokemon/egg/front.animated.2bpp gfx/pokemon/egg/front.2bpp gfx/pokemon/egg/front.dimensions
/workspace/toolchains/rgbds-1.0.4/rgbgfx -Weverything --columns --colors gbc:gfx/pokemon/eevee/normal.gbcpal -o gfx/pokemon/eevee/back.2bpp gfx/pokemon/eevee/back.png
tools/pokemon_animation_graphics -o gfx/pokemon/shuckle/front.animated.2bpp gfx/pokemon/shuckle/front.2bpp gfx/pokemon/shuckle/front.dimensions
/workspace/toolchains/rgbds-1.0.4/rgbgfx -Weverything --columns --colors gbc:gfx/pokemon/ponyta/normal.gbcpal -o gfx/pokemon/ponyta/back.2bpp gfx/pokemon/ponyta/back.png
tools/pokemon_animation_graphics -o gfx/pokemon/remoraid/front.animated.2bpp gfx/pokemon/remoraid/front.2bpp gfx/pokemon/remoraid/front.dimensions
tools/pokemon_animation_graphics -o gfx/pokemon/poliwag/front.animated.2bpp gfx/pokemon/poliwag/front.2bpp gfx/pokemon/poliwag/front.dimensions
/workspace/toolchains/rgbds-1.0.4/rgbgfx -Weverything --columns --colors gbc:gfx/pokemon/onix/normal.gbcpal -o gfx/pokemon/onix/back.2bpp gfx/pokemon/onix/back.png
/workspace/toolchains/rgbds-1.0.4/rgbgfx -Weverything --columns --colors gbc:gfx/pokemon/koffing/normal.gbcpal -o gfx/pokemon/koffing/back.2bpp gfx/pokemon/koffing/back.png
/workspace/toolchains/rgbds-1.0.4/rgbgfx -Weverything --columns --colors gbc:gfx/trainers/bird_keeper.gbcpal -o gfx/trainers/bird_keeper.2bpp gfx/trainers/bird_keeper.png
/workspace/toolchains/rgbds-1.0.4/rgbgfx -Weverything --columns --colors gbc:gfx/trainers/falkner.gbcpal -o gfx/trainers/falkner.2bpp gfx/trainers/falkner.png
/workspace/toolchains/rgbds-1.0.4/rgbgfx -Weverything --columns --colors gbc:gfx/trainers/karen.gbcpal -o gfx/trainers/karen.2bpp gfx/trainers/karen.png
/workspace/toolchains/rgbds-1.0.4/rgbgfx -Weverything --columns --colors gbc:gfx/pokemon/nidorina/normal.gbcpal -o gfx/pokemon/nidorina/back.2bpp gfx/pokemon/nidorina/back.png
/workspace/toolchains/rgbds-1.0.4/rgbgfx -Weverything --columns --colors gbc:gfx/pokemon/tentacruel/normal.gbcpal -o gfx/pokemon/tentacruel/back.2bpp gfx/pokemon/tentacruel/back.png
/workspace/toolchains/rgbds-1.0.4/rgbgfx -Weverything --columns --colors gbc:gfx/pokemon/growlithe/normal.gbcpal -o gfx/pokemon/growlithe/back.2bpp gfx/pokemon/growlithe/back.png
/workspace/toolchains/rgbds-1.0.4/rgbgfx -Weverything --columns --colors gbc:gfx/trainers/koga.gbcpal -o gfx/trainers/koga.2bpp gfx/trainers/koga.png
/workspace/toolchains/rgbds-1.0.4/rgbgfx -Weverything --columns --colors gbc:gfx/pokemon/raichu/normal.gbcpal -o gfx/pokemon/raichu/back.2bpp gfx/pokemon/raichu/back.png
/workspace/toolchains/rgbds-1.0.4/rgbgfx -Weverything --columns --colors gbc:gfx/pokemon/poliwrath/normal.gbcpal -o gfx/pokemon/poliwrath/back.2bpp gfx/pokemon/poliwrath/back.png
/workspace/toolchains/rgbds-1.0.4/rgbgfx -Weverything --columns --colors gbc:gfx/trainers/swimmer_m.gbcpal -o gfx/trainers/swimmer_m.2bpp gfx/trainers/swimmer_m.png
tools/pokemon_animation_graphics -o gfx/pokemon/sunkern/front.animated.2bpp gfx/pokemon/sunkern/front.2bpp gfx/pokemon/sunkern/front.dimensions
/workspace/toolchains/rgbds-1.0.4/rgbgfx -Weverything --columns --colors gbc:gfx/pokemon/nidorino/normal.gbcpal -o gfx/pokemon/nidorino/back.2bpp gfx/pokemon/nidorino/back.png
/workspace/toolchains/rgbds-1.0.4/rgbgfx -Weverything --columns --colors gbc:gfx/trainers/mysticalman.gbcpal -o gfx/trainers/mysticalman.2bpp gfx/trainers/mysticalman.png
/workspace/toolchains/rgbds-1.0.4/rgbgfx -Weverything --columns --colors gbc:gfx/trainers/cooltrainer_f.gbcpal -o gfx/trainers/cooltrainer_f.2bpp gfx/trainers/cooltrainer_f.png
tools/pokemon_animation_graphics -o gfx/pokemon/electrode/front.animated.2bpp gfx/pokemon/electrode/front.2bpp gfx/pokemon/electrode/front.dimensions
/workspace/toolchains/rgbds-1.0.4/rgbgfx -Weverything --columns --colors gbc:gfx/pokemon/sudowoodo/normal.gbcpal -o gfx/pokemon/sudowoodo/back.2bpp gfx/pokemon/sudowoodo/back.png
/workspace/toolchains/rgbds-1.0.4/rgbgfx -Weverything --columns --colors gbc:gfx/pokemon/flaaffy/normal.gbcpal -o gfx/pokemon/flaaffy/back.2bpp gfx/pokemon/flaaffy/back.png
tools/pokemon_animation_graphics -o gfx/pokemon/sentret/front.animated.2bpp gfx/pokemon/sentret/front.2bpp gfx/pokemon/sentret/front.dimensions
/workspace/toolchains/rgbds-1.0.4/rgbgfx -Weverything --columns --colors gbc:gfx/pokemon/togetic/normal.gbcpal -o gfx/pokemon/togetic/back.2bpp gfx/pokemon/togetic/back.png
/workspace/toolchains/rgbds-1.0.4/rgbgfx -Weverything --columns --colors gbc:gfx/trainers/bugsy.gbcpal -o gfx/trainers/bugsy.2bpp gfx/trainers/bugsy.png
/workspace/toolchains/rgbds-1.0.4/rgbgfx -Weverything --columns --colors gbc:gfx/pokemon/marowak/normal.gbcpal -o gfx/pokemon/marowak/back.2bpp gfx/pokemon/marowak/back.png
/workspace/toolchains/rgbds-1.0.4/rgbgfx -Weverything --columns --colors gbc:gfx/pokemon/scyther/normal.gbcpal -o gfx/pokemon/scyther/back.2bpp gfx/pokemon/scyther/back.png
/workspace/toolchains/rgbds-1.0.4/rgbgfx -Weverything --columns --colors gbc:gfx/pokemon/vileplume/normal.gbcpal -o gfx/pokemon/vileplume/back.2bpp gfx/pokemon/vileplume/back.png
/workspace/toolchains/rgbds-1.0.4/rgbgfx -Weverything --columns --colors gbc:gfx/pokemon/hitmonchan/normal.gbcpal -o gfx/pokemon/hitmonchan/back.2bpp gfx/pokemon/hitmonchan/back.png
/workspace/toolchains/rgbds-1.0.4/rgbgfx -Weverything --columns --colors gbc:gfx/pokemon/jumpluff/normal.gbcpal -o gfx/pokemon/jumpluff/back.2bpp gfx/pokemon/jumpluff/back.png
/workspace/toolchains/rgbds-1.0.4/rgbgfx -Weverything --columns --colors gbc:gfx/trainers/cooltrainer_m.gbcpal -o gfx/trainers/cooltrainer_m.2bpp gfx/trainers/cooltrainer_m.png
/workspace/toolchains/rgbds-1.0.4/rgbgfx -Weverything --columns --colors gbc:gfx/pokemon/blastoise/normal.gbcpal -o gfx/pokemon/blastoise/back.2bpp gfx/pokemon/blastoise/back.png
/workspace/toolchains/rgbds-1.0.4/rgbgfx -Weverything --columns --colors gbc:gfx/pokemon/misdreavus/normal.gbcpal -o gfx/pokemon/misdreavus/back.2bpp gfx/pokemon/misdreavus/back.png
/workspace/toolchains/rgbds-1.0.4/rgbgfx -Weverything --columns --colors gbc:gfx/pokemon/tyrogue/normal.gbcpal -o gfx/pokemon/tyrogue/back.2bpp gfx/pokemon/tyrogue/back.png
/workspace/toolchains/rgbds-1.0.4/rgbgfx -Weverything --columns --colors gbc:gfx/pokemon/scizor/normal.gbcpal -o gfx/pokemon/scizor/back.2bpp gfx/pokemon/scizor/back.png
/workspace/toolchains/rgbds-1.0.4/rgbgfx -Weverything --columns --colors gbc:gfx/pokemon/girafarig/normal.gbcpal -o gfx/pokemon/girafarig/back.2bpp gfx/pokemon/girafarig/back.png
/workspace/toolchains/rgbds-1.0.4/rgbgfx -Weverything --columns --colors gbc:gfx/pokemon/stantler/normal.gbcpal -o gfx/pokemon/stantler/back.2bpp gfx/pokemon/stantler/back.png
/workspace/toolchains/rgbds-1.0.4/rgbgfx -Weverything --columns --colors gbc:gfx/pokemon/smeargle/normal.gbcpal -o gfx/pokemon/smeargle/back.2bpp gfx/pokemon/smeargle/back.png
/workspace/toolchains/rgbds-1.0.4/rgbgfx -Weverything --columns --colors gbc:gfx/pokemon/charizard/normal.gbcpal -o gfx/pokemon/charizard/back.2bpp gfx/pokemon/charizard/back.png
/workspace/toolchains/rgbds-1.0.4/rgbgfx -Weverything --columns --colors gbc:gfx/pokemon/kadabra/normal.gbcpal -o gfx/pokemon/kadabra/back.2bpp gfx/pokemon/kadabra/back.png
/workspace/toolchains/rgbds-1.0.4/rgbgfx -Weverything --columns --colors gbc:gfx/pokemon/primeape/normal.gbcpal -o gfx/pokemon/primeape/back.2bpp gfx/pokemon/primeape/back.png
/workspace/toolchains/rgbds-1.0.4/rgbgfx -Weverything --columns --colors gbc:gfx/pokemon/furret/normal.gbcpal -o gfx/pokemon/furret/back.2bpp gfx/pokemon/furret/back.png
/workspace/toolchains/rgbds-1.0.4/rgbgfx -Weverything --columns --colors gbc:gfx/pokemon/wartortle/normal.gbcpal -o gfx/pokemon/wartortle/back.2bpp gfx/pokemon/wartortle/back.png
/workspace/toolchains/rgbds-1.0.4/rgbgfx -Weverything --columns --colors gbc:gfx/pokemon/exeggcute/normal.gbcpal -o gfx/pokemon/exeggcute/back.2bpp gfx/pokemon/exeggcute/back.png
tools/pokemon_animation_graphics -o gfx/pokemon/igglybuff/front.animated.2bpp gfx/pokemon/igglybuff/front.2bpp gfx/pokemon/igglybuff/front.dimensions
/workspace/toolchains/rgbds-1.0.4/rgbgfx -Weverything --columns --colors gbc:gfx/pokemon/raticate/normal.gbcpal -o gfx/pokemon/raticate/back.2bpp gfx/pokemon/raticate/back.png
/workspace/toolchains/rgbds-1.0.4/rgbgfx -Weverything --columns --colors gbc:gfx/pokemon/vulpix/normal.gbcpal -o gfx/pokemon/vulpix/back.2bpp gfx/pokemon/vulpix/back.png
/workspace/toolchains/rgbds-1.0.4/rgbgfx -Weverything --columns --colors gbc:gfx/pokemon/seaking/normal.gbcpal -o gfx/pokemon/seaking/back.2bpp gfx/pokemon/seaking/back.png
/workspace/toolchains/rgbds-1.0.4/rgbgfx -Weverything --columns --colors gbc:gfx/trainers/burglar.gbcpal -o gfx/trainers/burglar.2bpp gfx/trainers/burglar.png
/workspace/toolchains/rgbds-1.0.4/rgbgfx -Weverything --columns --colors gbc:gfx/pokemon/psyduck/normal.gbcpal -o gfx/pokemon/psyduck/back.2bpp gfx/pokemon/psyduck/back.png
/workspace/toolchains/rgbds-1.0.4/rgbgfx -Weverything --columns --colors gbc:gfx/pokemon/pikachu/normal.gbcpal -o gfx/pokemon/pikachu/back.2bpp gfx/pokemon/pikachu/back.png
tools/pokemon_animation_graphics -o gfx/pokemon/kabuto/front.animated.2bpp gfx/pokemon/kabuto/front.2bpp gfx/pokemon/kabuto/front.dimensions
/workspace/toolchains/rgbds-1.0.4/rgbgfx -Weverything --columns --colors gbc:gfx/pokemon/mareep/normal.gbcpal -o gfx/pokemon/mareep/back.2bpp gfx/pokemon/mareep/back.png
/workspace/toolchains/rgbds-1.0.4/rgbgfx -Weverything --columns --colors gbc:gfx/pokemon/remoraid/normal.gbcpal -o gfx/pokemon/remoraid/back.2bpp gfx/pokemon/remoraid/back.png
tools/pokemon_animation_graphics -o gfx/pokemon/ditto/front.animated.2bpp gfx/pokemon/ditto/front.2bpp gfx/pokemon/ditto/front.dimensions
/workspace/toolchains/rgbds-1.0.4/rgbgfx -Weverything --columns --colors gbc:gfx/pokemon/kingdra/normal.gbcpal -o gfx/pokemon/kingdra/back.2bpp gfx/pokemon/kingdra/back.png
/workspace/toolchains/rgbds-1.0.4/rgbgfx -Weverything --columns --colors gbc:gfx/trainers/camper.gbcpal -o gfx/trainers/camper.2bpp gfx/trainers/camper.png
tools/pokemon_animation_graphics -o gfx/pokemon/wooper/front.animated.2bpp gfx/pokemon/wooper/front.2bpp gfx/pokemon/wooper/front.dimensions
/workspace/toolchains/rgbds-1.0.4/rgbgfx -Weverything --columns --colors gbc:gfx/pokemon/clefairy/normal.gbcpal -o gfx/pokemon/clefairy/back.2bpp gfx/pokemon/clefairy/back.png
/workspace/toolchains/rgbds-1.0.4/rgbgfx -Weverything --columns --colors gbc:gfx/pokemon/venonat/normal.gbcpal -o gfx/pokemon/venonat/back.2bpp gfx/pokemon/venonat/back.png
/workspace/toolchains/rgbds-1.0.4/rgbgfx -Weverything --columns --colors gbc:gfx/pokemon/bellossom/normal.gbcpal -o gfx/pokemon/bellossom/back.2bpp gfx/pokemon/bellossom/back.png
/workspace/toolchains/rgbds-1.0.4/rgbgfx -Weverything --columns --colors gbc:gfx/trainers/rival1.gbcpal -o gfx/trainers/rival1.2bpp gfx/trainers/rival1.png
/workspace/toolchains/rgbds-1.0.4/rgbgfx -Weverything --columns --colors gbc:gfx/pokemon/swinub/normal.gbcpal -o gfx/pokemon/swinub/back.2bpp gfx/pokemon/swinub/back.png
/workspace/toolchains/rgbds-1.0.4/rgbgfx -Weverything --columns --colors gbc:gfx/pokemon/mewtwo/normal.gbcpal -o gfx/pokemon/mewtwo/back.2bpp gfx/pokemon/mewtwo/back.png
/workspace/toolchains/rgbds-1.0.4/rgbgfx -Weverything --columns --colors gbc:gfx/trainers/oak.gbcpal -o gfx/trainers/oak.2bpp gfx/trainers/oak.png
/workspace/toolchains/rgbds-1.0.4/rgbgfx -Weverything --columns --colors gbc:gfx/trainers/cal.gbcpal -o gfx/trainers/cal.2bpp gfx/trainers/cal.png
/workspace/toolchains/rgbds-1.0.4/rgbgfx -Weverything --columns --colors gbc:gfx/trainers/swimmer_f.gbcpal -o gfx/trainers/swimmer_f.2bpp gfx/trainers/swimmer_f.png
tools/pokemon_animation_graphics -o gfx/pokemon/diglett/front.animated.2bpp gfx/pokemon/diglett/front.2bpp gfx/pokemon/diglett/front.dimensions
/workspace/toolchains/rgbds-1.0.4/rgbgfx -Weverything --columns --colors gbc:gfx/trainers/officer.gbcpal -o gfx/trainers/officer.2bpp gfx/trainers/officer.png
/workspace/toolchains/rgbds-1.0.4/rgbgfx -Weverything --columns --colors gbc:gfx/pokemon/muk/normal.gbcpal -o gfx/pokemon/muk/back.2bpp gfx/pokemon/muk/back.png
/workspace/toolchains/rgbds-1.0.4/rgbgfx -Weverything --columns --colors gbc:gfx/pokemon/delibird/normal.gbcpal -o gfx/pokemon/delibird/back.2bpp gfx/pokemon/delibird/back.png
/workspace/toolchains/rgbds-1.0.4/rgbgfx -Weverything --columns --colors gbc:gfx/trainers/sabrina.gbcpal -o gfx/trainers/sabrina.2bpp gfx/trainers/sabrina.png
/workspace/toolchains/rgbds-1.0.4/rgbgfx -Weverything --columns --colors gbc:gfx/pokemon/magikarp/normal.gbcpal -o gfx/pokemon/magikarp/back.2bpp gfx/pokemon/magikarp/back.png
/workspace/toolchains/rgbds-1.0.4/rgbgfx -Weverything --columns --colors gbc:gfx/pokemon/ariados/normal.gbcpal -o gfx/pokemon/ariados/back.2bpp gfx/pokemon/ariados/back.png
/workspace/toolchains/rgbds-1.0.4/rgbgfx -Weverything --columns --colors gbc:gfx/pokemon/sneasel/normal.gbcpal -o gfx/pokemon/sneasel/back.2bpp gfx/pokemon/sneasel/back.png
/workspace/toolchains/rgbds-1.0.4/rgbgfx -Weverything --columns --colors gbc:gfx/pokemon/umbreon/normal.gbcpal -o gfx/pokemon/umbreon/back.2bpp gfx/pokemon/umbreon/back.png
/workspace/toolchains/rgbds-1.0.4/rgbgfx -Weverything --columns --colors gbc:gfx/pokemon/murkrow/normal.gbcpal -o gfx/pokemon/murkrow/back.2bpp gfx/pokemon/murkrow/back.png
/workspace/toolchains/rgbds-1.0.4/rgbgfx -Weverything --columns --colors gbc:gfx/pokemon/ivysaur/normal.gbcpal -o gfx/pokemon/ivysaur/back.2bpp gfx/pokemon/ivysaur/back.png
/workspace/toolchains/rgbds-1.0.4/rgbgfx -Weverything --columns --colors gbc:gfx/pokemon/slowbro/normal.gbcpal -o gfx/pokemon/slowbro/back.2bpp gfx/pokemon/slowbro/back.png
/workspace/toolchains/rgbds-1.0.4/rgbgfx -Weverything --columns --colors gbc:gfx/trainers/psychic_t.gbcpal -o gfx/trainers/psychic_t.2bpp gfx/trainers/psychic_t.png
/workspace/toolchains/rgbds-1.0.4/rgbgfx -Weverything --columns --colors gbc:gfx/pokemon/golduck/normal.gbcpal -o gfx/pokemon/golduck/back.2bpp gfx/pokemon/golduck/back.png
/workspace/toolchains/rgbds-1.0.4/rgbgfx -Weverything --columns --colors gbc:gfx/pokemon/weezing/normal.gbcpal -o gfx/pokemon/weezing/back.2bpp gfx/pokemon/weezing/back.png
/workspace/toolchains/rgbds-1.0.4/rgbgfx -Weverything --columns --colors gbc:gfx/pokemon/entei/normal.gbcpal -o gfx/pokemon/entei/back.2bpp gfx/pokemon/entei/back.png
/workspace/toolchains/rgbds-1.0.4/rgbgfx -Weverything --columns --colors gbc:gfx/trainers/grunt_f.gbcpal -o gfx/trainers/grunt_f.2bpp gfx/trainers/grunt_f.png
tools/pokemon_animation_graphics -o gfx/pokemon/horsea/front.animated.2bpp gfx/pokemon/horsea/front.2bpp gfx/pokemon/horsea/front.dimensions
/workspace/toolchains/rgbds-1.0.4/rgbgfx -Weverything --columns --colors gbc:gfx/pokemon/pidgeot/normal.gbcpal -o gfx/pokemon/pidgeot/back.2bpp gfx/pokemon/pidgeot/back.png
/workspace/toolchains/rgbds-1.0.4/rgbgfx -Weverything --columns --colors gbc:gfx/pokemon/ho_oh/normal.gbcpal -o gfx/pokemon/ho_oh/back.2bpp gfx/pokemon/ho_oh/back.png
/workspace/toolchains/rgbds-1.0.4/rgbgfx -Weverything --columns --colors gbc:gfx/pokemon/poliwhirl/normal.gbcpal -o gfx/pokemon/poliwhirl/back.2bpp gfx/pokemon/poliwhirl/back.png
/workspace/toolchains/rgbds-1.0.4/rgbgfx -Weverything --columns --colors gbc:gfx/pokemon/mew/normal.gbcpal -o gfx/pokemon/mew/back.2bpp gfx/pokemon/mew/back.png
/workspace/toolchains/rgbds-1.0.4/rgbgfx -Weverything --columns --colors gbc:gfx/pokemon/abra/normal.gbcpal -o gfx/pokemon/abra/back.2bpp gfx/pokemon/abra/back.png
/workspace/toolchains/rgbds-1.0.4/rgbgfx -Weverything --columns --colors gbc:gfx/pokemon/aerodactyl/normal.gbcpal -o gfx/pokemon/aerodactyl/back.2bpp gfx/pokemon/aerodactyl/back.png
tools/pokemon_animation_graphics -o gfx/pokemon/kakuna/front.animated.2bpp gfx/pokemon/kakuna/front.2bpp gfx/pokemon/kakuna/front.dimensions
/workspace/toolchains/rgbds-1.0.4/rgbgfx -Weverything --columns --colors gbc:gfx/pokemon/dugtrio/normal.gbcpal -o gfx/pokemon/dugtrio/back.2bpp gfx/pokemon/dugtrio/back.png
/workspace/toolchains/rgbds-1.0.4/rgbgfx -Weverything --columns --colors gbc:gfx/pokemon/weepinbell/normal.gbcpal -o gfx/pokemon/weepinbell/back.2bpp gfx/pokemon/weepinbell/back.png
/workspace/toolchains/rgbds-1.0.4/rgbgfx -Weverything --columns --colors gbc:gfx/pokemon/nidoran_f/normal.gbcpal -o gfx/pokemon/nidoran_f/back.2bpp gfx/pokemon/nidoran_f/back.png
/workspace/toolchains/rgbds-1.0.4/rgbgfx -Weverything --columns --colors gbc:gfx/pokemon/graveler/normal.gbcpal -o gfx/pokemon/graveler/back.2bpp gfx/pokemon/graveler/back.png
/workspace/toolchains/rgbds-1.0.4/rgbgfx -Weverything --columns --colors gbc:gfx/pokemon/aipom/normal.gbcpal -o gfx/pokemon/aipom/back.2bpp gfx/pokemon/aipom/back.png
/workspace/toolchains/rgbds-1.0.4/rgbgfx -Weverything --columns --colors gbc:gfx/pokemon/espeon/normal.gbcpal -o gfx/pokemon/espeon/back.2bpp gfx/pokemon/espeon/back.png
tools/pokemon_animation_graphics -o gfx/pokemon/weedle/front.animated.2bpp gfx/pokemon/weedle/front.2bpp gfx/pokemon/weedle/front.dimensions
/workspace/toolchains/rgbds-1.0.4/rgbgfx -Weverything --columns --colors gbc:gfx/pokemon/snubbull/normal.gbcpal -o gfx/pokemon/snubbull/back.2bpp gfx/pokemon/snubbull/back.png
/workspace/toolchains/rgbds-1.0.4/rgbgfx -Weverything --columns --colors gbc:gfx/pokemon/gengar/normal.gbcpal -o gfx/pokemon/gengar/back.2bpp gfx/pokemon/gengar/back.png
/workspace/toolchains/rgbds-1.0.4/rgbgfx -Weverything --columns --colors gbc:gfx/trainers/youngster.gbcpal -o gfx/trainers/youngster.2bpp gfx/trainers/youngster.png
/workspace/toolchains/rgbds-1.0.4/rgbgfx -Weverything --columns --colors gbc:gfx/trainers/will.gbcpal -o gfx/trainers/will.2bpp gfx/trainers/will.png
/workspace/toolchains/rgbds-1.0.4/rgbgfx -Weverything --columns --colors gbc:gfx/trainers/schoolboy.gbcpal -o gfx/trainers/schoolboy.2bpp gfx/trainers/schoolboy.png
tools/pokemon_animation_graphics -o gfx/pokemon/magnemite/front.animated.2bpp gfx/pokemon/magnemite/front.2bpp gfx/pokemon/magnemite/front.dimensions
/workspace/toolchains/rgbds-1.0.4/rgbgfx -Weverything --columns --colors gbc:gfx/trainers/erika.gbcpal -o gfx/trainers/erika.2bpp gfx/trainers/erika.png
/workspace/toolchains/rgbds-1.0.4/rgbgfx -Weverything --columns --colors gbc:gfx/trainers/janine.gbcpal -o gfx/trainers/janine.2bpp gfx/trainers/janine.png
/workspace/toolchains/rgbds-1.0.4/rgbgfx -Weverything --columns --colors gbc:gfx/pokemon/magnemite/normal.gbcpal -o gfx/pokemon/magnemite/back.2bpp gfx/pokemon/magnemite/back.png
/workspace/toolchains/rgbds-1.0.4/rgbgfx -Weverything --columns --colors gbc:gfx/pokemon/hoothoot/normal.gbcpal -o gfx/pokemon/hoothoot/back.2bpp gfx/pokemon/hoothoot/back.png
/workspace/toolchains/rgbds-1.0.4/rgbgfx -Weverything --columns --colors gbc:gfx/pokemon/noctowl/normal.gbcpal -o gfx/pokemon/noctowl/back.2bpp gfx/pokemon/noctowl/back.png
/workspace/toolchains/rgbds-1.0.4/rgbgfx -Weverything --columns --colors gbc:gfx/trainers/morty.gbcpal -o gfx/trainers/morty.2bpp gfx/trainers/morty.png
/workspace/toolchains/rgbds-1.0.4/rgbgfx -Weverything --columns --colors gbc:gfx/pokemon/slugma/normal.gbcpal -o gfx/pokemon/slugma/back.2bpp gfx/pokemon/slugma/back.png
/workspace/toolchains/rgbds-1.0.4/rgbgfx -Weverything --columns --colors gbc:gfx/pokemon/kabuto/normal.gbcpal -o gfx/pokemon/kabuto/back.2bpp gfx/pokemon/kabuto/back.png
/workspace/toolchains/rgbds-1.0.4/rgbgfx -Weverything --columns --colors gbc:gfx/pokemon/victreebel/normal.gbcpal -o gfx/pokemon/victreebel/back.2bpp gfx/pokemon/victreebel/back.png
/workspace/toolchains/rgbds-1.0.4/rgbgfx -Weverything --columns --colors gbc:gfx/pokemon/meganium/normal.gbcpal -o gfx/pokemon/meganium/back.2bpp gfx/pokemon/meganium/back.png
/workspace/toolchains/rgbds-1.0.4/rgbgfx -Weverything --columns --colors gbc:gfx/trainers/picnicker.gbcpal -o gfx/trainers/picnicker.2bpp gfx/trainers/picnicker.png
/workspace/toolchains/rgbds-1.0.4/rgbgfx -Weverything --columns --colors gbc:gfx/pokemon/lickitung/normal.gbcpal -o gfx/pokemon/lickitung/back.2bpp gfx/pokemon/lickitung/back.png
tools/pokemon_animation_graphics -o gfx/pokemon/togepi/front.animated.2bpp gfx/pokemon/togepi/front.2bpp gfx/pokemon/togepi/front.dimensions
/workspace/toolchains/rgbds-1.0.4/rgbgfx -Weverything --columns --colors gbc:gfx/trainers/super_nerd.gbcpal -o gfx/trainers/super_nerd.2bpp gfx/trainers/super_nerd.png
/workspace/toolchains/rgbds-1.0.4/rgbgfx -Weverything --columns --colors gbc:gfx/pokemon/haunter/normal.gbcpal -o gfx/pokemon/haunter/back.2bpp gfx/pokemon/haunter/back.png
/workspace/toolchains/rgbds-1.0.4/rgbgfx -Weverything --columns --colors gbc:gfx/pokemon/xatu/normal.gbcpal -o gfx/pokemon/xatu/back.2bpp gfx/pokemon/xatu/back.png
/workspace/toolchains/rgbds-1.0.4/rgbgfx -Weverything --columns --colors gbc:gfx/trainers/red.gbcpal -o gfx/trainers/red.2bpp gfx/trainers/red.png
/workspace/toolchains/rgbds-1.0.4/rgbgfx -Weverything --columns --colors gbc:gfx/pokemon/porygon2/normal.gbcpal -o gfx/pokemon/porygon2/back.2bpp gfx/pokemon/porygon2/back.png
/workspace/toolchains/rgbds-1.0.4/rgbgfx -Weverything --columns --colors gbc:gfx/trainers/jasmine.gbcpal -o gfx/trainers/jasmine.2bpp gfx/trainers/jasmine.png
/workspace/toolchains/rgbds-1.0.4/rgbgfx -Weverything --columns --colors gbc:gfx/pokemon/pineco/normal.gbcpal -o gfx/pokemon/pineco/back.2bpp gfx/pokemon/pineco/back.png
tools/pokemon_animation_graphics -o gfx/pokemon/metapod/front.animated.2bpp gfx/pokemon/metapod/front.2bpp gfx/pokemon/metapod/front.dimensions
/workspace/toolchains/rgbds-1.0.4/rgbgfx -Weverything --columns --colors gbc:gfx/pokemon/seel/normal.gbcpal -o gfx/pokemon/seel/back.2bpp gfx/pokemon/seel/back.png
/workspace/toolchains/rgbds-1.0.4/rgbgfx -Weverything --columns --colors gbc:gfx/pokemon/quagsire/normal.gbcpal -o gfx/pokemon/quagsire/back.2bpp gfx/pokemon/quagsire/back.png
/workspace/toolchains/rgbds-1.0.4/rgbgfx -Weverything --columns --colors gbc:gfx/trainers/whitney.gbcpal -o gfx/trainers/whitney.2bpp gfx/trainers/whitney.png
/workspace/toolchains/rgbds-1.0.4/rgbgfx -Weverything --columns --colors gbc:gfx/pokemon/jolteon/normal.gbcpal -o gfx/pokemon/jolteon/back.2bpp gfx/pokemon/jolteon/back.png
tools/pokemon_animation_graphics -o gfx/pokemon/caterpie/front.animated.2bpp gfx/pokemon/caterpie/front.2bpp gfx/pokemon/caterpie/front.dimensions
/workspace/toolchains/rgbds-1.0.4/rgbgfx -Weverything --columns --colors gbc:gfx/pokemon/hoppip/normal.gbcpal -o gfx/pokemon/hoppip/back.2bpp gfx/pokemon/hoppip/back.png
/workspace/toolchains/rgbds-1.0.4/rgbgfx -Weverything --columns --colors gbc:gfx/trainers/blue.gbcpal -o gfx/trainers/blue.2bpp gfx/trainers/blue.png
/workspace/toolchains/rgbds-1.0.4/rgbgfx -Weverything --columns --colors gbc:gfx/pokemon/granbull/normal.gbcpal -o gfx/pokemon/granbull/back.2bpp gfx/pokemon/granbull/back.png
/workspace/toolchains/rgbds-1.0.4/rgbgfx -Weverything --columns --colors gbc:gfx/trainers/gentleman.gbcpal -o gfx/trainers/gentleman.2bpp gfx/trainers/gentleman.png
/workspace/toolchains/rgbds-1.0.4/rgbgfx -Weverything --columns --colors gbc:gfx/trainers/executive_m.gbcpal -o gfx/trainers/executive_m.2bpp gfx/trainers/executive_m.png
/workspace/toolchains/rgbds-1.0.4/rgbgfx -Weverything --columns --colors gbc:gfx/pokemon/sunkern/normal.gbcpal -o gfx/pokemon/sunkern/back.2bpp gfx/pokemon/sunkern/back.png
/workspace/toolchains/rgbds-1.0.4/rgbgfx -Weverything --columns --colors gbc:gfx/pokemon/lapras/normal.gbcpal -o gfx/pokemon/lapras/back.2bpp gfx/pokemon/lapras/back.png
/workspace/toolchains/rgbds-1.0.4/rgbgfx -Weverything --columns --colors gbc:gfx/pokemon/magby/normal.gbcpal -o gfx/pokemon/magby/back.2bpp gfx/pokemon/magby/back.png
/workspace/toolchains/rgbds-1.0.4/rgbgfx -Weverything --columns --colors gbc:gfx/pokemon/dragonair/normal.gbcpal -o gfx/pokemon/dragonair/back.2bpp gfx/pokemon/dragonair/back.png
/workspace/toolchains/rgbds-1.0.4/rgbgfx -Weverything --columns --colors gbc:gfx/pokemon/zapdos/normal.gbcpal -o gfx/pokemon/zapdos/back.2bpp gfx/pokemon/zapdos/back.png
/workspace/toolchains/rgbds-1.0.4/rgbgfx -Weverything --columns --colors gbc:gfx/pokemon/chikorita/normal.gbcpal -o gfx/pokemon/chikorita/back.2bpp gfx/pokemon/chikorita/back.png
/workspace/toolchains/rgbds-1.0.4/rgbgfx -Weverything --columns --colors gbc:gfx/pokemon/corsola/normal.gbcpal -o gfx/pokemon/corsola/back.2bpp gfx/pokemon/corsola/back.png
/workspace/toolchains/rgbds-1.0.4/rgbgfx -Weverything --columns --colors gbc:gfx/pokemon/chinchou/normal.gbcpal -o gfx/pokemon/chinchou/back.2bpp gfx/pokemon/chinchou/back.png
/workspace/toolchains/rgbds-1.0.4/rgbgfx -Weverything --columns --colors gbc:gfx/pokemon/chansey/normal.gbcpal -o gfx/pokemon/chansey/back.2bpp gfx/pokemon/chansey/back.png
/workspace/toolchains/rgbds-1.0.4/rgbgfx -Weverything --columns --colors gbc:gfx/pokemon/skiploom/normal.gbcpal -o gfx/pokemon/skiploom/back.2bpp gfx/pokemon/skiploom/back.png
tools/pokemon_animation_graphics -o gfx/pokemon/spinarak/front.animated.2bpp gfx/pokemon/spinarak/front.2bpp gfx/pokemon/spinarak/front.dimensions
/workspace/toolchains/rgbds-1.0.4/rgbgfx -Weverything --columns --colors gbc:gfx/trainers/rival2.gbcpal -o gfx/trainers/rival2.2bpp gfx/trainers/rival2.png
tools/pokemon_animation_graphics -o gfx/pokemon/unown_w/front.animated.2bpp gfx/pokemon/unown_w/front.2bpp gfx/pokemon/unown_w/front.dimensions
/workspace/toolchains/rgbds-1.0.4/rgbgfx -Weverything --columns --colors gbc:gfx/pokemon/charmander/normal.gbcpal -o gfx/pokemon/charmander/back.2bpp gfx/pokemon/charmander/back.png
/workspace/toolchains/rgbds-1.0.4/rgbgfx -Weverything --columns --colors gbc:gfx/pokemon/rhyhorn/normal.gbcpal -o gfx/pokemon/rhyhorn/back.2bpp gfx/pokemon/rhyhorn/back.png
tools/pokemon_animation_graphics -o gfx/pokemon/unown_c/front.animated.2bpp gfx/pokemon/unown_c/front.2bpp gfx/pokemon/unown_c/front.dimensions
/workspace/toolchains/rgbds-1.0.4/rgbgfx -Weverything --columns --colors gbc:gfx/trainers/misty.gbcpal -o gfx/trainers/misty.2bpp gfx/trainers/misty.png
/workspace/toolchains/rgbds-1.0.4/rgbgfx -Weverything --columns --colors gbc:gfx/trainers/blaine.gbcpal -o gfx/trainers/blaine.2bpp gfx/trainers/blaine.png
tools/pokemon_animation_graphics -o gfx/pokemon/unown_z/front.animated.2bpp gfx/pokemon/unown_z/front.2bpp gfx/pokemon/unown_z/front.dimensions
tools/pokemon_animation_graphics -o gfx/pokemon/swinub/front.animated.2bpp gfx/pokemon/swinub/front.2bpp gfx/pokemon/swinub/front.dimensions
/workspace/toolchains/rgbds-1.0.4/rgbgfx -Weverything --columns --colors gbc:gfx/pokemon/larvitar/normal.gbcpal -o gfx/pokemon/larvitar/back.2bpp gfx/pokemon/larvitar/back.png
/workspace/toolchains/rgbds-1.0.4/rgbgfx -Weverything --columns --colors gbc:gfx/pokemon/porygon/normal.gbcpal -o gfx/pokemon/porygon/back.2bpp gfx/pokemon/porygon/back.png
/workspace/toolchains/rgbds-1.0.4/rgbgfx --colors dmg -Weverything --columns --colors gbc:gfx/pokemon/unown/normal.gbcpal -o gfx/pokemon/unown_h/back.2bpp gfx/pokemon/unown_h/back.png
/workspace/toolchains/rgbds-1.0.4/rgbgfx -Weverything --columns --colors gbc:gfx/pokemon/paras/normal.gbcpal -o gfx/pokemon/paras/back.2bpp gfx/pokemon/paras/back.png
/workspace/toolchains/rgbds-1.0.4/rgbgfx -Weverything --columns --colors gbc:gfx/pokemon/vaporeon/normal.gbcpal -o gfx/pokemon/vaporeon/back.2bpp gfx/pokemon/vaporeon/back.png
/workspace/toolchains/rgbds-1.0.4/rgbgfx -Weverything --columns --colors gbc:gfx/pokemon/tentacool/normal.gbcpal -o gfx/pokemon/tentacool/back.2bpp gfx/pokemon/tentacool/back.png
/workspace/toolchains/rgbds-1.0.4/rgbgfx -Weverything --columns --colors gbc:gfx/trainers/executive_f.gbcpal -o gfx/trainers/executive_f.2bpp gfx/trainers/executive_f.png
/workspace/toolchains/rgbds-1.0.4/rgbgfx -Weverything --columns --colors gbc:gfx/pokemon/bulbasaur/normal.gbcpal -o gfx/pokemon/bulbasaur/back.2bpp gfx/pokemon/bulbasaur/back.png
/workspace/toolchains/rgbds-1.0.4/rgbgfx -Weverything --columns --colors gbc:gfx/pokemon/smoochum/normal.gbcpal -o gfx/pokemon/smoochum/back.2bpp gfx/pokemon/smoochum/back.png
/workspace/toolchains/rgbds-1.0.4/rgbgfx -Weverything --columns --colors gbc:gfx/pokemon/pichu/normal.gbcpal -o gfx/pokemon/pichu/back.2bpp gfx/pokemon/pichu/back.png
/workspace/toolchains/rgbds-1.0.4/rgbgfx -Weverything --columns --colors gbc:gfx/pokemon/houndoom/normal.gbcpal -o gfx/pokemon/houndoom/back.2bpp gfx/pokemon/houndoom/back.png
/workspace/toolchains/rgbds-1.0.4/rgbgfx -Weverything --columns --colors gbc:gfx/pokemon/bellsprout/normal.gbcpal -o gfx/pokemon/bellsprout/back.2bpp gfx/pokemon/bellsprout/back.png
/workspace/toolchains/rgbds-1.0.4/rgbgfx -Weverything --columns --colors gbc:gfx/pokemon/lanturn/normal.gbcpal -o gfx/pokemon/lanturn/back.2bpp gfx/pokemon/lanturn/back.png
/workspace/toolchains/rgbds-1.0.4/rgbgfx -Weverything --columns --colors gbc:gfx/pokemon/pidgeotto/normal.gbcpal -o gfx/pokemon/pidgeotto/back.2bpp gfx/pokemon/pidgeotto/back.png
/workspace/toolchains/rgbds-1.0.4/rgbgfx -Weverything --columns --colors gbc:gfx/pokemon/staryu/normal.gbcpal -o gfx/pokemon/staryu/back.2bpp gfx/pokemon/staryu/back.png
/workspace/toolchains/rgbds-1.0.4/rgbgfx -Weverything --columns --colors gbc:gfx/pokemon/mr__mime/normal.gbcpal -o gfx/pokemon/mr__mime/back.2bpp gfx/pokemon/mr__mime/back.png
/workspace/toolchains/rgbds-1.0.4/rgbgfx -Weverything --columns --colors gbc:gfx/pokemon/caterpie/normal.gbcpal -o gfx/pokemon/caterpie/back.2bpp gfx/pokemon/caterpie/back.png
tools/pokemon_animation_graphics -o gfx/pokemon/voltorb/front.animated.2bpp gfx/pokemon/voltorb/front.2bpp gfx/pokemon/voltorb/front.dimensions
/workspace/toolchains/rgbds-1.0.4/rgbgfx -Weverything --columns --colors gbc:gfx/pokemon/lugia/normal.gbcpal -o gfx/pokemon/lugia/back.2bpp gfx/pokemon/lugia/back.png
/workspace/toolchains/rgbds-1.0.4/rgbgfx -Weverything --columns --colors gbc:gfx/trainers/pryce.gbcpal -o gfx/trainers/pryce.2bpp gfx/trainers/pryce.png
/workspace/toolchains/rgbds-1.0.4/rgbgfx -Weverything --columns --colors gbc:gfx/trainers/brock.gbcpal -o gfx/trainers/brock.2bpp gfx/trainers/brock.png
tools/pokemon_animation_graphics -o gfx/pokemon/unown_g/front.animated.2bpp gfx/pokemon/unown_g/front.2bpp gfx/pokemon/unown_g/front.dimensions
/workspace/toolchains/rgbds-1.0.4/rgbgfx -Weverything --columns --colors gbc:gfx/pokemon/arbok/normal.gbcpal -o gfx/pokemon/arbok/back.2bpp gfx/pokemon/arbok/back.png
/workspace/toolchains/rgbds-1.0.4/rgbgfx -Weverything --columns --colors gbc:gfx/pokemon/politoed/normal.gbcpal -o gfx/pokemon/politoed/back.2bpp gfx/pokemon/politoed/back.png
/workspace/toolchains/rgbds-1.0.4/rgbgfx -Weverything --columns --colors gbc:gfx/pokemon/dragonite/normal.gbcpal -o gfx/pokemon/dragonite/back.2bpp gfx/pokemon/dragonite/back.png
/workspace/toolchains/rgbds-1.0.4/rgbgfx -Weverything --columns --colors gbc:gfx/pokemon/hitmonlee/normal.gbcpal -o gfx/pokemon/hitmonlee/back.2bpp gfx/pokemon/hitmonlee/back.png
tools/pokemon_animation_graphics -o gfx/pokemon/natu/front.animated.2bpp gfx/pokemon/natu/front.2bpp gfx/pokemon/natu/front.dimensions
/workspace/toolchains/rgbds-1.0.4/rgbgfx -Weverything --columns --colors gbc:gfx/pokemon/ursaring/normal.gbcpal -o gfx/pokemon/ursaring/back.2bpp gfx/pokemon/ursaring/back.png
/workspace/toolchains/rgbds-1.0.4/rgbgfx -Weverything --columns --colors gbc:gfx/trainers/sage.gbcpal -o gfx/trainers/sage.2bpp gfx/trainers/sage.png
/workspace/toolchains/rgbds-1.0.4/rgbgfx -Weverything --columns --colors gbc:gfx/pokemon/teddiursa/normal.gbcpal -o gfx/pokemon/teddiursa/back.2bpp gfx/pokemon/teddiursa/back.png
/workspace/toolchains/rgbds-1.0.4/rgbgfx -Weverything --columns --colors gbc:gfx/pokemon/phanpy/normal.gbcpal -o gfx/pokemon/phanpy/back.2bpp gfx/pokemon/phanpy/back.png
tools/pokemon_animation_graphics -o gfx/pokemon/unown_v/front.animated.2bpp gfx/pokemon/unown_v/front.2bpp gfx/pokemon/unown_v/front.dimensions
/workspace/toolchains/rgbds-1.0.4/rgbgfx -Weverything --columns --colors gbc:gfx/pokemon/kakuna/normal.gbcpal -o gfx/pokemon/kakuna/back.2bpp gfx/pokemon/kakuna/back.png
/workspace/toolchains/rgbds-1.0.4/rgbgfx -Weverything --columns --colors gbc:gfx/pokemon/wobbuffet/normal.gbcpal -o gfx/pokemon/wobbuffet/back.2bpp gfx/pokemon/wobbuffet/back.png
/workspace/toolchains/rgbds-1.0.4/rgbgfx -Weverything --columns --colors gbc:gfx/pokemon/togepi/normal.gbcpal -o gfx/pokemon/togepi/back.2bpp gfx/pokemon/togepi/back.png
/workspace/toolchains/rgbds-1.0.4/rgbgfx -Weverything --columns --colors gbc:gfx/pokemon/crobat/normal.gbcpal -o gfx/pokemon/crobat/back.2bpp gfx/pokemon/crobat/back.png
/workspace/toolchains/rgbds-1.0.4/rgbgfx -Weverything --columns --colors gbc:gfx/pokemon/blissey/normal.gbcpal -o gfx/pokemon/blissey/back.2bpp gfx/pokemon/blissey/back.png
/workspace/toolchains/rgbds-1.0.4/rgbgfx -Weverything --columns --colors gbc:gfx/pokemon/ampharos/normal.gbcpal -o gfx/pokemon/ampharos/back.2bpp gfx/pokemon/ampharos/back.png
/workspace/toolchains/rgbds-1.0.4/rgbgfx -Weverything --columns --colors gbc:gfx/pokemon/igglybuff/normal.gbcpal -o gfx/pokemon/igglybuff/back.2bpp gfx/pokemon/igglybuff/back.png
/workspace/toolchains/rgbds-1.0.4/rgbgfx -Weverything --columns --colors gbc:gfx/pokemon/azumarill/normal.gbcpal -o gfx/pokemon/azumarill/back.2bpp gfx/pokemon/azumarill/back.png
/workspace/toolchains/rgbds-1.0.4/rgbgfx -Weverything --columns --colors gbc:gfx/pokemon/octillery/normal.gbcpal -o gfx/pokemon/octillery/back.2bpp gfx/pokemon/octillery/back.png
tools/pokemon_animation_graphics -o gfx/pokemon/unown_s/front.animated.2bpp gfx/pokemon/unown_s/front.2bpp gfx/pokemon/unown_s/front.dimensions
/workspace/toolchains/rgbds-1.0.4/rgbgfx -Weverything --columns --colors gbc:gfx/pokemon/horsea/normal.gbcpal -o gfx/pokemon/horsea/back.2bpp gfx/pokemon/horsea/back.png
/workspace/toolchains/rgbds-1.0.4/rgbgfx -Weverything --columns --colors gbc:gfx/pokemon/sentret/normal.gbcpal -o gfx/pokemon/sentret/back.2bpp gfx/pokemon/sentret/back.png
tools/pokemon_animation_graphics -o gfx/pokemon/unown_o/front.animated.2bpp gfx/pokemon/unown_o/front.2bpp gfx/pokemon/unown_o/front.dimensions
tools/pokemon_animation_graphics -o gfx/pokemon/unown_t/front.animated.2bpp gfx/pokemon/unown_t/front.2bpp gfx/pokemon/unown_t/front.dimensions
/workspace/toolchains/rgbds-1.0.4/rgbgfx -Weverything --columns --colors gbc:gfx/pokemon/wigglytuff/normal.gbcpal -o gfx/pokemon/wigglytuff/back.2bpp gfx/pokemon/wigglytuff/back.png
/workspace/toolchains/rgbds-1.0.4/rgbgfx -Weverything --columns --colors gbc:gfx/pokemon/articuno/normal.gbcpal -o gfx/pokemon/articuno/back.2bpp gfx/pokemon/articuno/back.png
/workspace/toolchains/rgbds-1.0.4/rgbgfx -Weverything --columns --colors gbc:gfx/pokemon/ditto/normal.gbcpal -o gfx/pokemon/ditto/back.2bpp gfx/pokemon/ditto/back.png
/workspace/toolchains/rgbds-1.0.4/rgbgfx -Weverything --columns --colors gbc:gfx/pokemon/weedle/normal.gbcpal -o gfx/pokemon/weedle/back.2bpp gfx/pokemon/weedle/back.png
tools/pokemon_animation_graphics -o gfx/pokemon/unown_h/front.animated.2bpp gfx/pokemon/unown_h/front.2bpp gfx/pokemon/unown_h/front.dimensions
/workspace/toolchains/rgbds-1.0.4/rgbgfx -Weverything --columns --colors gbc:gfx/pokemon/cleffa/normal.gbcpal -o gfx/pokemon/cleffa/back.2bpp gfx/pokemon/cleffa/back.png
/workspace/toolchains/rgbds-1.0.4/rgbgfx -Weverything --columns --colors gbc:gfx/pokemon/drowzee/normal.gbcpal -o gfx/pokemon/drowzee/back.2bpp gfx/pokemon/drowzee/back.png
/workspace/toolchains/rgbds-1.0.4/rgbgfx -Weverything --columns --colors gbc:gfx/pokemon/gastly/normal.gbcpal -o gfx/pokemon/gastly/back.2bpp gfx/pokemon/gastly/back.png
/workspace/toolchains/rgbds-1.0.4/rgbgfx -Weverything --columns --colors gbc:gfx/pokemon/fearow/normal.gbcpal -o gfx/pokemon/fearow/back.2bpp gfx/pokemon/fearow/back.png
/workspace/toolchains/rgbds-1.0.4/rgbgfx -Weverything --columns --colors gbc:gfx/pokemon/marill/normal.gbcpal -o gfx/pokemon/marill/back.2bpp gfx/pokemon/marill/back.png
/workspace/toolchains/rgbds-1.0.4/rgbgfx -Weverything --columns --colors gbc:gfx/pokemon/dratini/normal.gbcpal -o gfx/pokemon/dratini/back.2bpp gfx/pokemon/dratini/back.png
/workspace/toolchains/rgbds-1.0.4/rgbgfx -Weverything --columns --colors gbc:gfx/pokemon/electrode/normal.gbcpal -o gfx/pokemon/electrode/back.2bpp gfx/pokemon/electrode/back.png
/workspace/toolchains/rgbds-1.0.4/rgbgfx -Weverything --columns --colors gbc:gfx/pokemon/skarmory/normal.gbcpal -o gfx/pokemon/skarmory/back.2bpp gfx/pokemon/skarmory/back.png
/workspace/toolchains/rgbds-1.0.4/rgbgfx -Weverything --columns --colors gbc:gfx/pokemon/metapod/normal.gbcpal -o gfx/pokemon/metapod/back.2bpp gfx/pokemon/metapod/back.png
/workspace/toolchains/rgbds-1.0.4/rgbgfx -Weverything --columns --colors gbc:gfx/pokemon/jigglypuff/normal.gbcpal -o gfx/pokemon/jigglypuff/back.2bpp gfx/pokemon/jigglypuff/back.png
/workspace/toolchains/rgbds-1.0.4/rgbgfx -Weverything --columns --colors gbc:gfx/pokemon/oddish/normal.gbcpal -o gfx/pokemon/oddish/back.2bpp gfx/pokemon/oddish/back.png
/workspace/toolchains/rgbds-1.0.4/rgbgfx --colors dmg -Weverything --columns --colors gbc:gfx/pokemon/unown/normal.gbcpal -o gfx/pokemon/unown_d/back.2bpp gfx/pokemon/unown_d/back.png
/workspace/toolchains/rgbds-1.0.4/rgbgfx -Weverything --columns --colors gbc:gfx/pokemon/spinarak/normal.gbcpal -o gfx/pokemon/spinarak/back.2bpp gfx/pokemon/spinarak/back.png
/workspace/toolchains/rgbds-1.0.4/rgbgfx -Weverything --columns --colors gbc:gfx/pokemon/raikou/normal.gbcpal -o gfx/pokemon/raikou/back.2bpp gfx/pokemon/raikou/back.png
tools/pokemon_animation_graphics -o gfx/pokemon/unown_k/front.animated.2bpp gfx/pokemon/unown_k/front.2bpp gfx/pokemon/unown_k/front.dimensions
/workspace/toolchains/rgbds-1.0.4/rgbgfx -Weverything --columns --colors gbc:gfx/pokemon/houndour/normal.gbcpal -o gfx/pokemon/houndour/back.2bpp gfx/pokemon/houndour/back.png
/workspace/toolchains/rgbds-1.0.4/rgbgfx -Weverything --columns --colors gbc:gfx/pokemon/poliwag/normal.gbcpal -o gfx/pokemon/poliwag/back.2bpp gfx/pokemon/poliwag/back.png
/workspace/toolchains/rgbds-1.0.4/rgbgfx -Weverything --columns --colors gbc:gfx/pokemon/squirtle/normal.gbcpal -o gfx/pokemon/squirtle/back.2bpp gfx/pokemon/squirtle/back.png
/workspace/toolchains/rgbds-1.0.4/rgbgfx -Weverything --columns --colors gbc:gfx/pokemon/shuckle/normal.gbcpal -o gfx/pokemon/shuckle/back.2bpp gfx/pokemon/shuckle/back.png
/workspace/toolchains/rgbds-1.0.4/rgbgfx -Weverything --columns --colors gbc:gfx/pokemon/dewgong/normal.gbcpal -o gfx/pokemon/dewgong/back.2bpp gfx/pokemon/dewgong/back.png
tools/pokemon_animation_graphics -o gfx/pokemon/unown_b/front.animated.2bpp gfx/pokemon/unown_b/front.2bpp gfx/pokemon/unown_b/front.dimensions
/workspace/toolchains/rgbds-1.0.4/rgbgfx -Weverything --columns --colors gbc:gfx/pokemon/slowpoke/normal.gbcpal -o gfx/pokemon/slowpoke/back.2bpp gfx/pokemon/slowpoke/back.png
/workspace/toolchains/rgbds-1.0.4/rgbgfx -Weverything --columns --colors gbc:gfx/pokemon/dunsparce/normal.gbcpal -o gfx/pokemon/dunsparce/back.2bpp gfx/pokemon/dunsparce/back.png
/workspace/toolchains/rgbds-1.0.4/rgbgfx -Weverything --columns --colors gbc:gfx/pokemon/donphan/normal.gbcpal -o gfx/pokemon/donphan/back.2bpp gfx/pokemon/donphan/back.png
/workspace/toolchains/rgbds-1.0.4/rgbgfx -Weverything --columns --colors gbc:gfx/pokemon/wooper/normal.gbcpal -o gfx/pokemon/wooper/back.2bpp gfx/pokemon/wooper/back.png
/workspace/toolchains/rgbds-1.0.4/rgbgfx -Weverything --columns --colors gbc:gfx/pokemon/tauros/normal.gbcpal -o gfx/pokemon/tauros/back.2bpp gfx/pokemon/tauros/back.png
tools/pokemon_animation_graphics -o gfx/pokemon/unown_x/front.animated.2bpp gfx/pokemon/unown_x/front.2bpp gfx/pokemon/unown_x/front.dimensions
tools/pokemon_animation_graphics -o gfx/pokemon/unown_n/front.animated.2bpp gfx/pokemon/unown_n/front.2bpp gfx/pokemon/unown_n/front.dimensions
/workspace/toolchains/rgbds-1.0.4/rgbgfx -Weverything --columns --colors gbc:gfx/pokemon/tangela/normal.gbcpal -o gfx/pokemon/tangela/back.2bpp gfx/pokemon/tangela/back.png
/workspace/toolchains/rgbds-1.0.4/rgbgfx -Weverything --columns --colors gbc:gfx/pokemon/voltorb/normal.gbcpal -o gfx/pokemon/voltorb/back.2bpp gfx/pokemon/voltorb/back.png
tools/pokemon_animation_graphics -o gfx/pokemon/unown_j/front.animated.2bpp gfx/pokemon/unown_j/front.2bpp gfx/pokemon/unown_j/front.dimensions
/workspace/toolchains/rgbds-1.0.4/rgbgfx -Weverything --columns --colors gbc:gfx/pokemon/mantine/normal.gbcpal -o gfx/pokemon/mantine/back.2bpp gfx/pokemon/mantine/back.png
tools/pokemon_animation_graphics -o gfx/pokemon/unown_l/front.animated.2bpp gfx/pokemon/unown_l/front.2bpp gfx/pokemon/unown_l/front.dimensions
/workspace/toolchains/rgbds-1.0.4/rgbgfx -Weverything --columns --colors gbc:gfx/pokemon/piloswine/normal.gbcpal -o gfx/pokemon/piloswine/back.2bpp gfx/pokemon/piloswine/back.png
tools/pokemon_animation_graphics -o gfx/pokemon/unown_m/front.animated.2bpp gfx/pokemon/unown_m/front.2bpp gfx/pokemon/unown_m/front.dimensions
tools/pokemon_animation_graphics -o gfx/pokemon/unown_f/front.animated.2bpp gfx/pokemon/unown_f/front.2bpp gfx/pokemon/unown_f/front.dimensions
/workspace/toolchains/rgbds-1.0.4/rgbgfx -Weverything --columns --colors gbc:gfx/pokemon/natu/normal.gbcpal -o gfx/pokemon/natu/back.2bpp gfx/pokemon/natu/back.png
tools/pokemon_animation_graphics -o gfx/pokemon/unown_a/front.animated.2bpp gfx/pokemon/unown_a/front.2bpp gfx/pokemon/unown_a/front.dimensions
/workspace/toolchains/rgbds-1.0.4/rgbgfx -Weverything --columns --colors gbc:gfx/pokemon/golem/normal.gbcpal -o gfx/pokemon/golem/back.2bpp gfx/pokemon/golem/back.png
tools/pokemon_animation_graphics -o gfx/pokemon/unown_u/front.animated.2bpp gfx/pokemon/unown_u/front.2bpp gfx/pokemon/unown_u/front.dimensions
/workspace/toolchains/rgbds-1.0.4/rgbgfx -Weverything --columns --colors gbc:gfx/pokemon/diglett/normal.gbcpal -o gfx/pokemon/diglett/back.2bpp gfx/pokemon/diglett/back.png
tools/pokemon_animation_graphics -o gfx/pokemon/unown_q/front.animated.2bpp gfx/pokemon/unown_q/front.2bpp gfx/pokemon/unown_q/front.dimensions
tools/pokemon_animation_graphics -o gfx/pokemon/unown_p/front.animated.2bpp gfx/pokemon/unown_p/front.2bpp gfx/pokemon/unown_p/front.dimensions
/workspace/toolchains/rgbds-1.0.4/rgbgfx --colors dmg -Weverything --columns --colors gbc:gfx/pokemon/unown/normal.gbcpal -o gfx/pokemon/unown_c/back.2bpp gfx/pokemon/unown_c/back.png
/workspace/toolchains/rgbds-1.0.4/rgbgfx -Weverything --columns --colors gbc:gfx/pokemon/jynx/normal.gbcpal -o gfx/pokemon/jynx/back.2bpp gfx/pokemon/jynx/back.png
/workspace/toolchains/rgbds-1.0.4/rgbgfx -Weverything --columns --colors gbc:gfx/pokemon/golbat/normal.gbcpal -o gfx/pokemon/golbat/back.2bpp gfx/pokemon/golbat/back.png
tools/pokemon_animation_graphics -o gfx/pokemon/unown_y/front.animated.2bpp gfx/pokemon/unown_y/front.2bpp gfx/pokemon/unown_y/front.dimensions
/workspace/toolchains/rgbds-1.0.4/rgbgfx --colors dmg -Weverything --columns --colors gbc:gfx/pokemon/unown/normal.gbcpal -o gfx/pokemon/unown_g/back.2bpp gfx/pokemon/unown_g/back.png
tools/pokemon_animation_graphics -o gfx/pokemon/unown_i/front.animated.2bpp gfx/pokemon/unown_i/front.2bpp gfx/pokemon/unown_i/front.dimensions
/workspace/toolchains/rgbds-1.0.4/rgbgfx --colors dmg -Weverything --columns --colors gbc:gfx/pokemon/unown/normal.gbcpal -o gfx/pokemon/unown_v/back.2bpp gfx/pokemon/unown_v/back.png
/workspace/toolchains/rgbds-1.0.4/rgbgfx -Weverything --columns --colors gbc:gfx/pokemon/forretress/normal.gbcpal -o gfx/pokemon/forretress/back.2bpp gfx/pokemon/forretress/back.png
/workspace/toolchains/rgbds-1.0.4/rgbgfx --colors dmg -Weverything --columns --colors gbc:gfx/pokemon/unown/normal.gbcpal -o gfx/pokemon/unown_s/back.2bpp gfx/pokemon/unown_s/back.png
tools/pokemon_animation_graphics -o gfx/pokemon/unown_r/front.animated.2bpp gfx/pokemon/unown_r/front.2bpp gfx/pokemon/unown_r/front.dimensions
/workspace/toolchains/rgbds-1.0.4/rgbgfx --colors dmg -Weverything --columns --colors gbc:gfx/pokemon/unown/normal.gbcpal -o gfx/pokemon/unown_e/back.2bpp gfx/pokemon/unown_e/back.png
/workspace/toolchains/rgbds-1.0.4/rgbgfx --colors dmg -Weverything --columns --colors gbc:gfx/pokemon/unown/normal.gbcpal -o gfx/pokemon/unown_j/back.2bpp gfx/pokemon/unown_j/back.png
/workspace/toolchains/rgbds-1.0.4/rgbgfx --colors dmg -Weverything --columns --colors gbc:gfx/pokemon/unown/normal.gbcpal -o gfx/pokemon/unown_b/back.2bpp gfx/pokemon/unown_b/back.png
/workspace/toolchains/rgbds-1.0.4/rgbgfx --colors dmg -Weverything --columns --colors gbc:gfx/pokemon/unown/normal.gbcpal -o gfx/pokemon/unown_o/back.2bpp gfx/pokemon/unown_o/back.png
/workspace/toolchains/rgbds-1.0.4/rgbgfx --colors dmg -Weverything --columns --colors gbc:gfx/pokemon/unown/normal.gbcpal -o gfx/pokemon/unown_z/back.2bpp gfx/pokemon/unown_z/back.png
/workspace/toolchains/rgbds-1.0.4/rgbgfx --colors dmg -Weverything --columns --colors gbc:gfx/pokemon/unown/normal.gbcpal -o gfx/pokemon/unown_w/back.2bpp gfx/pokemon/unown_w/back.png
/workspace/toolchains/rgbds-1.0.4/rgbgfx --colors dmg -Weverything --columns --colors gbc:gfx/pokemon/unown/normal.gbcpal -o gfx/pokemon/unown_n/back.2bpp gfx/pokemon/unown_n/back.png
/workspace/toolchains/rgbds-1.0.4/rgbgfx --colors dmg -Weverything --columns --colors gbc:gfx/pokemon/unown/normal.gbcpal -o gfx/pokemon/unown_a/back.2bpp gfx/pokemon/unown_a/back.png
/workspace/toolchains/rgbds-1.0.4/rgbgfx --colors dmg -Weverything --columns --colors gbc:gfx/pokemon/unown/normal.gbcpal -o gfx/pokemon/unown_m/back.2bpp gfx/pokemon/unown_m/back.png
/workspace/toolchains/rgbds-1.0.4/rgbgfx --colors dmg -Weverything --columns --colors gbc:gfx/pokemon/unown/normal.gbcpal -o gfx/pokemon/unown_k/back.2bpp gfx/pokemon/unown_k/back.png
/workspace/toolchains/rgbds-1.0.4/rgbgfx --colors dmg -Weverything --columns --colors gbc:gfx/pokemon/unown/normal.gbcpal -o gfx/pokemon/unown_t/back.2bpp gfx/pokemon/unown_t/back.png
/workspace/toolchains/rgbds-1.0.4/rgbgfx --colors dmg -Weverything --columns --colors gbc:gfx/pokemon/unown/normal.gbcpal -o gfx/pokemon/unown_x/back.2bpp gfx/pokemon/unown_x/back.png
/workspace/toolchains/rgbds-1.0.4/rgbgfx --colors dmg -Weverything --columns --colors gbc:gfx/pokemon/unown/normal.gbcpal -o gfx/pokemon/unown_l/back.2bpp gfx/pokemon/unown_l/back.png
/workspace/toolchains/rgbds-1.0.4/rgbgfx --colors dmg -Weverything --columns --colors gbc:gfx/pokemon/unown/normal.gbcpal -o gfx/pokemon/unown_u/back.2bpp gfx/pokemon/unown_u/back.png
/workspace/toolchains/rgbds-1.0.4/rgbgfx --colors dmg -Weverything --columns --colors gbc:gfx/pokemon/unown/normal.gbcpal -o gfx/pokemon/unown_q/back.2bpp gfx/pokemon/unown_q/back.png
/workspace/toolchains/rgbds-1.0.4/rgbgfx --colors dmg -Weverything --columns --colors gbc:gfx/pokemon/unown/normal.gbcpal -o gfx/pokemon/unown_y/back.2bpp gfx/pokemon/unown_y/back.png
/workspace/toolchains/rgbds-1.0.4/rgbgfx --colors dmg -Weverything --columns --colors gbc:gfx/pokemon/unown/normal.gbcpal -o gfx/pokemon/unown_p/back.2bpp gfx/pokemon/unown_p/back.png
/workspace/toolchains/rgbds-1.0.4/rgbgfx --colors dmg -Weverything --columns --colors gbc:gfx/pokemon/unown/normal.gbcpal -o gfx/pokemon/unown_i/back.2bpp gfx/pokemon/unown_i/back.png
/workspace/toolchains/rgbds-1.0.4/rgbgfx --colors dmg -Weverything --columns --colors gbc:gfx/pokemon/unown/normal.gbcpal -o gfx/pokemon/unown_r/back.2bpp gfx/pokemon/unown_r/back.png
tools/lzcompress --matching -- gfx/pokemon/spinarak/back.2bpp gfx/pokemon/spinarak/back.2bpp.lz
tools/lzcompress --matching -- gfx/pokemon/raikou/back.2bpp gfx/pokemon/raikou/back.2bpp.lz
tools/lzcompress --matching -- gfx/pokemon/unown_k/front.animated.2bpp gfx/pokemon/unown_k/front.animated.2bpp.lz
tools/lzcompress --matching -- gfx/pokemon/houndour/back.2bpp gfx/pokemon/houndour/back.2bpp.lz
tools/lzcompress --matching -- gfx/pokemon/poliwag/back.2bpp gfx/pokemon/poliwag/back.2bpp.lz
tools/lzcompress --matching -- gfx/pokemon/squirtle/back.2bpp gfx/pokemon/squirtle/back.2bpp.lz
tools/lzcompress --matching -- gfx/pokemon/shuckle/back.2bpp gfx/pokemon/shuckle/back.2bpp.lz
tools/lzcompress --matching -- gfx/pokemon/dewgong/back.2bpp gfx/pokemon/dewgong/back.2bpp.lz
tools/lzcompress --matching -- gfx/pokemon/unown_b/front.animated.2bpp gfx/pokemon/unown_b/front.animated.2bpp.lz
tools/lzcompress --matching -- gfx/pokemon/slowpoke/back.2bpp gfx/pokemon/slowpoke/back.2bpp.lz
tools/lzcompress --matching -- gfx/pokemon/dunsparce/back.2bpp gfx/pokemon/dunsparce/back.2bpp.lz
tools/lzcompress --matching -- gfx/pokemon/donphan/back.2bpp gfx/pokemon/donphan/back.2bpp.lz
tools/lzcompress --matching -- gfx/pokemon/wooper/back.2bpp gfx/pokemon/wooper/back.2bpp.lz
tools/lzcompress --matching -- gfx/pokemon/tauros/back.2bpp gfx/pokemon/tauros/back.2bpp.lz
tools/lzcompress --matching -- gfx/pokemon/unown_x/front.animated.2bpp gfx/pokemon/unown_x/front.animated.2bpp.lz
tools/lzcompress --matching -- gfx/pokemon/unown_n/front.animated.2bpp gfx/pokemon/unown_n/front.animated.2bpp.lz
tools/lzcompress --matching -- gfx/pokemon/tangela/back.2bpp gfx/pokemon/tangela/back.2bpp.lz
tools/lzcompress --matching -- gfx/pokemon/voltorb/back.2bpp gfx/pokemon/voltorb/back.2bpp.lz
tools/lzcompress --matching -- gfx/pokemon/unown_j/front.animated.2bpp gfx/pokemon/unown_j/front.animated.2bpp.lz
tools/lzcompress --matching -- gfx/pokemon/mantine/back.2bpp gfx/pokemon/mantine/back.2bpp.lz
tools/lzcompress --matching -- gfx/pokemon/unown_l/front.animated.2bpp gfx/pokemon/unown_l/front.animated.2bpp.lz
tools/lzcompress --matching -- gfx/pokemon/piloswine/back.2bpp gfx/pokemon/piloswine/back.2bpp.lz
tools/lzcompress --matching -- gfx/pokemon/unown_m/front.animated.2bpp gfx/pokemon/unown_m/front.animated.2bpp.lz
tools/lzcompress --matching -- gfx/pokemon/unown_f/front.animated.2bpp gfx/pokemon/unown_f/front.animated.2bpp.lz
tools/lzcompress --matching -- gfx/pokemon/natu/back.2bpp gfx/pokemon/natu/back.2bpp.lz
tools/lzcompress --matching -- gfx/pokemon/unown_a/front.animated.2bpp gfx/pokemon/unown_a/front.animated.2bpp.lz
tools/lzcompress --matching -- gfx/pokemon/golem/back.2bpp gfx/pokemon/golem/back.2bpp.lz
tools/lzcompress --matching -- gfx/pokemon/unown_u/front.animated.2bpp gfx/pokemon/unown_u/front.animated.2bpp.lz
tools/lzcompress --matching -- gfx/pokemon/diglett/back.2bpp gfx/pokemon/diglett/back.2bpp.lz
tools/lzcompress --matching -- gfx/pokemon/unown_q/front.animated.2bpp gfx/pokemon/unown_q/front.animated.2bpp.lz
tools/lzcompress --matching -- gfx/pokemon/unown_p/front.animated.2bpp gfx/pokemon/unown_p/front.animated.2bpp.lz
tools/lzcompress --matching -- gfx/pokemon/unown_c/back.2bpp gfx/pokemon/unown_c/back.2bpp.lz
tools/lzcompress --matching -- gfx/pokemon/jynx/back.2bpp gfx/pokemon/jynx/back.2bpp.lz
tools/lzcompress --matching -- gfx/pokemon/golbat/back.2bpp gfx/pokemon/golbat/back.2bpp.lz
tools/lzcompress --matching -- gfx/pokemon/unown_y/front.animated.2bpp gfx/pokemon/unown_y/front.animated.2bpp.lz
tools/lzcompress --matching -- gfx/pokemon/unown_g/back.2bpp gfx/pokemon/unown_g/back.2bpp.lz
tools/lzcompress --matching -- gfx/pokemon/unown_i/front.animated.2bpp gfx/pokemon/unown_i/front.animated.2bpp.lz
tools/lzcompress --matching -- gfx/pokemon/unown_v/back.2bpp gfx/pokemon/unown_v/back.2bpp.lz
tools/lzcompress --matching -- gfx/pokemon/forretress/back.2bpp gfx/pokemon/forretress/back.2bpp.lz
tools/lzcompress --matching -- gfx/pokemon/unown_s/back.2bpp gfx/pokemon/unown_s/back.2bpp.lz
tools/lzcompress --matching -- gfx/pokemon/unown_r/front.animated.2bpp gfx/pokemon/unown_r/front.animated.2bpp.lz
tools/lzcompress --matching -- gfx/pokemon/unown_e/back.2bpp gfx/pokemon/unown_e/back.2bpp.lz
tools/lzcompress --matching -- gfx/pokemon/unown_j/back.2bpp gfx/pokemon/unown_j/back.2bpp.lz
tools/lzcompress --matching -- gfx/pokemon/unown_b/back.2bpp gfx/pokemon/unown_b/back.2bpp.lz
tools/lzcompress --matching -- gfx/pokemon/unown_o/back.2bpp gfx/pokemon/unown_o/back.2bpp.lz
tools/lzcompress --matching -- gfx/pokemon/unown_z/back.2bpp gfx/pokemon/unown_z/back.2bpp.lz
tools/lzcompress --matching -- gfx/pokemon/unown_w/back.2bpp gfx/pokemon/unown_w/back.2bpp.lz
tools/lzcompress --matching -- gfx/pokemon/unown_n/back.2bpp gfx/pokemon/unown_n/back.2bpp.lz
tools/lzcompress --matching -- gfx/pokemon/unown_a/back.2bpp gfx/pokemon/unown_a/back.2bpp.lz
tools/lzcompress --matching -- gfx/pokemon/unown_m/back.2bpp gfx/pokemon/unown_m/back.2bpp.lz
tools/lzcompress --matching -- gfx/pokemon/unown_k/back.2bpp gfx/pokemon/unown_k/back.2bpp.lz
tools/lzcompress --matching -- gfx/pokemon/unown_t/back.2bpp gfx/pokemon/unown_t/back.2bpp.lz
tools/lzcompress --matching -- gfx/pokemon/unown_x/back.2bpp gfx/pokemon/unown_x/back.2bpp.lz
tools/lzcompress --matching -- gfx/pokemon/unown_l/back.2bpp gfx/pokemon/unown_l/back.2bpp.lz
tools/lzcompress --matching -- gfx/pokemon/unown_u/back.2bpp gfx/pokemon/unown_u/back.2bpp.lz
tools/lzcompress --matching -- gfx/pokemon/unown_q/back.2bpp gfx/pokemon/unown_q/back.2bpp.lz
tools/lzcompress --matching -- gfx/pokemon/unown_y/back.2bpp gfx/pokemon/unown_y/back.2bpp.lz
tools/lzcompress --matching -- gfx/pokemon/unown_p/back.2bpp gfx/pokemon/unown_p/back.2bpp.lz
tools/lzcompress --matching -- gfx/pokemon/unown_i/back.2bpp gfx/pokemon/unown_i/back.2bpp.lz
tools/lzcompress --matching -- gfx/pokemon/unown_r/back.2bpp gfx/pokemon/unown_r/back.2bpp.lz
tools/pokemon_animation_graphics -o gfx/pokemon/geodude/front.animated.2bpp gfx/pokemon/geodude/front.2bpp gfx/pokemon/geodude/front.dimensions
tools/pokemon_animation_graphics -o gfx/pokemon/machop/front.animated.2bpp gfx/pokemon/machop/front.2bpp gfx/pokemon/machop/front.dimensions
tools/lzcompress --matching -- gfx/pokemon/rattata/front.animated.2bpp gfx/pokemon/rattata/front.animated.2bpp.lz
tools/lzcompress --matching -- gfx/pokemon/sandshrew/front.animated.2bpp gfx/pokemon/sandshrew/front.animated.2bpp.lz
/workspace/toolchains/rgbds-1.0.4/rgbgfx -Weverything --columns --colors gbc:gfx/pokemon/geodude/normal.gbcpal -o gfx/pokemon/geodude/back.2bpp gfx/pokemon/geodude/back.png
/workspace/toolchains/rgbds-1.0.4/rgbgfx -Weverything --columns --colors gbc:gfx/pokemon/sandshrew/normal.gbcpal -o gfx/pokemon/sandshrew/back.2bpp gfx/pokemon/sandshrew/back.png
/workspace/toolchains/rgbds-1.0.4/rgbgfx -Weverything --columns --colors gbc:gfx/pokemon/machop/normal.gbcpal -o gfx/pokemon/machop/back.2bpp gfx/pokemon/machop/back.png
/workspace/toolchains/rgbds-1.0.4/rgbgfx -Weverything --columns --colors gbc:gfx/pokemon/rattata/normal.gbcpal -o gfx/pokemon/rattata/back.2bpp gfx/pokemon/rattata/back.png
tools/pokemon_animation_graphics -o gfx/pokemon/meowth/front.animated.2bpp gfx/pokemon/meowth/front.2bpp gfx/pokemon/meowth/front.dimensions
tools/pokemon_animation_graphics -o gfx/pokemon/totodile/front.animated.2bpp gfx/pokemon/totodile/front.2bpp gfx/pokemon/totodile/front.dimensions
tools/lzcompress --matching -- gfx/pokemon/krabby/front.animated.2bpp gfx/pokemon/krabby/front.animated.2bpp.lz
tools/lzcompress --matching -- gfx/pokemon/spearow/front.animated.2bpp gfx/pokemon/spearow/front.animated.2bpp.lz
tools/pokemon_animation_graphics -o gfx/pokemon/ekans/front.animated.2bpp gfx/pokemon/ekans/front.2bpp gfx/pokemon/ekans/front.dimensions
tools/pokemon_animation_graphics -o gfx/pokemon/grimer/front.animated.2bpp gfx/pokemon/grimer/front.2bpp gfx/pokemon/grimer/front.dimensions
tools/pokemon_animation_graphics -o gfx/pokemon/machoke/front.animated.2bpp gfx/pokemon/machoke/front.2bpp gfx/pokemon/machoke/front.dimensions
tools/pokemon_animation_graphics -o gfx/pokemon/kingler/front.animated.2bpp gfx/pokemon/kingler/front.2bpp gfx/pokemon/kingler/front.dimensions
/workspace/toolchains/rgbds-1.0.4/rgbgfx -Weverything --columns --colors gbc:gfx/pokemon/meowth/normal.gbcpal -o gfx/pokemon/meowth/back.2bpp gfx/pokemon/meowth/back.png
/workspace/toolchains/rgbds-1.0.4/rgbgfx -Weverything --columns --colors gbc:gfx/pokemon/totodile/normal.gbcpal -o gfx/pokemon/totodile/back.2bpp gfx/pokemon/totodile/back.png
/workspace/toolchains/rgbds-1.0.4/rgbgfx -Weverything --columns --colors gbc:gfx/pokemon/krabby/normal.gbcpal -o gfx/pokemon/krabby/back.2bpp gfx/pokemon/krabby/back.png
/workspace/toolchains/rgbds-1.0.4/rgbgfx -Weverything --columns --colors gbc:gfx/pokemon/spearow/normal.gbcpal -o gfx/pokemon/spearow/back.2bpp gfx/pokemon/spearow/back.png
/workspace/toolchains/rgbds-1.0.4/rgbgfx -Weverything --columns --colors gbc:gfx/pokemon/ekans/normal.gbcpal -o gfx/pokemon/ekans/back.2bpp gfx/pokemon/ekans/back.png
/workspace/toolchains/rgbds-1.0.4/rgbgfx -Weverything --columns --colors gbc:gfx/pokemon/grimer/normal.gbcpal -o gfx/pokemon/grimer/back.2bpp gfx/pokemon/grimer/back.png
/workspace/toolchains/rgbds-1.0.4/rgbgfx -Weverything --columns --colors gbc:gfx/pokemon/machoke/normal.gbcpal -o gfx/pokemon/machoke/back.2bpp gfx/pokemon/machoke/back.png
/workspace/toolchains/rgbds-1.0.4/rgbgfx -Weverything --columns --colors gbc:gfx/pokemon/kingler/normal.gbcpal -o gfx/pokemon/kingler/back.2bpp gfx/pokemon/kingler/back.png
/workspace/toolchains/rgbds-1.0.4/rgbgfx --colors dmg -Weverything -o gfx/sprites/chris.2bpp gfx/sprites/chris.png
/workspace/toolchains/rgbds-1.0.4/rgbgfx --colors dmg -Weverything -o gfx/sprites/chris_bike.2bpp gfx/sprites/chris_bike.png
/workspace/toolchains/rgbds-1.0.4/rgbgfx --colors dmg -Weverything -o gfx/sprites/gameboy_kid.2bpp gfx/sprites/gameboy_kid.png
/workspace/toolchains/rgbds-1.0.4/rgbgfx --colors dmg -Weverything -o gfx/sprites/rival.2bpp gfx/sprites/rival.png
/workspace/toolchains/rgbds-1.0.4/rgbgfx --colors dmg -Weverything -o gfx/sprites/oak.2bpp gfx/sprites/oak.png
/workspace/toolchains/rgbds-1.0.4/rgbgfx --colors dmg -Weverything -o gfx/sprites/red.2bpp gfx/sprites/red.png
/workspace/toolchains/rgbds-1.0.4/rgbgfx --colors dmg -Weverything -o gfx/sprites/blue.2bpp gfx/sprites/blue.png
/workspace/toolchains/rgbds-1.0.4/rgbgfx --colors dmg -Weverything -o gfx/sprites/bill.2bpp gfx/sprites/bill.png
/workspace/toolchains/rgbds-1.0.4/rgbgfx --colors dmg -Weverything -o gfx/sprites/elder.2bpp gfx/sprites/elder.png
/workspace/toolchains/rgbds-1.0.4/rgbgfx --colors dmg -Weverything -o gfx/sprites/janine.2bpp gfx/sprites/janine.png
/workspace/toolchains/rgbds-1.0.4/rgbgfx --colors dmg -Weverything -o gfx/sprites/kurt.2bpp gfx/sprites/kurt.png
/workspace/toolchains/rgbds-1.0.4/rgbgfx --colors dmg -Weverything -o gfx/sprites/mom.2bpp gfx/sprites/mom.png
/workspace/toolchains/rgbds-1.0.4/rgbgfx --colors dmg -Weverything -o gfx/sprites/blaine.2bpp gfx/sprites/blaine.png
/workspace/toolchains/rgbds-1.0.4/rgbgfx --colors dmg -Weverything -o gfx/sprites/reds_mom.2bpp gfx/sprites/reds_mom.png
/workspace/toolchains/rgbds-1.0.4/rgbgfx --colors dmg -Weverything -o gfx/sprites/daisy.2bpp gfx/sprites/daisy.png
/workspace/toolchains/rgbds-1.0.4/rgbgfx --colors dmg -Weverything -o gfx/sprites/elm.2bpp gfx/sprites/elm.png
/workspace/toolchains/rgbds-1.0.4/rgbgfx --colors dmg -Weverything -o gfx/sprites/will.2bpp gfx/sprites/will.png
/workspace/toolchains/rgbds-1.0.4/rgbgfx --colors dmg -Weverything -o gfx/sprites/falkner.2bpp gfx/sprites/falkner.png
/workspace/toolchains/rgbds-1.0.4/rgbgfx --colors dmg -Weverything -o gfx/sprites/whitney.2bpp gfx/sprites/whitney.png
/workspace/toolchains/rgbds-1.0.4/rgbgfx --colors dmg -Weverything -o gfx/sprites/bugsy.2bpp gfx/sprites/bugsy.png
/workspace/toolchains/rgbds-1.0.4/rgbgfx --colors dmg -Weverything -o gfx/sprites/morty.2bpp gfx/sprites/morty.png
/workspace/toolchains/rgbds-1.0.4/rgbgfx --colors dmg -Weverything -o gfx/sprites/chuck.2bpp gfx/sprites/chuck.png
/workspace/toolchains/rgbds-1.0.4/rgbgfx --colors dmg -Weverything -o gfx/sprites/jasmine.2bpp gfx/sprites/jasmine.png
/workspace/toolchains/rgbds-1.0.4/rgbgfx --colors dmg -Weverything -o gfx/sprites/pryce.2bpp gfx/sprites/pryce.png
/workspace/toolchains/rgbds-1.0.4/rgbgfx --colors dmg -Weverything -o gfx/sprites/clair.2bpp gfx/sprites/clair.png
/workspace/toolchains/rgbds-1.0.4/rgbgfx --colors dmg -Weverything -o gfx/sprites/brock.2bpp gfx/sprites/brock.png
/workspace/toolchains/rgbds-1.0.4/rgbgfx --colors dmg -Weverything -o gfx/sprites/karen.2bpp gfx/sprites/karen.png
/workspace/toolchains/rgbds-1.0.4/rgbgfx --colors dmg -Weverything -o gfx/sprites/bruno.2bpp gfx/sprites/bruno.png
/workspace/toolchains/rgbds-1.0.4/rgbgfx --colors dmg -Weverything -o gfx/sprites/misty.2bpp gfx/sprites/misty.png
/workspace/toolchains/rgbds-1.0.4/rgbgfx --colors dmg -Weverything -o gfx/sprites/lance.2bpp gfx/sprites/lance.png
/workspace/toolchains/rgbds-1.0.4/rgbgfx --colors dmg -Weverything -o gfx/sprites/surge.2bpp gfx/sprites/surge.png
/workspace/toolchains/rgbds-1.0.4/rgbgfx --colors dmg -Weverything -o gfx/sprites/erika.2bpp gfx/sprites/erika.png
/workspace/toolchains/rgbds-1.0.4/rgbgfx --colors dmg -Weverything -o gfx/sprites/koga.2bpp gfx/sprites/koga.png
/workspace/toolchains/rgbds-1.0.4/rgbgfx --colors dmg -Weverything -o gfx/sprites/sabrina.2bpp gfx/sprites/sabrina.png
/workspace/toolchains/rgbds-1.0.4/rgbgfx --colors dmg -Weverything -o gfx/sprites/cooltrainer_m.2bpp gfx/sprites/cooltrainer_m.png
/workspace/toolchains/rgbds-1.0.4/rgbgfx --colors dmg -Weverything -o gfx/sprites/cooltrainer_f.2bpp gfx/sprites/cooltrainer_f.png
/workspace/toolchains/rgbds-1.0.4/rgbgfx --colors dmg -Weverything -o gfx/sprites/bug_catcher.2bpp gfx/sprites/bug_catcher.png
/workspace/toolchains/rgbds-1.0.4/rgbgfx --colors dmg -Weverything -o gfx/sprites/twin.2bpp gfx/sprites/twin.png
/workspace/toolchains/rgbds-1.0.4/rgbgfx --colors dmg -Weverything -o gfx/sprites/youngster.2bpp gfx/sprites/youngster.png
/workspace/toolchains/rgbds-1.0.4/rgbgfx --colors dmg -Weverything -o gfx/sprites/lass.2bpp gfx/sprites/lass.png
/workspace/toolchains/rgbds-1.0.4/rgbgfx --colors dmg -Weverything -o gfx/sprites/teacher.2bpp gfx/sprites/teacher.png
/workspace/toolchains/rgbds-1.0.4/rgbgfx --colors dmg -Weverything -o gfx/sprites/beauty.2bpp gfx/sprites/beauty.png
/workspace/toolchains/rgbds-1.0.4/rgbgfx --colors dmg -Weverything -o gfx/sprites/super_nerd.2bpp gfx/sprites/super_nerd.png
/workspace/toolchains/rgbds-1.0.4/rgbgfx --colors dmg -Weverything -o gfx/sprites/rocker.2bpp gfx/sprites/rocker.png
/workspace/toolchains/rgbds-1.0.4/rgbgfx --colors dmg -Weverything -o gfx/sprites/pokefan_m.2bpp gfx/sprites/pokefan_m.png
/workspace/toolchains/rgbds-1.0.4/rgbgfx --colors dmg -Weverything -o gfx/sprites/pokefan_f.2bpp gfx/sprites/pokefan_f.png
/workspace/toolchains/rgbds-1.0.4/rgbgfx --colors dmg -Weverything -o gfx/sprites/gramps.2bpp gfx/sprites/gramps.png
/workspace/toolchains/rgbds-1.0.4/rgbgfx --colors dmg -Weverything -o gfx/sprites/granny.2bpp gfx/sprites/granny.png
/workspace/toolchains/rgbds-1.0.4/rgbgfx --colors dmg -Weverything -o gfx/sprites/swimmer_guy.2bpp gfx/sprites/swimmer_guy.png
/workspace/toolchains/rgbds-1.0.4/rgbgfx --colors dmg -Weverything -o gfx/sprites/swimmer_girl.2bpp gfx/sprites/swimmer_girl.png
/workspace/toolchains/rgbds-1.0.4/rgbgfx --colors dmg -Weverything -o gfx/sprites/big_snorlax.2bpp gfx/sprites/big_snorlax.png
/workspace/toolchains/rgbds-1.0.4/rgbgfx --colors dmg -Weverything -o gfx/sprites/surfing_pikachu.2bpp gfx/sprites/surfing_pikachu.png
/workspace/toolchains/rgbds-1.0.4/rgbgfx --colors dmg -Weverything -o gfx/sprites/rocket.2bpp gfx/sprites/rocket.png
/workspace/toolchains/rgbds-1.0.4/rgbgfx --colors dmg -Weverything -o gfx/sprites/rocket_girl.2bpp gfx/sprites/rocket_girl.png
/workspace/toolchains/rgbds-1.0.4/rgbgfx --colors dmg -Weverything -o gfx/sprites/nurse.2bpp gfx/sprites/nurse.png
/workspace/toolchains/rgbds-1.0.4/rgbgfx --colors dmg -Weverything -o gfx/sprites/link_receptionist.2bpp gfx/sprites/link_receptionist.png
/workspace/toolchains/rgbds-1.0.4/rgbgfx --colors dmg -Weverything -o gfx/sprites/clerk.2bpp gfx/sprites/clerk.png
/workspace/toolchains/rgbds-1.0.4/rgbgfx --colors dmg -Weverything -o gfx/sprites/fisher.2bpp gfx/sprites/fisher.png
/workspace/toolchains/rgbds-1.0.4/rgbgfx --colors dmg -Weverything -o gfx/sprites/fishing_guru.2bpp gfx/sprites/fishing_guru.png
/workspace/toolchains/rgbds-1.0.4/rgbgfx --colors dmg -Weverything -o gfx/sprites/scientist.2bpp gfx/sprites/scientist.png
/workspace/toolchains/rgbds-1.0.4/rgbgfx --colors dmg -Weverything -o gfx/sprites/kimono_girl.2bpp gfx/sprites/kimono_girl.png
/workspace/toolchains/rgbds-1.0.4/rgbgfx --colors dmg -Weverything -o gfx/sprites/sage.2bpp gfx/sprites/sage.png
/workspace/toolchains/rgbds-1.0.4/rgbgfx --colors dmg -Weverything -o gfx/sprites/unused_guy.2bpp gfx/sprites/unused_guy.png
/workspace/toolchains/rgbds-1.0.4/rgbgfx --colors dmg -Weverything -o gfx/sprites/gentleman.2bpp gfx/sprites/gentleman.png
/workspace/toolchains/rgbds-1.0.4/rgbgfx --colors dmg -Weverything -o gfx/sprites/black_belt.2bpp gfx/sprites/black_belt.png
/workspace/toolchains/rgbds-1.0.4/rgbgfx --colors dmg -Weverything -o gfx/sprites/receptionist.2bpp gfx/sprites/receptionist.png
/workspace/toolchains/rgbds-1.0.4/rgbgfx --colors dmg -Weverything -o gfx/sprites/officer.2bpp gfx/sprites/officer.png
/workspace/toolchains/rgbds-1.0.4/rgbgfx --colors dmg -Weverything -o gfx/sprites/cal.2bpp gfx/sprites/cal.png
/workspace/toolchains/rgbds-1.0.4/rgbgfx --colors dmg -Weverything -o gfx/sprites/slowpoke.2bpp gfx/sprites/slowpoke.png
/workspace/toolchains/rgbds-1.0.4/rgbgfx --colors dmg -Weverything -o gfx/sprites/captain.2bpp gfx/sprites/captain.png
/workspace/toolchains/rgbds-1.0.4/rgbgfx --colors dmg -Weverything -o gfx/sprites/big_lapras.2bpp gfx/sprites/big_lapras.png
/workspace/toolchains/rgbds-1.0.4/rgbgfx --colors dmg -Weverything -o gfx/sprites/gym_guide.2bpp gfx/sprites/gym_guide.png
/workspace/toolchains/rgbds-1.0.4/rgbgfx --colors dmg -Weverything -o gfx/sprites/sailor.2bpp gfx/sprites/sailor.png
/workspace/toolchains/rgbds-1.0.4/rgbgfx --colors dmg -Weverything -o gfx/sprites/biker.2bpp gfx/sprites/biker.png
/workspace/toolchains/rgbds-1.0.4/rgbgfx --colors dmg -Weverything -o gfx/sprites/pharmacist.2bpp gfx/sprites/pharmacist.png
/workspace/toolchains/rgbds-1.0.4/rgbgfx --colors dmg -Weverything -o gfx/sprites/monster.2bpp gfx/sprites/monster.png
/workspace/toolchains/rgbds-1.0.4/rgbgfx --colors dmg -Weverything -o gfx/sprites/fairy.2bpp gfx/sprites/fairy.png
/workspace/toolchains/rgbds-1.0.4/rgbgfx --colors dmg -Weverything -o gfx/sprites/bird.2bpp gfx/sprites/bird.png
/workspace/toolchains/rgbds-1.0.4/rgbgfx --colors dmg -Weverything -o gfx/sprites/dragon.2bpp gfx/sprites/dragon.png
/workspace/toolchains/rgbds-1.0.4/rgbgfx --colors dmg -Weverything -o gfx/sprites/big_onix.2bpp gfx/sprites/big_onix.png
/workspace/toolchains/rgbds-1.0.4/rgbgfx --colors dmg -Weverything -o gfx/sprites/n64.2bpp gfx/sprites/n64.png
/workspace/toolchains/rgbds-1.0.4/rgbgfx --colors dmg -Weverything -o gfx/sprites/sudowoodo.2bpp gfx/sprites/sudowoodo.png
/workspace/toolchains/rgbds-1.0.4/rgbgfx --colors dmg -Weverything -o gfx/sprites/surf.2bpp gfx/sprites/surf.png
tools/gfx --remove-whitespace --remove-xflip -o gfx/sprites/big_onix.2bpp gfx/sprites/big_onix.2bpp || $(rm -f gfx/sprites/big_onix.2bpp && false)
/workspace/toolchains/rgbds-1.0.4/rgbgfx --colors dmg -Weverything -o gfx/sprites/poke_ball.2bpp gfx/sprites/poke_ball.png
/workspace/toolchains/rgbds-1.0.4/rgbgfx --colors dmg -Weverything -o gfx/sprites/pokedex.2bpp gfx/sprites/pokedex.png
/workspace/toolchains/rgbds-1.0.4/rgbgfx --colors dmg -Weverything -o gfx/sprites/paper.2bpp gfx/sprites/paper.png
/workspace/toolchains/rgbds-1.0.4/rgbgfx --colors dmg -Weverything -o gfx/sprites/virtual_boy.2bpp gfx/sprites/virtual_boy.png
/workspace/toolchains/rgbds-1.0.4/rgbgfx --colors dmg -Weverything -o gfx/sprites/old_link_receptionist.2bpp gfx/sprites/old_link_receptionist.png
/workspace/toolchains/rgbds-1.0.4/rgbgfx --colors dmg -Weverything -o gfx/sprites/rock.2bpp gfx/sprites/rock.png
/workspace/toolchains/rgbds-1.0.4/rgbgfx --colors dmg -Weverything -o gfx/sprites/boulder.2bpp gfx/sprites/boulder.png
/workspace/toolchains/rgbds-1.0.4/rgbgfx --colors dmg -Weverything -o gfx/sprites/snes.2bpp gfx/sprites/snes.png
/workspace/toolchains/rgbds-1.0.4/rgbgfx --colors dmg -Weverything -o gfx/sprites/famicom.2bpp gfx/sprites/famicom.png
/workspace/toolchains/rgbds-1.0.4/rgbgfx --colors dmg -Weverything -o gfx/sprites/fruit_tree.2bpp gfx/sprites/fruit_tree.png
/workspace/toolchains/rgbds-1.0.4/rgbgfx --colors dmg -Weverything -o gfx/sprites/gold_trophy.2bpp gfx/sprites/gold_trophy.png
/workspace/toolchains/rgbds-1.0.4/rgbgfx --colors dmg -Weverything -o gfx/sprites/silver_trophy.2bpp gfx/sprites/silver_trophy.png
/workspace/toolchains/rgbds-1.0.4/rgbgfx --colors dmg -Weverything -o gfx/sprites/kris.2bpp gfx/sprites/kris.png
/workspace/toolchains/rgbds-1.0.4/rgbgfx --colors dmg -Weverything -o gfx/sprites/kris_bike.2bpp gfx/sprites/kris_bike.png
/workspace/toolchains/rgbds-1.0.4/rgbgfx --colors dmg -Weverything -o gfx/sprites/kurt_outside.2bpp gfx/sprites/kurt_outside.png
/workspace/toolchains/rgbds-1.0.4/rgbgfx --colors dmg -Weverything -o gfx/sprites/suicune.2bpp gfx/sprites/suicune.png
/workspace/toolchains/rgbds-1.0.4/rgbgfx --colors dmg -Weverything -o gfx/sprites/entei.2bpp gfx/sprites/entei.png
/workspace/toolchains/rgbds-1.0.4/rgbgfx --colors dmg -Weverything -o gfx/sprites/raikou.2bpp gfx/sprites/raikou.png
/workspace/toolchains/rgbds-1.0.4/rgbgfx --colors dmg -Weverything -o gfx/sprites/standing_youngster.2bpp gfx/sprites/standing_youngster.png
/workspace/toolchains/rgbds-1.0.4/rgbgfx --colors dmg -Weverything -o gfx/sprites/peon_thrall.2bpp gfx/sprites/peon_thrall.png
/workspace/toolchains/rgbds-1.0.4/rgbgfx --colors dmg -Weverything -o gfx/sprites/peon_kento.2bpp gfx/sprites/peon_kento.png
/workspace/toolchains/rgbds-1.0.4/rgbgfx --colors dmg -Weverything -o gfx/sprites/peon_warrior.2bpp gfx/sprites/peon_warrior.png
/workspace/toolchains/rgbds-1.0.4/rgbgfx --colors dmg -Weverything -o gfx/sprites/peon_warlock.2bpp gfx/sprites/peon_warlock.png
/workspace/toolchains/rgbds-1.0.4/rgbgfx --colors dmg -Weverything -o gfx/sprites/peon_hunter.2bpp gfx/sprites/peon_hunter.png
/workspace/toolchains/rgbds-1.0.4/rgbgfx --colors dmg -Weverything -o gfx/sprites/peon_boar.2bpp gfx/sprites/peon_boar.png
/workspace/toolchains/rgbds-1.0.4/rgbgfx --colors dmg -Weverything -o gfx/sprites/peon_quest_marker.2bpp gfx/sprites/peon_quest_marker.png
/workspace/toolchains/rgbds-1.0.4/rgbgfx --colors dmg -Weverything -o gfx/sprites/peon_sleeping.2bpp gfx/sprites/peon_sleeping.png
/workspace/toolchains/rgbds-1.0.4/rgbgfx --colors dmg -Weverything -o gfx/sprites/peon_gornek.2bpp gfx/sprites/peon_gornek.png
/workspace/toolchains/rgbds-1.0.4/rgbgfx --colors dmg -Weverything -o gfx/sprites/peon_scorpid.2bpp gfx/sprites/peon_scorpid.png
/workspace/toolchains/rgbds-1.0.4/rgbgfx --colors dmg -Weverything -o gfx/sprites/peon_naming.2bpp gfx/sprites/peon_naming.png
/workspace/toolchains/rgbds-1.0.4/rgbgfx --colors dmg -Weverything -o gfx/sprites/peon_imp.2bpp gfx/sprites/peon_imp.png
/workspace/toolchains/rgbds-1.0.4/rgbgfx --colors dmg -Weverything -o gfx/sprites/peon_troll_guard.2bpp gfx/sprites/peon_troll_guard.png
/workspace/toolchains/rgbds-1.0.4/rgbgfx --colors dmg -Weverything -o gfx/sprites/peon_troll_fisher.2bpp gfx/sprites/peon_troll_fisher.png
/workspace/toolchains/rgbds-1.0.4/rgbgfx --colors dmg -Weverything -o gfx/sprites/peon_troll_caster.2bpp gfx/sprites/peon_troll_caster.png
/workspace/toolchains/rgbds-1.0.4/rgbgfx --colors dmg -Weverything -o gfx/sprites/peon_orc_guard.2bpp gfx/sprites/peon_orc_guard.png
/workspace/toolchains/rgbds-1.0.4/rgbgfx --colors dmg -Weverything -o gfx/sprites/peon_orc_vendor.2bpp gfx/sprites/peon_orc_vendor.png
/workspace/toolchains/rgbds-1.0.4/rgbgfx --colors dmg -Weverything -o gfx/sprites/peon_orc_questgiver.2bpp gfx/sprites/peon_orc_questgiver.png
/workspace/toolchains/rgbds-1.0.4/rgbgfx --colors dmg -Weverything -o gfx/sprites/peon_tiger.2bpp gfx/sprites/peon_tiger.png
/workspace/toolchains/rgbds-1.0.4/rgbgfx --colors dmg -Weverything -o gfx/sprites/peon_raptor.2bpp gfx/sprites/peon_raptor.png
/workspace/toolchains/rgbds-1.0.4/rgbgfx --colors dmg -Weverything -o gfx/sprites/peon_crawler.2bpp gfx/sprites/peon_crawler.png
/workspace/toolchains/rgbds-1.0.4/rgbgfx --colors dmg -Weverything -o gfx/sprites/peon_harpy.2bpp gfx/sprites/peon_harpy.png
/workspace/toolchains/rgbds-1.0.4/rgbgfx --colors dmg -Weverything -o gfx/sprites/peon_felstalker.2bpp gfx/sprites/peon_felstalker.png
/workspace/toolchains/rgbds-1.0.4/rgbgfx --colors dmg -Weverything -o gfx/sprites/peon_cultist.2bpp gfx/sprites/peon_cultist.png
/workspace/toolchains/rgbds-1.0.4/rgbgfx --colors dmg -Weverything -o gfx/sprites/peon_yarrog.2bpp gfx/sprites/peon_yarrog.png
/workspace/toolchains/rgbds-1.0.4/rgbgfx --colors dmg -Weverything -o gfx/sprites/peon_sarkoth.2bpp gfx/sprites/peon_sarkoth.png
/workspace/toolchains/rgbds-1.0.4/rgbgfx --colors dmg -Weverything -o gfx/sprites/peon_innkeeper.2bpp gfx/sprites/peon_innkeeper.png
/workspace/toolchains/rgbds-1.0.4/rgbgfx --colors dmg -Weverything -o gfx/tilesets/peon.2bpp gfx/tilesets/peon.png
/workspace/toolchains/rgbds-1.0.4/rgbgfx --colors dmg -Weverything -o gfx/tilesets/kanto.2bpp gfx/tilesets/kanto.png
/workspace/toolchains/rgbds-1.0.4/rgbgfx --colors dmg -Weverything -o gfx/tilesets/johto.2bpp gfx/tilesets/johto.png
/workspace/toolchains/rgbds-1.0.4/rgbgfx --colors dmg -Weverything -o gfx/tilesets/ice_path.2bpp gfx/tilesets/ice_path.png
/workspace/toolchains/rgbds-1.0.4/rgbgfx --colors dmg -Weverything -o gfx/tilesets/players_room.2bpp gfx/tilesets/players_room.png
/workspace/toolchains/rgbds-1.0.4/rgbgfx --colors dmg -Weverything -o gfx/tilesets/pokecenter.2bpp gfx/tilesets/pokecenter.png
/workspace/toolchains/rgbds-1.0.4/rgbgfx --colors dmg -Weverything -o gfx/tilesets/port.2bpp gfx/tilesets/port.png
/workspace/toolchains/rgbds-1.0.4/rgbgfx --colors dmg -Weverything -o gfx/tilesets/players_house.2bpp gfx/tilesets/players_house.png
/workspace/toolchains/rgbds-1.0.4/rgbgfx --colors dmg -Weverything -o gfx/tilesets/mansion.2bpp gfx/tilesets/mansion.png
/workspace/toolchains/rgbds-1.0.4/rgbgfx --colors dmg -Weverything -o gfx/tilesets/cave.2bpp gfx/tilesets/cave.png
/workspace/toolchains/rgbds-1.0.4/rgbgfx --colors dmg -Weverything -o gfx/tilesets/tower.2bpp gfx/tilesets/tower.png
/workspace/toolchains/rgbds-1.0.4/rgbgfx --colors dmg -Weverything -o gfx/tilesets/lab.2bpp gfx/tilesets/lab.png
/workspace/toolchains/rgbds-1.0.4/rgbgfx --colors dmg -Weverything -o gfx/tilesets/mart.2bpp gfx/tilesets/mart.png
/workspace/toolchains/rgbds-1.0.4/rgbgfx --colors dmg -Weverything -o gfx/tilesets/game_corner.2bpp gfx/tilesets/game_corner.png
/workspace/toolchains/rgbds-1.0.4/rgbgfx --colors dmg -Weverything -o gfx/tilesets/train_station.2bpp gfx/tilesets/train_station.png
/workspace/toolchains/rgbds-1.0.4/rgbgfx --colors dmg -Weverything -o gfx/tilesets/elite_four_room.2bpp gfx/tilesets/elite_four_room.png
/workspace/toolchains/rgbds-1.0.4/rgbgfx --colors dmg -Weverything -o gfx/tilesets/park.2bpp gfx/tilesets/park.png
/workspace/toolchains/rgbds-1.0.4/rgbgfx --colors dmg -Weverything -o gfx/tilesets/radio_tower.2bpp gfx/tilesets/radio_tower.png
/workspace/toolchains/rgbds-1.0.4/rgbgfx --colors dmg -Weverything -o gfx/tilesets/underground.2bpp gfx/tilesets/underground.png
/workspace/toolchains/rgbds-1.0.4/rgbgfx --colors dmg -Weverything -o gfx/tilesets/dark_cave.2bpp gfx/tilesets/dark_cave.png
/workspace/toolchains/rgbds-1.0.4/rgbgfx --colors dmg -Weverything -o gfx/tilesets/pokecom_center.2bpp gfx/tilesets/pokecom_center.png
/workspace/toolchains/rgbds-1.0.4/rgbgfx --colors dmg -Weverything -o gfx/tilesets/battle_tower_inside.2bpp gfx/tilesets/battle_tower_inside.png
/workspace/toolchains/rgbds-1.0.4/rgbgfx --colors dmg -Weverything -o gfx/tilesets/gate.2bpp gfx/tilesets/gate.png
/workspace/toolchains/rgbds-1.0.4/rgbgfx --colors dmg -Weverything -o gfx/tilesets/johto_modern.2bpp gfx/tilesets/johto_modern.png
/workspace/toolchains/rgbds-1.0.4/rgbgfx --colors dmg -Weverything -o gfx/tilesets/traditional_house.2bpp gfx/tilesets/traditional_house.png
/workspace/toolchains/rgbds-1.0.4/rgbgfx --colors dmg -Weverything -o gfx/tilesets/forest.2bpp gfx/tilesets/forest.png
/workspace/toolchains/rgbds-1.0.4/rgbgfx --colors dmg -Weverything -o gfx/tilesets/champions_room.2bpp gfx/tilesets/champions_room.png
/workspace/toolchains/rgbds-1.0.4/rgbgfx --colors dmg -Weverything -o gfx/tilesets/house.2bpp gfx/tilesets/house.png
/workspace/toolchains/rgbds-1.0.4/rgbgfx --colors dmg -Weverything -o gfx/tilesets/lighthouse.2bpp gfx/tilesets/lighthouse.png
/workspace/toolchains/rgbds-1.0.4/rgbgfx --colors dmg -Weverything -o gfx/tilesets/facility.2bpp gfx/tilesets/facility.png
/workspace/toolchains/rgbds-1.0.4/rgbgfx --colors dmg -Weverything -o gfx/tilesets/ruins_of_alph.2bpp gfx/tilesets/ruins_of_alph.png
/workspace/toolchains/rgbds-1.0.4/rgbasm -Weverything -Wtruncation=1 -Q8 -P includes.asm  -o lib/mobile/main.o lib/mobile/main.asm
/workspace/toolchains/rgbds-1.0.4/rgbasm -Weverything -Wtruncation=1 -Q8 -P includes.asm  -o lib/mobile/mail.o lib/mobile/mail.asm
tools/pokemon_animation_graphics -t gfx/pokemon/dewgong/front.animated.tilemap gfx/pokemon/dewgong/front.2bpp gfx/pokemon/dewgong/front.dimensions
tools/pokemon_animation_graphics -t gfx/pokemon/lugia/front.animated.tilemap gfx/pokemon/lugia/front.2bpp gfx/pokemon/lugia/front.dimensions
/workspace/toolchains/rgbds-1.0.4/rgbasm -Weverything -Wtruncation=1 -Q8 -P includes.asm  -o audio.o audio.asm
/workspace/toolchains/rgbds-1.0.4/rgbasm -Weverything -Wtruncation=1 -Q8 -P includes.asm  -o home.o home.asm
cat gfx/trade/game_boy.2bpp gfx/trade/link_cable.2bpp > gfx/trade/game_boy_cable.2bpp
tools/lzcompress --matching --prefer-alternate --align 1 -- gfx/pokedex/pokedex.2bpp gfx/pokedex/pokedex.2bpp.lz
tools/lzcompress --matching --literal-only --align 1 -- gfx/sgb/gbc_only.2bpp gfx/sgb/gbc_only.2bpp.lz
tools/lzcompress --matching --odd-alternate --align 4 -- gfx/battle_anims/hit.2bpp gfx/battle_anims/hit.2bpp.lz
tools/lzcompress --matching --odd-alternate --align 4 -- gfx/battle_anims/cut.2bpp gfx/battle_anims/cut.2bpp.lz
tools/lzcompress --matching --odd-alternate --align 4 -- gfx/battle_anims/fire.2bpp gfx/battle_anims/fire.2bpp.lz
tools/lzcompress --matching --odd-alternate --align 4 -- gfx/battle_anims/water.2bpp gfx/battle_anims/water.2bpp.lz
tools/lzcompress --matching --odd-alternate --align 4 -- gfx/battle_anims/lightning.2bpp gfx/battle_anims/lightning.2bpp.lz
tools/lzcompress --matching --odd-alternate --align 4 -- gfx/battle_anims/smoke.2bpp gfx/battle_anims/smoke.2bpp.lz
tools/lzcompress --matching --odd-alternate --align 4 -- gfx/battle_anims/explosion.2bpp gfx/battle_anims/explosion.2bpp.lz
tools/lzcompress --matching --odd-alternate --align 4 -- gfx/battle_anims/ice.2bpp gfx/battle_anims/ice.2bpp.lz
tools/lzcompress --matching --odd-alternate --align 4 -- gfx/battle_anims/rocks.2bpp gfx/battle_anims/rocks.2bpp.lz
tools/lzcompress --matching --odd-alternate --align 4 -- gfx/battle_anims/poison.2bpp gfx/battle_anims/poison.2bpp.lz
tools/lzcompress --matching --odd-alternate --align 4 -- gfx/battle_anims/plant.2bpp gfx/battle_anims/plant.2bpp.lz
tools/lzcompress --matching --odd-alternate --align 4 -- gfx/battle_anims/pokeball.2bpp gfx/battle_anims/pokeball.2bpp.lz
tools/lzcompress --matching --odd-alternate --align 4 -- gfx/battle_anims/bubble.2bpp gfx/battle_anims/bubble.2bpp.lz
tools/lzcompress --matching --odd-alternate --align 4 -- gfx/battle_anims/noise.2bpp gfx/battle_anims/noise.2bpp.lz
tools/lzcompress --matching --odd-alternate --align 4 -- gfx/battle_anims/reflect.2bpp gfx/battle_anims/reflect.2bpp.lz
tools/lzcompress --matching --odd-alternate --align 4 -- gfx/battle_anims/powder.2bpp gfx/battle_anims/powder.2bpp.lz
tools/lzcompress --matching --odd-alternate --align 4 -- gfx/battle_anims/beam.2bpp gfx/battle_anims/beam.2bpp.lz
tools/lzcompress --matching --odd-alternate --align 4 -- gfx/battle_anims/speed.2bpp gfx/battle_anims/speed.2bpp.lz
tools/lzcompress --matching --odd-alternate --align 4 -- gfx/battle_anims/charge.2bpp gfx/battle_anims/charge.2bpp.lz
tools/lzcompress --matching --odd-alternate --align 4 -- gfx/battle_anims/wind.2bpp gfx/battle_anims/wind.2bpp.lz
tools/lzcompress --matching --odd-alternate --align 4 -- gfx/battle_anims/whip.2bpp gfx/battle_anims/whip.2bpp.lz
tools/lzcompress --matching --odd-alternate --align 4 -- gfx/battle_anims/rope.2bpp gfx/battle_anims/rope.2bpp.lz
tools/lzcompress --matching --odd-alternate --align 4 -- gfx/battle_anims/egg.2bpp gfx/battle_anims/egg.2bpp.lz
tools/lzcompress --matching --odd-alternate --align 4 -- gfx/battle_anims/psychic.2bpp gfx/battle_anims/psychic.2bpp.lz
tools/lzcompress --matching --odd-alternate --align 4 -- gfx/battle_anims/sand.2bpp gfx/battle_anims/sand.2bpp.lz
tools/lzcompress --matching --odd-alternate --align 4 -- gfx/battle_anims/web.2bpp gfx/battle_anims/web.2bpp.lz
tools/lzcompress --matching --odd-alternate --align 4 -- gfx/battle_anims/haze.2bpp gfx/battle_anims/haze.2bpp.lz
tools/lzcompress --matching --odd-alternate --align 4 -- gfx/battle_anims/horn.2bpp gfx/battle_anims/horn.2bpp.lz
tools/lzcompress --matching --odd-alternate --align 4 -- gfx/battle_anims/flower.2bpp gfx/battle_anims/flower.2bpp.lz
tools/lzcompress --matching --odd-alternate --align 4 -- gfx/battle_anims/misc.2bpp gfx/battle_anims/misc.2bpp.lz
tools/lzcompress --matching --odd-alternate --align 4 -- gfx/battle_anims/skyattack.2bpp gfx/battle_anims/skyattack.2bpp.lz
tools/lzcompress --matching --odd-alternate --align 4 -- gfx/battle_anims/globe.2bpp gfx/battle_anims/globe.2bpp.lz
tools/lzcompress --matching --odd-alternate --align 4 -- gfx/battle_anims/shapes.2bpp gfx/battle_anims/shapes.2bpp.lz
tools/lzcompress --matching --odd-alternate --align 4 -- gfx/battle_anims/status.2bpp gfx/battle_anims/status.2bpp.lz
tools/lzcompress --matching --odd-alternate --align 4 -- gfx/battle_anims/objects.2bpp gfx/battle_anims/objects.2bpp.lz
tools/lzcompress --matching --odd-alternate --align 4 -- gfx/battle_anims/shine.2bpp gfx/battle_anims/shine.2bpp.lz
tools/lzcompress --matching --odd-alternate --align 4 -- gfx/battle_anims/angels.2bpp gfx/battle_anims/angels.2bpp.lz
tools/lzcompress --matching --odd-alternate --align 4 -- gfx/battle_anims/wave.2bpp gfx/battle_anims/wave.2bpp.lz
tools/lzcompress --matching --odd-alternate --align 4 -- gfx/battle_anims/aeroblast.2bpp gfx/battle_anims/aeroblast.2bpp.lz
tools/lzcompress --matching --odd-alternate --align 4 -- gfx/battle_anims/peon_nature.2bpp gfx/battle_anims/peon_nature.2bpp.lz
tools/lzcompress --matching --align 4 -- gfx/pokegear/pokegear_sprites.2bpp gfx/pokegear/pokegear_sprites.2bpp.lz
tools/lzcompress --matching --odd-alternate --align 4 -- gfx/slots/slots_1.2bpp gfx/slots/slots_1.2bpp.lz
tools/lzcompress --matching --align 4 -- gfx/slots/slots_2.2bpp gfx/slots/slots_2.2bpp.lz
tools/lzcompress --matching --align 4 -- gfx/slots/slots_3.2bpp gfx/slots/slots_3.2bpp.lz
tools/pokemon_animation_graphics -t gfx/pokemon/bulbasaur/front.animated.tilemap gfx/pokemon/bulbasaur/front.2bpp gfx/pokemon/bulbasaur/front.dimensions
tools/pokemon_animation_graphics -t gfx/pokemon/ivysaur/front.animated.tilemap gfx/pokemon/ivysaur/front.2bpp gfx/pokemon/ivysaur/front.dimensions
tools/pokemon_animation_graphics -t gfx/pokemon/venusaur/front.animated.tilemap gfx/pokemon/venusaur/front.2bpp gfx/pokemon/venusaur/front.dimensions
tools/pokemon_animation_graphics -t gfx/pokemon/charmander/front.animated.tilemap gfx/pokemon/charmander/front.2bpp gfx/pokemon/charmander/front.dimensions
tools/pokemon_animation_graphics -t gfx/pokemon/charmeleon/front.animated.tilemap gfx/pokemon/charmeleon/front.2bpp gfx/pokemon/charmeleon/front.dimensions
tools/pokemon_animation_graphics -t gfx/pokemon/charizard/front.animated.tilemap gfx/pokemon/charizard/front.2bpp gfx/pokemon/charizard/front.dimensions
tools/pokemon_animation_graphics -t gfx/pokemon/squirtle/front.animated.tilemap gfx/pokemon/squirtle/front.2bpp gfx/pokemon/squirtle/front.dimensions
tools/pokemon_animation_graphics -t gfx/pokemon/wartortle/front.animated.tilemap gfx/pokemon/wartortle/front.2bpp gfx/pokemon/wartortle/front.dimensions
tools/pokemon_animation_graphics -t gfx/pokemon/blastoise/front.animated.tilemap gfx/pokemon/blastoise/front.2bpp gfx/pokemon/blastoise/front.dimensions
tools/pokemon_animation_graphics -t gfx/pokemon/caterpie/front.animated.tilemap gfx/pokemon/caterpie/front.2bpp gfx/pokemon/caterpie/front.dimensions
tools/pokemon_animation_graphics -t gfx/pokemon/metapod/front.animated.tilemap gfx/pokemon/metapod/front.2bpp gfx/pokemon/metapod/front.dimensions
tools/pokemon_animation_graphics -t gfx/pokemon/butterfree/front.animated.tilemap gfx/pokemon/butterfree/front.2bpp gfx/pokemon/butterfree/front.dimensions
tools/pokemon_animation_graphics -t gfx/pokemon/weedle/front.animated.tilemap gfx/pokemon/weedle/front.2bpp gfx/pokemon/weedle/front.dimensions
tools/pokemon_animation_graphics -t gfx/pokemon/kakuna/front.animated.tilemap gfx/pokemon/kakuna/front.2bpp gfx/pokemon/kakuna/front.dimensions
tools/pokemon_animation_graphics -t gfx/pokemon/beedrill/front.animated.tilemap gfx/pokemon/beedrill/front.2bpp gfx/pokemon/beedrill/front.dimensions
tools/pokemon_animation_graphics -t gfx/pokemon/pidgey/front.animated.tilemap gfx/pokemon/pidgey/front.2bpp gfx/pokemon/pidgey/front.dimensions
tools/pokemon_animation_graphics -t gfx/pokemon/pidgeotto/front.animated.tilemap gfx/pokemon/pidgeotto/front.2bpp gfx/pokemon/pidgeotto/front.dimensions
tools/pokemon_animation_graphics -t gfx/pokemon/pidgeot/front.animated.tilemap gfx/pokemon/pidgeot/front.2bpp gfx/pokemon/pidgeot/front.dimensions
tools/pokemon_animation_graphics -t gfx/pokemon/rattata/front.animated.tilemap gfx/pokemon/rattata/front.2bpp gfx/pokemon/rattata/front.dimensions
tools/pokemon_animation_graphics -t gfx/pokemon/raticate/front.animated.tilemap gfx/pokemon/raticate/front.2bpp gfx/pokemon/raticate/front.dimensions
tools/pokemon_animation_graphics -t gfx/pokemon/spearow/front.animated.tilemap gfx/pokemon/spearow/front.2bpp gfx/pokemon/spearow/front.dimensions
tools/pokemon_animation_graphics -t gfx/pokemon/fearow/front.animated.tilemap gfx/pokemon/fearow/front.2bpp gfx/pokemon/fearow/front.dimensions
tools/pokemon_animation_graphics -t gfx/pokemon/ekans/front.animated.tilemap gfx/pokemon/ekans/front.2bpp gfx/pokemon/ekans/front.dimensions
tools/pokemon_animation_graphics -t gfx/pokemon/arbok/front.animated.tilemap gfx/pokemon/arbok/front.2bpp gfx/pokemon/arbok/front.dimensions
tools/pokemon_animation_graphics -t gfx/pokemon/pikachu/front.animated.tilemap gfx/pokemon/pikachu/front.2bpp gfx/pokemon/pikachu/front.dimensions
tools/pokemon_animation_graphics -t gfx/pokemon/raichu/front.animated.tilemap gfx/pokemon/raichu/front.2bpp gfx/pokemon/raichu/front.dimensions
tools/pokemon_animation_graphics -t gfx/pokemon/sandshrew/front.animated.tilemap gfx/pokemon/sandshrew/front.2bpp gfx/pokemon/sandshrew/front.dimensions
tools/pokemon_animation_graphics -t gfx/pokemon/sandslash/front.animated.tilemap gfx/pokemon/sandslash/front.2bpp gfx/pokemon/sandslash/front.dimensions
tools/pokemon_animation_graphics -t gfx/pokemon/nidoran_f/front.animated.tilemap gfx/pokemon/nidoran_f/front.2bpp gfx/pokemon/nidoran_f/front.dimensions
tools/pokemon_animation_graphics -t gfx/pokemon/nidorina/front.animated.tilemap gfx/pokemon/nidorina/front.2bpp gfx/pokemon/nidorina/front.dimensions
tools/pokemon_animation_graphics -t gfx/pokemon/nidoqueen/front.animated.tilemap gfx/pokemon/nidoqueen/front.2bpp gfx/pokemon/nidoqueen/front.dimensions
tools/pokemon_animation_graphics -t gfx/pokemon/nidoran_m/front.animated.tilemap gfx/pokemon/nidoran_m/front.2bpp gfx/pokemon/nidoran_m/front.dimensions
tools/pokemon_animation_graphics -t gfx/pokemon/nidorino/front.animated.tilemap gfx/pokemon/nidorino/front.2bpp gfx/pokemon/nidorino/front.dimensions
tools/pokemon_animation_graphics -t gfx/pokemon/nidoking/front.animated.tilemap gfx/pokemon/nidoking/front.2bpp gfx/pokemon/nidoking/front.dimensions
tools/pokemon_animation_graphics -t gfx/pokemon/clefairy/front.animated.tilemap gfx/pokemon/clefairy/front.2bpp gfx/pokemon/clefairy/front.dimensions
tools/pokemon_animation_graphics -t gfx/pokemon/clefable/front.animated.tilemap gfx/pokemon/clefable/front.2bpp gfx/pokemon/clefable/front.dimensions
tools/pokemon_animation_graphics -t gfx/pokemon/vulpix/front.animated.tilemap gfx/pokemon/vulpix/front.2bpp gfx/pokemon/vulpix/front.dimensions
tools/pokemon_animation_graphics -t gfx/pokemon/ninetales/front.animated.tilemap gfx/pokemon/ninetales/front.2bpp gfx/pokemon/ninetales/front.dimensions
tools/pokemon_animation_graphics -t gfx/pokemon/jigglypuff/front.animated.tilemap gfx/pokemon/jigglypuff/front.2bpp gfx/pokemon/jigglypuff/front.dimensions
tools/pokemon_animation_graphics -t gfx/pokemon/wigglytuff/front.animated.tilemap gfx/pokemon/wigglytuff/front.2bpp gfx/pokemon/wigglytuff/front.dimensions
tools/pokemon_animation_graphics -t gfx/pokemon/zubat/front.animated.tilemap gfx/pokemon/zubat/front.2bpp gfx/pokemon/zubat/front.dimensions
tools/pokemon_animation_graphics -t gfx/pokemon/golbat/front.animated.tilemap gfx/pokemon/golbat/front.2bpp gfx/pokemon/golbat/front.dimensions
tools/pokemon_animation_graphics -t gfx/pokemon/oddish/front.animated.tilemap gfx/pokemon/oddish/front.2bpp gfx/pokemon/oddish/front.dimensions
tools/pokemon_animation_graphics -t gfx/pokemon/gloom/front.animated.tilemap gfx/pokemon/gloom/front.2bpp gfx/pokemon/gloom/front.dimensions
tools/pokemon_animation_graphics -t gfx/pokemon/vileplume/front.animated.tilemap gfx/pokemon/vileplume/front.2bpp gfx/pokemon/vileplume/front.dimensions
tools/pokemon_animation_graphics -t gfx/pokemon/paras/front.animated.tilemap gfx/pokemon/paras/front.2bpp gfx/pokemon/paras/front.dimensions
tools/pokemon_animation_graphics -t gfx/pokemon/parasect/front.animated.tilemap gfx/pokemon/parasect/front.2bpp gfx/pokemon/parasect/front.dimensions
tools/pokemon_animation_graphics -t gfx/pokemon/venonat/front.animated.tilemap gfx/pokemon/venonat/front.2bpp gfx/pokemon/venonat/front.dimensions
tools/pokemon_animation_graphics -t gfx/pokemon/venomoth/front.animated.tilemap gfx/pokemon/venomoth/front.2bpp gfx/pokemon/venomoth/front.dimensions
tools/pokemon_animation_graphics -t gfx/pokemon/diglett/front.animated.tilemap gfx/pokemon/diglett/front.2bpp gfx/pokemon/diglett/front.dimensions
tools/pokemon_animation_graphics -t gfx/pokemon/dugtrio/front.animated.tilemap gfx/pokemon/dugtrio/front.2bpp gfx/pokemon/dugtrio/front.dimensions
tools/pokemon_animation_graphics -t gfx/pokemon/meowth/front.animated.tilemap gfx/pokemon/meowth/front.2bpp gfx/pokemon/meowth/front.dimensions
tools/pokemon_animation_graphics -t gfx/pokemon/persian/front.animated.tilemap gfx/pokemon/persian/front.2bpp gfx/pokemon/persian/front.dimensions
tools/pokemon_animation_graphics -t gfx/pokemon/psyduck/front.animated.tilemap gfx/pokemon/psyduck/front.2bpp gfx/pokemon/psyduck/front.dimensions
tools/pokemon_animation_graphics -t gfx/pokemon/golduck/front.animated.tilemap gfx/pokemon/golduck/front.2bpp gfx/pokemon/golduck/front.dimensions
tools/pokemon_animation_graphics -t gfx/pokemon/mankey/front.animated.tilemap gfx/pokemon/mankey/front.2bpp gfx/pokemon/mankey/front.dimensions
tools/pokemon_animation_graphics -t gfx/pokemon/primeape/front.animated.tilemap gfx/pokemon/primeape/front.2bpp gfx/pokemon/primeape/front.dimensions
tools/pokemon_animation_graphics -t gfx/pokemon/growlithe/front.animated.tilemap gfx/pokemon/growlithe/front.2bpp gfx/pokemon/growlithe/front.dimensions
tools/pokemon_animation_graphics -t gfx/pokemon/arcanine/front.animated.tilemap gfx/pokemon/arcanine/front.2bpp gfx/pokemon/arcanine/front.dimensions
tools/pokemon_animation_graphics -t gfx/pokemon/poliwag/front.animated.tilemap gfx/pokemon/poliwag/front.2bpp gfx/pokemon/poliwag/front.dimensions
tools/pokemon_animation_graphics -t gfx/pokemon/poliwhirl/front.animated.tilemap gfx/pokemon/poliwhirl/front.2bpp gfx/pokemon/poliwhirl/front.dimensions
tools/pokemon_animation_graphics -t gfx/pokemon/poliwrath/front.animated.tilemap gfx/pokemon/poliwrath/front.2bpp gfx/pokemon/poliwrath/front.dimensions
tools/pokemon_animation_graphics -t gfx/pokemon/abra/front.animated.tilemap gfx/pokemon/abra/front.2bpp gfx/pokemon/abra/front.dimensions
tools/pokemon_animation_graphics -t gfx/pokemon/kadabra/front.animated.tilemap gfx/pokemon/kadabra/front.2bpp gfx/pokemon/kadabra/front.dimensions
tools/pokemon_animation_graphics -t gfx/pokemon/alakazam/front.animated.tilemap gfx/pokemon/alakazam/front.2bpp gfx/pokemon/alakazam/front.dimensions
tools/pokemon_animation -b gfx/pokemon/machop/front.animated.tilemap gfx/pokemon/machop/front.dimensions > gfx/pokemon/machop/bitmask.asm
tools/pokemon_animation_graphics -t gfx/pokemon/machoke/front.animated.tilemap gfx/pokemon/machoke/front.2bpp gfx/pokemon/machoke/front.dimensions
tools/pokemon_animation_graphics -t gfx/pokemon/machamp/front.animated.tilemap gfx/pokemon/machamp/front.2bpp gfx/pokemon/machamp/front.dimensions
tools/pokemon_animation_graphics -t gfx/pokemon/bellsprout/front.animated.tilemap gfx/pokemon/bellsprout/front.2bpp gfx/pokemon/bellsprout/front.dimensions
tools/pokemon_animation_graphics -t gfx/pokemon/weepinbell/front.animated.tilemap gfx/pokemon/weepinbell/front.2bpp gfx/pokemon/weepinbell/front.dimensions
tools/pokemon_animation_graphics -t gfx/pokemon/victreebel/front.animated.tilemap gfx/pokemon/victreebel/front.2bpp gfx/pokemon/victreebel/front.dimensions
tools/pokemon_animation_graphics -t gfx/pokemon/tentacool/front.animated.tilemap gfx/pokemon/tentacool/front.2bpp gfx/pokemon/tentacool/front.dimensions
tools/pokemon_animation_graphics -t gfx/pokemon/tentacruel/front.animated.tilemap gfx/pokemon/tentacruel/front.2bpp gfx/pokemon/tentacruel/front.dimensions
tools/pokemon_animation_graphics -t gfx/pokemon/geodude/front.animated.tilemap gfx/pokemon/geodude/front.2bpp gfx/pokemon/geodude/front.dimensions
tools/pokemon_animation_graphics -t gfx/pokemon/graveler/front.animated.tilemap gfx/pokemon/graveler/front.2bpp gfx/pokemon/graveler/front.dimensions
tools/pokemon_animation_graphics -t gfx/pokemon/golem/front.animated.tilemap gfx/pokemon/golem/front.2bpp gfx/pokemon/golem/front.dimensions
tools/pokemon_animation_graphics -t gfx/pokemon/ponyta/front.animated.tilemap gfx/pokemon/ponyta/front.2bpp gfx/pokemon/ponyta/front.dimensions
tools/pokemon_animation_graphics -t gfx/pokemon/rapidash/front.animated.tilemap gfx/pokemon/rapidash/front.2bpp gfx/pokemon/rapidash/front.dimensions
tools/pokemon_animation_graphics -t gfx/pokemon/slowpoke/front.animated.tilemap gfx/pokemon/slowpoke/front.2bpp gfx/pokemon/slowpoke/front.dimensions
tools/pokemon_animation_graphics -t gfx/pokemon/slowbro/front.animated.tilemap gfx/pokemon/slowbro/front.2bpp gfx/pokemon/slowbro/front.dimensions
tools/pokemon_animation_graphics -t gfx/pokemon/magnemite/front.animated.tilemap gfx/pokemon/magnemite/front.2bpp gfx/pokemon/magnemite/front.dimensions
tools/pokemon_animation_graphics -t gfx/pokemon/magneton/front.animated.tilemap gfx/pokemon/magneton/front.2bpp gfx/pokemon/magneton/front.dimensions
tools/pokemon_animation_graphics -t gfx/pokemon/farfetch_d/front.animated.tilemap gfx/pokemon/farfetch_d/front.2bpp gfx/pokemon/farfetch_d/front.dimensions
tools/pokemon_animation_graphics -t gfx/pokemon/doduo/front.animated.tilemap gfx/pokemon/doduo/front.2bpp gfx/pokemon/doduo/front.dimensions
tools/pokemon_animation_graphics -t gfx/pokemon/dodrio/front.animated.tilemap gfx/pokemon/dodrio/front.2bpp gfx/pokemon/dodrio/front.dimensions
tools/pokemon_animation_graphics -t gfx/pokemon/seel/front.animated.tilemap gfx/pokemon/seel/front.2bpp gfx/pokemon/seel/front.dimensions
tools/pokemon_animation -b gfx/pokemon/dewgong/front.animated.tilemap gfx/pokemon/dewgong/front.dimensions > gfx/pokemon/dewgong/bitmask.asm
tools/pokemon_animation_graphics -t gfx/pokemon/grimer/front.animated.tilemap gfx/pokemon/grimer/front.2bpp gfx/pokemon/grimer/front.dimensions
tools/pokemon_animation_graphics -t gfx/pokemon/muk/front.animated.tilemap gfx/pokemon/muk/front.2bpp gfx/pokemon/muk/front.dimensions
tools/pokemon_animation_graphics -t gfx/pokemon/shellder/front.animated.tilemap gfx/pokemon/shellder/front.2bpp gfx/pokemon/shellder/front.dimensions
tools/pokemon_animation_graphics -t gfx/pokemon/cloyster/front.animated.tilemap gfx/pokemon/cloyster/front.2bpp gfx/pokemon/cloyster/front.dimensions
tools/pokemon_animation_graphics -t gfx/pokemon/gastly/front.animated.tilemap gfx/pokemon/gastly/front.2bpp gfx/pokemon/gastly/front.dimensions
tools/pokemon_animation_graphics -t gfx/pokemon/haunter/front.animated.tilemap gfx/pokemon/haunter/front.2bpp gfx/pokemon/haunter/front.dimensions
tools/pokemon_animation_graphics -t gfx/pokemon/gengar/front.animated.tilemap gfx/pokemon/gengar/front.2bpp gfx/pokemon/gengar/front.dimensions
tools/pokemon_animation_graphics -t gfx/pokemon/onix/front.animated.tilemap gfx/pokemon/onix/front.2bpp gfx/pokemon/onix/front.dimensions
tools/pokemon_animation_graphics -t gfx/pokemon/drowzee/front.animated.tilemap gfx/pokemon/drowzee/front.2bpp gfx/pokemon/drowzee/front.dimensions
tools/pokemon_animation_graphics -t gfx/pokemon/hypno/front.animated.tilemap gfx/pokemon/hypno/front.2bpp gfx/pokemon/hypno/front.dimensions
tools/pokemon_animation_graphics -t gfx/pokemon/krabby/front.animated.tilemap gfx/pokemon/krabby/front.2bpp gfx/pokemon/krabby/front.dimensions
tools/pokemon_animation_graphics -t gfx/pokemon/kingler/front.animated.tilemap gfx/pokemon/kingler/front.2bpp gfx/pokemon/kingler/front.dimensions
tools/pokemon_animation_graphics -t gfx/pokemon/voltorb/front.animated.tilemap gfx/pokemon/voltorb/front.2bpp gfx/pokemon/voltorb/front.dimensions
tools/pokemon_animation_graphics -t gfx/pokemon/electrode/front.animated.tilemap gfx/pokemon/electrode/front.2bpp gfx/pokemon/electrode/front.dimensions
tools/pokemon_animation_graphics -t gfx/pokemon/exeggcute/front.animated.tilemap gfx/pokemon/exeggcute/front.2bpp gfx/pokemon/exeggcute/front.dimensions
tools/pokemon_animation_graphics -t gfx/pokemon/exeggutor/front.animated.tilemap gfx/pokemon/exeggutor/front.2bpp gfx/pokemon/exeggutor/front.dimensions
tools/pokemon_animation_graphics -t gfx/pokemon/cubone/front.animated.tilemap gfx/pokemon/cubone/front.2bpp gfx/pokemon/cubone/front.dimensions
tools/pokemon_animation_graphics -t gfx/pokemon/marowak/front.animated.tilemap gfx/pokemon/marowak/front.2bpp gfx/pokemon/marowak/front.dimensions
tools/pokemon_animation_graphics -t gfx/pokemon/hitmonlee/front.animated.tilemap gfx/pokemon/hitmonlee/front.2bpp gfx/pokemon/hitmonlee/front.dimensions
tools/pokemon_animation_graphics -t gfx/pokemon/hitmonchan/front.animated.tilemap gfx/pokemon/hitmonchan/front.2bpp gfx/pokemon/hitmonchan/front.dimensions
tools/pokemon_animation_graphics -t gfx/pokemon/lickitung/front.animated.tilemap gfx/pokemon/lickitung/front.2bpp gfx/pokemon/lickitung/front.dimensions
tools/pokemon_animation_graphics -t gfx/pokemon/koffing/front.animated.tilemap gfx/pokemon/koffing/front.2bpp gfx/pokemon/koffing/front.dimensions
tools/pokemon_animation_graphics -t gfx/pokemon/weezing/front.animated.tilemap gfx/pokemon/weezing/front.2bpp gfx/pokemon/weezing/front.dimensions
tools/pokemon_animation_graphics -t gfx/pokemon/rhyhorn/front.animated.tilemap gfx/pokemon/rhyhorn/front.2bpp gfx/pokemon/rhyhorn/front.dimensions
tools/pokemon_animation_graphics -t gfx/pokemon/rhydon/front.animated.tilemap gfx/pokemon/rhydon/front.2bpp gfx/pokemon/rhydon/front.dimensions
tools/pokemon_animation_graphics -t gfx/pokemon/chansey/front.animated.tilemap gfx/pokemon/chansey/front.2bpp gfx/pokemon/chansey/front.dimensions
tools/pokemon_animation_graphics -t gfx/pokemon/tangela/front.animated.tilemap gfx/pokemon/tangela/front.2bpp gfx/pokemon/tangela/front.dimensions
tools/pokemon_animation_graphics -t gfx/pokemon/kangaskhan/front.animated.tilemap gfx/pokemon/kangaskhan/front.2bpp gfx/pokemon/kangaskhan/front.dimensions
tools/pokemon_animation_graphics -t gfx/pokemon/horsea/front.animated.tilemap gfx/pokemon/horsea/front.2bpp gfx/pokemon/horsea/front.dimensions
tools/pokemon_animation_graphics -t gfx/pokemon/seadra/front.animated.tilemap gfx/pokemon/seadra/front.2bpp gfx/pokemon/seadra/front.dimensions
tools/pokemon_animation_graphics -t gfx/pokemon/goldeen/front.animated.tilemap gfx/pokemon/goldeen/front.2bpp gfx/pokemon/goldeen/front.dimensions
tools/pokemon_animation_graphics -t gfx/pokemon/seaking/front.animated.tilemap gfx/pokemon/seaking/front.2bpp gfx/pokemon/seaking/front.dimensions
tools/pokemon_animation_graphics -t gfx/pokemon/staryu/front.animated.tilemap gfx/pokemon/staryu/front.2bpp gfx/pokemon/staryu/front.dimensions
tools/pokemon_animation_graphics -t gfx/pokemon/starmie/front.animated.tilemap gfx/pokemon/starmie/front.2bpp gfx/pokemon/starmie/front.dimensions
tools/pokemon_animation_graphics -t gfx/pokemon/mr__mime/front.animated.tilemap gfx/pokemon/mr__mime/front.2bpp gfx/pokemon/mr__mime/front.dimensions
tools/pokemon_animation_graphics -t gfx/pokemon/scyther/front.animated.tilemap gfx/pokemon/scyther/front.2bpp gfx/pokemon/scyther/front.dimensions
tools/pokemon_animation_graphics -t gfx/pokemon/jynx/front.animated.tilemap gfx/pokemon/jynx/front.2bpp gfx/pokemon/jynx/front.dimensions
tools/pokemon_animation_graphics -t gfx/pokemon/electabuzz/front.animated.tilemap gfx/pokemon/electabuzz/front.2bpp gfx/pokemon/electabuzz/front.dimensions
tools/pokemon_animation_graphics -t gfx/pokemon/magmar/front.animated.tilemap gfx/pokemon/magmar/front.2bpp gfx/pokemon/magmar/front.dimensions
tools/pokemon_animation_graphics -t gfx/pokemon/pinsir/front.animated.tilemap gfx/pokemon/pinsir/front.2bpp gfx/pokemon/pinsir/front.dimensions
tools/pokemon_animation_graphics -t gfx/pokemon/tauros/front.animated.tilemap gfx/pokemon/tauros/front.2bpp gfx/pokemon/tauros/front.dimensions
tools/pokemon_animation_graphics -t gfx/pokemon/magikarp/front.animated.tilemap gfx/pokemon/magikarp/front.2bpp gfx/pokemon/magikarp/front.dimensions
tools/pokemon_animation_graphics -t gfx/pokemon/gyarados/front.animated.tilemap gfx/pokemon/gyarados/front.2bpp gfx/pokemon/gyarados/front.dimensions
tools/pokemon_animation_graphics -t gfx/pokemon/lapras/front.animated.tilemap gfx/pokemon/lapras/front.2bpp gfx/pokemon/lapras/front.dimensions
tools/pokemon_animation_graphics -t gfx/pokemon/ditto/front.animated.tilemap gfx/pokemon/ditto/front.2bpp gfx/pokemon/ditto/front.dimensions
tools/pokemon_animation_graphics -t gfx/pokemon/eevee/front.animated.tilemap gfx/pokemon/eevee/front.2bpp gfx/pokemon/eevee/front.dimensions
tools/pokemon_animation_graphics -t gfx/pokemon/vaporeon/front.animated.tilemap gfx/pokemon/vaporeon/front.2bpp gfx/pokemon/vaporeon/front.dimensions
tools/pokemon_animation_graphics -t gfx/pokemon/jolteon/front.animated.tilemap gfx/pokemon/jolteon/front.2bpp gfx/pokemon/jolteon/front.dimensions
tools/pokemon_animation_graphics -t gfx/pokemon/flareon/front.animated.tilemap gfx/pokemon/flareon/front.2bpp gfx/pokemon/flareon/front.dimensions
tools/pokemon_animation_graphics -t gfx/pokemon/porygon/front.animated.tilemap gfx/pokemon/porygon/front.2bpp gfx/pokemon/porygon/front.dimensions
tools/pokemon_animation_graphics -t gfx/pokemon/omanyte/front.animated.tilemap gfx/pokemon/omanyte/front.2bpp gfx/pokemon/omanyte/front.dimensions
tools/pokemon_animation_graphics -t gfx/pokemon/omastar/front.animated.tilemap gfx/pokemon/omastar/front.2bpp gfx/pokemon/omastar/front.dimensions
tools/pokemon_animation_graphics -t gfx/pokemon/kabuto/front.animated.tilemap gfx/pokemon/kabuto/front.2bpp gfx/pokemon/kabuto/front.dimensions
tools/pokemon_animation_graphics -t gfx/pokemon/kabutops/front.animated.tilemap gfx/pokemon/kabutops/front.2bpp gfx/pokemon/kabutops/front.dimensions
tools/pokemon_animation_graphics -t gfx/pokemon/aerodactyl/front.animated.tilemap gfx/pokemon/aerodactyl/front.2bpp gfx/pokemon/aerodactyl/front.dimensions
tools/pokemon_animation_graphics -t gfx/pokemon/snorlax/front.animated.tilemap gfx/pokemon/snorlax/front.2bpp gfx/pokemon/snorlax/front.dimensions
tools/pokemon_animation_graphics -t gfx/pokemon/articuno/front.animated.tilemap gfx/pokemon/articuno/front.2bpp gfx/pokemon/articuno/front.dimensions
tools/pokemon_animation_graphics -t gfx/pokemon/zapdos/front.animated.tilemap gfx/pokemon/zapdos/front.2bpp gfx/pokemon/zapdos/front.dimensions
tools/pokemon_animation_graphics -t gfx/pokemon/moltres/front.animated.tilemap gfx/pokemon/moltres/front.2bpp gfx/pokemon/moltres/front.dimensions
tools/pokemon_animation_graphics -t gfx/pokemon/dratini/front.animated.tilemap gfx/pokemon/dratini/front.2bpp gfx/pokemon/dratini/front.dimensions
tools/pokemon_animation_graphics -t gfx/pokemon/dragonair/front.animated.tilemap gfx/pokemon/dragonair/front.2bpp gfx/pokemon/dragonair/front.dimensions
tools/pokemon_animation_graphics -t gfx/pokemon/dragonite/front.animated.tilemap gfx/pokemon/dragonite/front.2bpp gfx/pokemon/dragonite/front.dimensions
tools/pokemon_animation_graphics -t gfx/pokemon/mewtwo/front.animated.tilemap gfx/pokemon/mewtwo/front.2bpp gfx/pokemon/mewtwo/front.dimensions
tools/pokemon_animation_graphics -t gfx/pokemon/mew/front.animated.tilemap gfx/pokemon/mew/front.2bpp gfx/pokemon/mew/front.dimensions
tools/pokemon_animation_graphics -t gfx/pokemon/chikorita/front.animated.tilemap gfx/pokemon/chikorita/front.2bpp gfx/pokemon/chikorita/front.dimensions
tools/pokemon_animation_graphics -t gfx/pokemon/bayleef/front.animated.tilemap gfx/pokemon/bayleef/front.2bpp gfx/pokemon/bayleef/front.dimensions
tools/pokemon_animation_graphics -t gfx/pokemon/meganium/front.animated.tilemap gfx/pokemon/meganium/front.2bpp gfx/pokemon/meganium/front.dimensions
tools/pokemon_animation_graphics -t gfx/pokemon/cyndaquil/front.animated.tilemap gfx/pokemon/cyndaquil/front.2bpp gfx/pokemon/cyndaquil/front.dimensions
tools/pokemon_animation_graphics -t gfx/pokemon/quilava/front.animated.tilemap gfx/pokemon/quilava/front.2bpp gfx/pokemon/quilava/front.dimensions
tools/pokemon_animation_graphics -t gfx/pokemon/typhlosion/front.animated.tilemap gfx/pokemon/typhlosion/front.2bpp gfx/pokemon/typhlosion/front.dimensions
tools/pokemon_animation_graphics -t gfx/pokemon/totodile/front.animated.tilemap gfx/pokemon/totodile/front.2bpp gfx/pokemon/totodile/front.dimensions
tools/pokemon_animation_graphics -t gfx/pokemon/croconaw/front.animated.tilemap gfx/pokemon/croconaw/front.2bpp gfx/pokemon/croconaw/front.dimensions
tools/pokemon_animation_graphics -t gfx/pokemon/feraligatr/front.animated.tilemap gfx/pokemon/feraligatr/front.2bpp gfx/pokemon/feraligatr/front.dimensions
tools/pokemon_animation_graphics -t gfx/pokemon/sentret/front.animated.tilemap gfx/pokemon/sentret/front.2bpp gfx/pokemon/sentret/front.dimensions
tools/pokemon_animation_graphics -t gfx/pokemon/furret/front.animated.tilemap gfx/pokemon/furret/front.2bpp gfx/pokemon/furret/front.dimensions
tools/pokemon_animation_graphics -t gfx/pokemon/hoothoot/front.animated.tilemap gfx/pokemon/hoothoot/front.2bpp gfx/pokemon/hoothoot/front.dimensions
tools/pokemon_animation_graphics -t gfx/pokemon/noctowl/front.animated.tilemap gfx/pokemon/noctowl/front.2bpp gfx/pokemon/noctowl/front.dimensions
tools/pokemon_animation_graphics -t gfx/pokemon/ledyba/front.animated.tilemap gfx/pokemon/ledyba/front.2bpp gfx/pokemon/ledyba/front.dimensions
tools/pokemon_animation_graphics -t gfx/pokemon/ledian/front.animated.tilemap gfx/pokemon/ledian/front.2bpp gfx/pokemon/ledian/front.dimensions
tools/pokemon_animation_graphics -t gfx/pokemon/spinarak/front.animated.tilemap gfx/pokemon/spinarak/front.2bpp gfx/pokemon/spinarak/front.dimensions
tools/pokemon_animation_graphics -t gfx/pokemon/ariados/front.animated.tilemap gfx/pokemon/ariados/front.2bpp gfx/pokemon/ariados/front.dimensions
tools/pokemon_animation_graphics -t gfx/pokemon/crobat/front.animated.tilemap gfx/pokemon/crobat/front.2bpp gfx/pokemon/crobat/front.dimensions
tools/pokemon_animation_graphics -t gfx/pokemon/chinchou/front.animated.tilemap gfx/pokemon/chinchou/front.2bpp gfx/pokemon/chinchou/front.dimensions
tools/pokemon_animation_graphics -t gfx/pokemon/lanturn/front.animated.tilemap gfx/pokemon/lanturn/front.2bpp gfx/pokemon/lanturn/front.dimensions
tools/pokemon_animation_graphics -t gfx/pokemon/pichu/front.animated.tilemap gfx/pokemon/pichu/front.2bpp gfx/pokemon/pichu/front.dimensions
tools/pokemon_animation_graphics -t gfx/pokemon/cleffa/front.animated.tilemap gfx/pokemon/cleffa/front.2bpp gfx/pokemon/cleffa/front.dimensions
tools/pokemon_animation_graphics -t gfx/pokemon/igglybuff/front.animated.tilemap gfx/pokemon/igglybuff/front.2bpp gfx/pokemon/igglybuff/front.dimensions
tools/pokemon_animation_graphics -t gfx/pokemon/togepi/front.animated.tilemap gfx/pokemon/togepi/front.2bpp gfx/pokemon/togepi/front.dimensions
tools/pokemon_animation_graphics -t gfx/pokemon/togetic/front.animated.tilemap gfx/pokemon/togetic/front.2bpp gfx/pokemon/togetic/front.dimensions
tools/pokemon_animation_graphics -t gfx/pokemon/natu/front.animated.tilemap gfx/pokemon/natu/front.2bpp gfx/pokemon/natu/front.dimensions
tools/pokemon_animation_graphics -t gfx/pokemon/xatu/front.animated.tilemap gfx/pokemon/xatu/front.2bpp gfx/pokemon/xatu/front.dimensions
tools/pokemon_animation_graphics -t gfx/pokemon/mareep/front.animated.tilemap gfx/pokemon/mareep/front.2bpp gfx/pokemon/mareep/front.dimensions
tools/pokemon_animation_graphics -t gfx/pokemon/flaaffy/front.animated.tilemap gfx/pokemon/flaaffy/front.2bpp gfx/pokemon/flaaffy/front.dimensions
tools/pokemon_animation_graphics -t gfx/pokemon/ampharos/front.animated.tilemap gfx/pokemon/ampharos/front.2bpp gfx/pokemon/ampharos/front.dimensions
tools/pokemon_animation_graphics -t gfx/pokemon/bellossom/front.animated.tilemap gfx/pokemon/bellossom/front.2bpp gfx/pokemon/bellossom/front.dimensions
tools/pokemon_animation_graphics -t gfx/pokemon/marill/front.animated.tilemap gfx/pokemon/marill/front.2bpp gfx/pokemon/marill/front.dimensions
tools/pokemon_animation_graphics -t gfx/pokemon/azumarill/front.animated.tilemap gfx/pokemon/azumarill/front.2bpp gfx/pokemon/azumarill/front.dimensions
tools/pokemon_animation_graphics -t gfx/pokemon/sudowoodo/front.animated.tilemap gfx/pokemon/sudowoodo/front.2bpp gfx/pokemon/sudowoodo/front.dimensions
tools/pokemon_animation_graphics -t gfx/pokemon/politoed/front.animated.tilemap gfx/pokemon/politoed/front.2bpp gfx/pokemon/politoed/front.dimensions
tools/pokemon_animation_graphics -t gfx/pokemon/hoppip/front.animated.tilemap gfx/pokemon/hoppip/front.2bpp gfx/pokemon/hoppip/front.dimensions
tools/pokemon_animation_graphics -t gfx/pokemon/skiploom/front.animated.tilemap gfx/pokemon/skiploom/front.2bpp gfx/pokemon/skiploom/front.dimensions
tools/pokemon_animation_graphics -t gfx/pokemon/jumpluff/front.animated.tilemap gfx/pokemon/jumpluff/front.2bpp gfx/pokemon/jumpluff/front.dimensions
tools/pokemon_animation_graphics -t gfx/pokemon/aipom/front.animated.tilemap gfx/pokemon/aipom/front.2bpp gfx/pokemon/aipom/front.dimensions
tools/pokemon_animation_graphics -t gfx/pokemon/sunkern/front.animated.tilemap gfx/pokemon/sunkern/front.2bpp gfx/pokemon/sunkern/front.dimensions
tools/pokemon_animation_graphics -t gfx/pokemon/sunflora/front.animated.tilemap gfx/pokemon/sunflora/front.2bpp gfx/pokemon/sunflora/front.dimensions
tools/pokemon_animation_graphics -t gfx/pokemon/yanma/front.animated.tilemap gfx/pokemon/yanma/front.2bpp gfx/pokemon/yanma/front.dimensions
tools/pokemon_animation_graphics -t gfx/pokemon/wooper/front.animated.tilemap gfx/pokemon/wooper/front.2bpp gfx/pokemon/wooper/front.dimensions
tools/pokemon_animation_graphics -t gfx/pokemon/quagsire/front.animated.tilemap gfx/pokemon/quagsire/front.2bpp gfx/pokemon/quagsire/front.dimensions
tools/pokemon_animation_graphics -t gfx/pokemon/espeon/front.animated.tilemap gfx/pokemon/espeon/front.2bpp gfx/pokemon/espeon/front.dimensions
tools/pokemon_animation_graphics -t gfx/pokemon/umbreon/front.animated.tilemap gfx/pokemon/umbreon/front.2bpp gfx/pokemon/umbreon/front.dimensions
tools/pokemon_animation_graphics -t gfx/pokemon/murkrow/front.animated.tilemap gfx/pokemon/murkrow/front.2bpp gfx/pokemon/murkrow/front.dimensions
tools/pokemon_animation_graphics -t gfx/pokemon/slowking/front.animated.tilemap gfx/pokemon/slowking/front.2bpp gfx/pokemon/slowking/front.dimensions
tools/pokemon_animation_graphics -t gfx/pokemon/misdreavus/front.animated.tilemap gfx/pokemon/misdreavus/front.2bpp gfx/pokemon/misdreavus/front.dimensions
tools/pokemon_animation_graphics -t gfx/pokemon/wobbuffet/front.animated.tilemap gfx/pokemon/wobbuffet/front.2bpp gfx/pokemon/wobbuffet/front.dimensions
tools/pokemon_animation_graphics --girafarig -t gfx/pokemon/girafarig/front.animated.tilemap gfx/pokemon/girafarig/front.2bpp gfx/pokemon/girafarig/front.dimensions
tools/pokemon_animation_graphics -t gfx/pokemon/pineco/front.animated.tilemap gfx/pokemon/pineco/front.2bpp gfx/pokemon/pineco/front.dimensions
tools/pokemon_animation_graphics -t gfx/pokemon/forretress/front.animated.tilemap gfx/pokemon/forretress/front.2bpp gfx/pokemon/forretress/front.dimensions
tools/pokemon_animation_graphics -t gfx/pokemon/dunsparce/front.animated.tilemap gfx/pokemon/dunsparce/front.2bpp gfx/pokemon/dunsparce/front.dimensions
tools/pokemon_animation_graphics -t gfx/pokemon/gligar/front.animated.tilemap gfx/pokemon/gligar/front.2bpp gfx/pokemon/gligar/front.dimensions
tools/pokemon_animation_graphics -t gfx/pokemon/steelix/front.animated.tilemap gfx/pokemon/steelix/front.2bpp gfx/pokemon/steelix/front.dimensions
tools/pokemon_animation_graphics -t gfx/pokemon/snubbull/front.animated.tilemap gfx/pokemon/snubbull/front.2bpp gfx/pokemon/snubbull/front.dimensions
tools/pokemon_animation_graphics -t gfx/pokemon/granbull/front.animated.tilemap gfx/pokemon/granbull/front.2bpp gfx/pokemon/granbull/front.dimensions
tools/pokemon_animation_graphics -t gfx/pokemon/qwilfish/front.animated.tilemap gfx/pokemon/qwilfish/front.2bpp gfx/pokemon/qwilfish/front.dimensions
tools/pokemon_animation_graphics -t gfx/pokemon/scizor/front.animated.tilemap gfx/pokemon/scizor/front.2bpp gfx/pokemon/scizor/front.dimensions
tools/pokemon_animation_graphics -t gfx/pokemon/shuckle/front.animated.tilemap gfx/pokemon/shuckle/front.2bpp gfx/pokemon/shuckle/front.dimensions
tools/pokemon_animation_graphics -t gfx/pokemon/heracross/front.animated.tilemap gfx/pokemon/heracross/front.2bpp gfx/pokemon/heracross/front.dimensions
tools/pokemon_animation_graphics -t gfx/pokemon/sneasel/front.animated.tilemap gfx/pokemon/sneasel/front.2bpp gfx/pokemon/sneasel/front.dimensions
tools/pokemon_animation_graphics -t gfx/pokemon/teddiursa/front.animated.tilemap gfx/pokemon/teddiursa/front.2bpp gfx/pokemon/teddiursa/front.dimensions
tools/pokemon_animation_graphics -t gfx/pokemon/ursaring/front.animated.tilemap gfx/pokemon/ursaring/front.2bpp gfx/pokemon/ursaring/front.dimensions
tools/pokemon_animation_graphics -t gfx/pokemon/slugma/front.animated.tilemap gfx/pokemon/slugma/front.2bpp gfx/pokemon/slugma/front.dimensions
tools/pokemon_animation_graphics -t gfx/pokemon/magcargo/front.animated.tilemap gfx/pokemon/magcargo/front.2bpp gfx/pokemon/magcargo/front.dimensions
tools/pokemon_animation_graphics -t gfx/pokemon/swinub/front.animated.tilemap gfx/pokemon/swinub/front.2bpp gfx/pokemon/swinub/front.dimensions
tools/pokemon_animation_graphics -t gfx/pokemon/piloswine/front.animated.tilemap gfx/pokemon/piloswine/front.2bpp gfx/pokemon/piloswine/front.dimensions
tools/pokemon_animation_graphics -t gfx/pokemon/corsola/front.animated.tilemap gfx/pokemon/corsola/front.2bpp gfx/pokemon/corsola/front.dimensions
tools/pokemon_animation_graphics -t gfx/pokemon/remoraid/front.animated.tilemap gfx/pokemon/remoraid/front.2bpp gfx/pokemon/remoraid/front.dimensions
tools/pokemon_animation_graphics -t gfx/pokemon/octillery/front.animated.tilemap gfx/pokemon/octillery/front.2bpp gfx/pokemon/octillery/front.dimensions
tools/pokemon_animation_graphics -t gfx/pokemon/delibird/front.animated.tilemap gfx/pokemon/delibird/front.2bpp gfx/pokemon/delibird/front.dimensions
tools/pokemon_animation_graphics -t gfx/pokemon/mantine/front.animated.tilemap gfx/pokemon/mantine/front.2bpp gfx/pokemon/mantine/front.dimensions
tools/pokemon_animation_graphics -t gfx/pokemon/skarmory/front.animated.tilemap gfx/pokemon/skarmory/front.2bpp gfx/pokemon/skarmory/front.dimensions
tools/pokemon_animation_graphics -t gfx/pokemon/houndour/front.animated.tilemap gfx/pokemon/houndour/front.2bpp gfx/pokemon/houndour/front.dimensions
tools/pokemon_animation_graphics -t gfx/pokemon/houndoom/front.animated.tilemap gfx/pokemon/houndoom/front.2bpp gfx/pokemon/houndoom/front.dimensions
tools/pokemon_animation_graphics -t gfx/pokemon/kingdra/front.animated.tilemap gfx/pokemon/kingdra/front.2bpp gfx/pokemon/kingdra/front.dimensions
tools/pokemon_animation_graphics -t gfx/pokemon/phanpy/front.animated.tilemap gfx/pokemon/phanpy/front.2bpp gfx/pokemon/phanpy/front.dimensions
tools/pokemon_animation_graphics -t gfx/pokemon/donphan/front.animated.tilemap gfx/pokemon/donphan/front.2bpp gfx/pokemon/donphan/front.dimensions
tools/pokemon_animation_graphics -t gfx/pokemon/porygon2/front.animated.tilemap gfx/pokemon/porygon2/front.2bpp gfx/pokemon/porygon2/front.dimensions
tools/pokemon_animation_graphics -t gfx/pokemon/stantler/front.animated.tilemap gfx/pokemon/stantler/front.2bpp gfx/pokemon/stantler/front.dimensions
tools/pokemon_animation_graphics -t gfx/pokemon/smeargle/front.animated.tilemap gfx/pokemon/smeargle/front.2bpp gfx/pokemon/smeargle/front.dimensions
tools/pokemon_animation_graphics -t gfx/pokemon/tyrogue/front.animated.tilemap gfx/pokemon/tyrogue/front.2bpp gfx/pokemon/tyrogue/front.dimensions
tools/pokemon_animation_graphics -t gfx/pokemon/hitmontop/front.animated.tilemap gfx/pokemon/hitmontop/front.2bpp gfx/pokemon/hitmontop/front.dimensions
tools/pokemon_animation_graphics -t gfx/pokemon/smoochum/front.animated.tilemap gfx/pokemon/smoochum/front.2bpp gfx/pokemon/smoochum/front.dimensions
tools/pokemon_animation_graphics -t gfx/pokemon/elekid/front.animated.tilemap gfx/pokemon/elekid/front.2bpp gfx/pokemon/elekid/front.dimensions
tools/pokemon_animation_graphics -t gfx/pokemon/magby/front.animated.tilemap gfx/pokemon/magby/front.2bpp gfx/pokemon/magby/front.dimensions
tools/pokemon_animation_graphics -t gfx/pokemon/miltank/front.animated.tilemap gfx/pokemon/miltank/front.2bpp gfx/pokemon/miltank/front.dimensions
tools/pokemon_animation_graphics -t gfx/pokemon/blissey/front.animated.tilemap gfx/pokemon/blissey/front.2bpp gfx/pokemon/blissey/front.dimensions
tools/pokemon_animation_graphics -t gfx/pokemon/raikou/front.animated.tilemap gfx/pokemon/raikou/front.2bpp gfx/pokemon/raikou/front.dimensions
tools/pokemon_animation_graphics -t gfx/pokemon/entei/front.animated.tilemap gfx/pokemon/entei/front.2bpp gfx/pokemon/entei/front.dimensions
tools/pokemon_animation_graphics -t gfx/pokemon/suicune/front.animated.tilemap gfx/pokemon/suicune/front.2bpp gfx/pokemon/suicune/front.dimensions
tools/pokemon_animation_graphics -t gfx/pokemon/larvitar/front.animated.tilemap gfx/pokemon/larvitar/front.2bpp gfx/pokemon/larvitar/front.dimensions
tools/pokemon_animation_graphics -t gfx/pokemon/pupitar/front.animated.tilemap gfx/pokemon/pupitar/front.2bpp gfx/pokemon/pupitar/front.dimensions
tools/pokemon_animation_graphics -t gfx/pokemon/tyranitar/front.animated.tilemap gfx/pokemon/tyranitar/front.2bpp gfx/pokemon/tyranitar/front.dimensions
tools/pokemon_animation -b gfx/pokemon/lugia/front.animated.tilemap gfx/pokemon/lugia/front.dimensions > gfx/pokemon/lugia/bitmask.asm
tools/pokemon_animation_graphics -t gfx/pokemon/ho_oh/front.animated.tilemap gfx/pokemon/ho_oh/front.2bpp gfx/pokemon/ho_oh/front.dimensions
tools/pokemon_animation_graphics -t gfx/pokemon/celebi/front.animated.tilemap gfx/pokemon/celebi/front.2bpp gfx/pokemon/celebi/front.dimensions
tools/pokemon_animation -b gfx/pokemon/egg/front.animated.tilemap gfx/pokemon/egg/front.dimensions > gfx/pokemon/egg/bitmask.asm
tools/pokemon_animation_graphics -t gfx/pokemon/unown_a/front.animated.tilemap gfx/pokemon/unown_a/front.2bpp gfx/pokemon/unown_a/front.dimensions
tools/pokemon_animation_graphics -t gfx/pokemon/unown_b/front.animated.tilemap gfx/pokemon/unown_b/front.2bpp gfx/pokemon/unown_b/front.dimensions
tools/pokemon_animation_graphics -t gfx/pokemon/unown_c/front.animated.tilemap gfx/pokemon/unown_c/front.2bpp gfx/pokemon/unown_c/front.dimensions
tools/pokemon_animation_graphics -t gfx/pokemon/unown_d/front.animated.tilemap gfx/pokemon/unown_d/front.2bpp gfx/pokemon/unown_d/front.dimensions
tools/pokemon_animation -b gfx/pokemon/unown_e/front.animated.tilemap gfx/pokemon/unown_e/front.dimensions > gfx/pokemon/unown_e/bitmask.asm
tools/pokemon_animation -b gfx/pokemon/unown_f/front.animated.tilemap gfx/pokemon/unown_f/front.dimensions > gfx/pokemon/unown_f/bitmask.asm
tools/pokemon_animation -b gfx/pokemon/unown_g/front.animated.tilemap gfx/pokemon/unown_g/front.dimensions > gfx/pokemon/unown_g/bitmask.asm
tools/pokemon_animation -b gfx/pokemon/unown_h/front.animated.tilemap gfx/pokemon/unown_h/front.dimensions > gfx/pokemon/unown_h/bitmask.asm
tools/pokemon_animation -b gfx/pokemon/unown_i/front.animated.tilemap gfx/pokemon/unown_i/front.dimensions > gfx/pokemon/unown_i/bitmask.asm
tools/pokemon_animation -b gfx/pokemon/unown_j/front.animated.tilemap gfx/pokemon/unown_j/front.dimensions > gfx/pokemon/unown_j/bitmask.asm
tools/pokemon_animation -b gfx/pokemon/unown_k/front.animated.tilemap gfx/pokemon/unown_k/front.dimensions > gfx/pokemon/unown_k/bitmask.asm
tools/pokemon_animation -b gfx/pokemon/unown_l/front.animated.tilemap gfx/pokemon/unown_l/front.dimensions > gfx/pokemon/unown_l/bitmask.asm
tools/pokemon_animation -b gfx/pokemon/unown_m/front.animated.tilemap gfx/pokemon/unown_m/front.dimensions > gfx/pokemon/unown_m/bitmask.asm
tools/pokemon_animation -b gfx/pokemon/unown_n/front.animated.tilemap gfx/pokemon/unown_n/front.dimensions > gfx/pokemon/unown_n/bitmask.asm
tools/pokemon_animation -b gfx/pokemon/unown_o/front.animated.tilemap gfx/pokemon/unown_o/front.dimensions > gfx/pokemon/unown_o/bitmask.asm
tools/pokemon_animation -b gfx/pokemon/unown_p/front.animated.tilemap gfx/pokemon/unown_p/front.dimensions > gfx/pokemon/unown_p/bitmask.asm
tools/pokemon_animation -b gfx/pokemon/unown_q/front.animated.tilemap gfx/pokemon/unown_q/front.dimensions > gfx/pokemon/unown_q/bitmask.asm
tools/pokemon_animation -b gfx/pokemon/unown_r/front.animated.tilemap gfx/pokemon/unown_r/front.dimensions > gfx/pokemon/unown_r/bitmask.asm
tools/pokemon_animation -b gfx/pokemon/unown_s/front.animated.tilemap gfx/pokemon/unown_s/front.dimensions > gfx/pokemon/unown_s/bitmask.asm
tools/pokemon_animation -b gfx/pokemon/unown_t/front.animated.tilemap gfx/pokemon/unown_t/front.dimensions > gfx/pokemon/unown_t/bitmask.asm
tools/pokemon_animation -b gfx/pokemon/unown_u/front.animated.tilemap gfx/pokemon/unown_u/front.dimensions > gfx/pokemon/unown_u/bitmask.asm
tools/pokemon_animation -b gfx/pokemon/unown_v/front.animated.tilemap gfx/pokemon/unown_v/front.dimensions > gfx/pokemon/unown_v/bitmask.asm
tools/pokemon_animation -b gfx/pokemon/unown_w/front.animated.tilemap gfx/pokemon/unown_w/front.dimensions > gfx/pokemon/unown_w/bitmask.asm
tools/pokemon_animation -b gfx/pokemon/unown_x/front.animated.tilemap gfx/pokemon/unown_x/front.dimensions > gfx/pokemon/unown_x/bitmask.asm
tools/pokemon_animation -b gfx/pokemon/unown_y/front.animated.tilemap gfx/pokemon/unown_y/front.dimensions > gfx/pokemon/unown_y/bitmask.asm
tools/pokemon_animation -b gfx/pokemon/unown_z/front.animated.tilemap gfx/pokemon/unown_z/front.dimensions > gfx/pokemon/unown_z/bitmask.asm
tools/pokemon_animation -f gfx/pokemon/bulbasaur/front.animated.tilemap gfx/pokemon/bulbasaur/front.dimensions > gfx/pokemon/bulbasaur/frames.asm
tools/pokemon_animation -f gfx/pokemon/ivysaur/front.animated.tilemap gfx/pokemon/ivysaur/front.dimensions > gfx/pokemon/ivysaur/frames.asm
tools/pokemon_animation -f gfx/pokemon/venusaur/front.animated.tilemap gfx/pokemon/venusaur/front.dimensions > gfx/pokemon/venusaur/frames.asm
tools/pokemon_animation -f gfx/pokemon/charmander/front.animated.tilemap gfx/pokemon/charmander/front.dimensions > gfx/pokemon/charmander/frames.asm
tools/pokemon_animation -f gfx/pokemon/charmeleon/front.animated.tilemap gfx/pokemon/charmeleon/front.dimensions > gfx/pokemon/charmeleon/frames.asm
tools/pokemon_animation -f gfx/pokemon/charizard/front.animated.tilemap gfx/pokemon/charizard/front.dimensions > gfx/pokemon/charizard/frames.asm
tools/pokemon_animation -f gfx/pokemon/squirtle/front.animated.tilemap gfx/pokemon/squirtle/front.dimensions > gfx/pokemon/squirtle/frames.asm
tools/pokemon_animation -f gfx/pokemon/wartortle/front.animated.tilemap gfx/pokemon/wartortle/front.dimensions > gfx/pokemon/wartortle/frames.asm
tools/pokemon_animation -f gfx/pokemon/blastoise/front.animated.tilemap gfx/pokemon/blastoise/front.dimensions > gfx/pokemon/blastoise/frames.asm
tools/pokemon_animation -f gfx/pokemon/caterpie/front.animated.tilemap gfx/pokemon/caterpie/front.dimensions > gfx/pokemon/caterpie/frames.asm
tools/pokemon_animation -f gfx/pokemon/metapod/front.animated.tilemap gfx/pokemon/metapod/front.dimensions > gfx/pokemon/metapod/frames.asm
tools/pokemon_animation -f gfx/pokemon/butterfree/front.animated.tilemap gfx/pokemon/butterfree/front.dimensions > gfx/pokemon/butterfree/frames.asm
tools/pokemon_animation -f gfx/pokemon/weedle/front.animated.tilemap gfx/pokemon/weedle/front.dimensions > gfx/pokemon/weedle/frames.asm
tools/pokemon_animation -f gfx/pokemon/kakuna/front.animated.tilemap gfx/pokemon/kakuna/front.dimensions > gfx/pokemon/kakuna/frames.asm
tools/pokemon_animation -f gfx/pokemon/beedrill/front.animated.tilemap gfx/pokemon/beedrill/front.dimensions > gfx/pokemon/beedrill/frames.asm
tools/pokemon_animation -f gfx/pokemon/pidgey/front.animated.tilemap gfx/pokemon/pidgey/front.dimensions > gfx/pokemon/pidgey/frames.asm
tools/pokemon_animation -f gfx/pokemon/pidgeotto/front.animated.tilemap gfx/pokemon/pidgeotto/front.dimensions > gfx/pokemon/pidgeotto/frames.asm
tools/pokemon_animation -f gfx/pokemon/pidgeot/front.animated.tilemap gfx/pokemon/pidgeot/front.dimensions > gfx/pokemon/pidgeot/frames.asm
tools/pokemon_animation -f gfx/pokemon/rattata/front.animated.tilemap gfx/pokemon/rattata/front.dimensions > gfx/pokemon/rattata/frames.asm
tools/pokemon_animation -f gfx/pokemon/raticate/front.animated.tilemap gfx/pokemon/raticate/front.dimensions > gfx/pokemon/raticate/frames.asm
tools/pokemon_animation -f gfx/pokemon/spearow/front.animated.tilemap gfx/pokemon/spearow/front.dimensions > gfx/pokemon/spearow/frames.asm
tools/pokemon_animation -f gfx/pokemon/fearow/front.animated.tilemap gfx/pokemon/fearow/front.dimensions > gfx/pokemon/fearow/frames.asm
tools/pokemon_animation -f gfx/pokemon/ekans/front.animated.tilemap gfx/pokemon/ekans/front.dimensions > gfx/pokemon/ekans/frames.asm
tools/pokemon_animation -f gfx/pokemon/arbok/front.animated.tilemap gfx/pokemon/arbok/front.dimensions > gfx/pokemon/arbok/frames.asm
tools/pokemon_animation -f gfx/pokemon/pikachu/front.animated.tilemap gfx/pokemon/pikachu/front.dimensions > gfx/pokemon/pikachu/frames.asm
tools/pokemon_animation -f gfx/pokemon/raichu/front.animated.tilemap gfx/pokemon/raichu/front.dimensions > gfx/pokemon/raichu/frames.asm
tools/pokemon_animation -f gfx/pokemon/sandshrew/front.animated.tilemap gfx/pokemon/sandshrew/front.dimensions > gfx/pokemon/sandshrew/frames.asm
tools/pokemon_animation -f gfx/pokemon/sandslash/front.animated.tilemap gfx/pokemon/sandslash/front.dimensions > gfx/pokemon/sandslash/frames.asm
tools/pokemon_animation -f gfx/pokemon/nidoran_f/front.animated.tilemap gfx/pokemon/nidoran_f/front.dimensions > gfx/pokemon/nidoran_f/frames.asm
tools/pokemon_animation -f gfx/pokemon/nidorina/front.animated.tilemap gfx/pokemon/nidorina/front.dimensions > gfx/pokemon/nidorina/frames.asm
tools/pokemon_animation -f gfx/pokemon/nidoqueen/front.animated.tilemap gfx/pokemon/nidoqueen/front.dimensions > gfx/pokemon/nidoqueen/frames.asm
tools/pokemon_animation -f gfx/pokemon/nidoran_m/front.animated.tilemap gfx/pokemon/nidoran_m/front.dimensions > gfx/pokemon/nidoran_m/frames.asm
tools/pokemon_animation -f gfx/pokemon/nidorino/front.animated.tilemap gfx/pokemon/nidorino/front.dimensions > gfx/pokemon/nidorino/frames.asm
tools/pokemon_animation -f gfx/pokemon/nidoking/front.animated.tilemap gfx/pokemon/nidoking/front.dimensions > gfx/pokemon/nidoking/frames.asm
tools/pokemon_animation -f gfx/pokemon/clefairy/front.animated.tilemap gfx/pokemon/clefairy/front.dimensions > gfx/pokemon/clefairy/frames.asm
tools/pokemon_animation -f gfx/pokemon/clefable/front.animated.tilemap gfx/pokemon/clefable/front.dimensions > gfx/pokemon/clefable/frames.asm
tools/pokemon_animation -f gfx/pokemon/vulpix/front.animated.tilemap gfx/pokemon/vulpix/front.dimensions > gfx/pokemon/vulpix/frames.asm
tools/pokemon_animation -f gfx/pokemon/ninetales/front.animated.tilemap gfx/pokemon/ninetales/front.dimensions > gfx/pokemon/ninetales/frames.asm
tools/pokemon_animation -f gfx/pokemon/jigglypuff/front.animated.tilemap gfx/pokemon/jigglypuff/front.dimensions > gfx/pokemon/jigglypuff/frames.asm
tools/pokemon_animation -f gfx/pokemon/wigglytuff/front.animated.tilemap gfx/pokemon/wigglytuff/front.dimensions > gfx/pokemon/wigglytuff/frames.asm
tools/pokemon_animation -f gfx/pokemon/zubat/front.animated.tilemap gfx/pokemon/zubat/front.dimensions > gfx/pokemon/zubat/frames.asm
tools/pokemon_animation -f gfx/pokemon/golbat/front.animated.tilemap gfx/pokemon/golbat/front.dimensions > gfx/pokemon/golbat/frames.asm
tools/pokemon_animation -f gfx/pokemon/oddish/front.animated.tilemap gfx/pokemon/oddish/front.dimensions > gfx/pokemon/oddish/frames.asm
tools/pokemon_animation -f gfx/pokemon/gloom/front.animated.tilemap gfx/pokemon/gloom/front.dimensions > gfx/pokemon/gloom/frames.asm
tools/pokemon_animation -f gfx/pokemon/vileplume/front.animated.tilemap gfx/pokemon/vileplume/front.dimensions > gfx/pokemon/vileplume/frames.asm
tools/pokemon_animation -f gfx/pokemon/paras/front.animated.tilemap gfx/pokemon/paras/front.dimensions > gfx/pokemon/paras/frames.asm
tools/pokemon_animation -f gfx/pokemon/parasect/front.animated.tilemap gfx/pokemon/parasect/front.dimensions > gfx/pokemon/parasect/frames.asm
tools/pokemon_animation -f gfx/pokemon/venonat/front.animated.tilemap gfx/pokemon/venonat/front.dimensions > gfx/pokemon/venonat/frames.asm
tools/pokemon_animation -f gfx/pokemon/venomoth/front.animated.tilemap gfx/pokemon/venomoth/front.dimensions > gfx/pokemon/venomoth/frames.asm
tools/pokemon_animation -f gfx/pokemon/diglett/front.animated.tilemap gfx/pokemon/diglett/front.dimensions > gfx/pokemon/diglett/frames.asm
tools/pokemon_animation -f gfx/pokemon/dugtrio/front.animated.tilemap gfx/pokemon/dugtrio/front.dimensions > gfx/pokemon/dugtrio/frames.asm
tools/pokemon_animation -f gfx/pokemon/meowth/front.animated.tilemap gfx/pokemon/meowth/front.dimensions > gfx/pokemon/meowth/frames.asm
tools/pokemon_animation -f gfx/pokemon/persian/front.animated.tilemap gfx/pokemon/persian/front.dimensions > gfx/pokemon/persian/frames.asm
tools/pokemon_animation -f gfx/pokemon/psyduck/front.animated.tilemap gfx/pokemon/psyduck/front.dimensions > gfx/pokemon/psyduck/frames.asm
tools/pokemon_animation -f gfx/pokemon/golduck/front.animated.tilemap gfx/pokemon/golduck/front.dimensions > gfx/pokemon/golduck/frames.asm
tools/pokemon_animation -f gfx/pokemon/mankey/front.animated.tilemap gfx/pokemon/mankey/front.dimensions > gfx/pokemon/mankey/frames.asm
tools/pokemon_animation -f gfx/pokemon/primeape/front.animated.tilemap gfx/pokemon/primeape/front.dimensions > gfx/pokemon/primeape/frames.asm
tools/pokemon_animation -f gfx/pokemon/growlithe/front.animated.tilemap gfx/pokemon/growlithe/front.dimensions > gfx/pokemon/growlithe/frames.asm
tools/pokemon_animation -f gfx/pokemon/arcanine/front.animated.tilemap gfx/pokemon/arcanine/front.dimensions > gfx/pokemon/arcanine/frames.asm
tools/pokemon_animation -f gfx/pokemon/poliwag/front.animated.tilemap gfx/pokemon/poliwag/front.dimensions > gfx/pokemon/poliwag/frames.asm
tools/pokemon_animation -f gfx/pokemon/poliwhirl/front.animated.tilemap gfx/pokemon/poliwhirl/front.dimensions > gfx/pokemon/poliwhirl/frames.asm
tools/pokemon_animation -f gfx/pokemon/poliwrath/front.animated.tilemap gfx/pokemon/poliwrath/front.dimensions > gfx/pokemon/poliwrath/frames.asm
tools/pokemon_animation -f gfx/pokemon/abra/front.animated.tilemap gfx/pokemon/abra/front.dimensions > gfx/pokemon/abra/frames.asm
tools/pokemon_animation -f gfx/pokemon/kadabra/front.animated.tilemap gfx/pokemon/kadabra/front.dimensions > gfx/pokemon/kadabra/frames.asm
tools/pokemon_animation -f gfx/pokemon/alakazam/front.animated.tilemap gfx/pokemon/alakazam/front.dimensions > gfx/pokemon/alakazam/frames.asm
tools/pokemon_animation -f gfx/pokemon/machop/front.animated.tilemap gfx/pokemon/machop/front.dimensions > gfx/pokemon/machop/frames.asm
tools/pokemon_animation -f gfx/pokemon/machoke/front.animated.tilemap gfx/pokemon/machoke/front.dimensions > gfx/pokemon/machoke/frames.asm
tools/pokemon_animation -f gfx/pokemon/machamp/front.animated.tilemap gfx/pokemon/machamp/front.dimensions > gfx/pokemon/machamp/frames.asm
tools/pokemon_animation -f gfx/pokemon/bellsprout/front.animated.tilemap gfx/pokemon/bellsprout/front.dimensions > gfx/pokemon/bellsprout/frames.asm
tools/pokemon_animation -f gfx/pokemon/weepinbell/front.animated.tilemap gfx/pokemon/weepinbell/front.dimensions > gfx/pokemon/weepinbell/frames.asm
tools/pokemon_animation -f gfx/pokemon/victreebel/front.animated.tilemap gfx/pokemon/victreebel/front.dimensions > gfx/pokemon/victreebel/frames.asm
tools/pokemon_animation -f gfx/pokemon/tentacool/front.animated.tilemap gfx/pokemon/tentacool/front.dimensions > gfx/pokemon/tentacool/frames.asm
tools/pokemon_animation -f gfx/pokemon/tentacruel/front.animated.tilemap gfx/pokemon/tentacruel/front.dimensions > gfx/pokemon/tentacruel/frames.asm
tools/pokemon_animation -f gfx/pokemon/geodude/front.animated.tilemap gfx/pokemon/geodude/front.dimensions > gfx/pokemon/geodude/frames.asm
tools/pokemon_animation -f gfx/pokemon/graveler/front.animated.tilemap gfx/pokemon/graveler/front.dimensions > gfx/pokemon/graveler/frames.asm
tools/pokemon_animation -f gfx/pokemon/golem/front.animated.tilemap gfx/pokemon/golem/front.dimensions > gfx/pokemon/golem/frames.asm
tools/pokemon_animation -f gfx/pokemon/ponyta/front.animated.tilemap gfx/pokemon/ponyta/front.dimensions > gfx/pokemon/ponyta/frames.asm
tools/pokemon_animation -f gfx/pokemon/rapidash/front.animated.tilemap gfx/pokemon/rapidash/front.dimensions > gfx/pokemon/rapidash/frames.asm
tools/pokemon_animation -f gfx/pokemon/slowpoke/front.animated.tilemap gfx/pokemon/slowpoke/front.dimensions > gfx/pokemon/slowpoke/frames.asm
tools/pokemon_animation -f gfx/pokemon/slowbro/front.animated.tilemap gfx/pokemon/slowbro/front.dimensions > gfx/pokemon/slowbro/frames.asm
tools/pokemon_animation -f gfx/pokemon/magnemite/front.animated.tilemap gfx/pokemon/magnemite/front.dimensions > gfx/pokemon/magnemite/frames.asm
tools/pokemon_animation -f gfx/pokemon/magneton/front.animated.tilemap gfx/pokemon/magneton/front.dimensions > gfx/pokemon/magneton/frames.asm
tools/pokemon_animation -f gfx/pokemon/farfetch_d/front.animated.tilemap gfx/pokemon/farfetch_d/front.dimensions > gfx/pokemon/farfetch_d/frames.asm
tools/pokemon_animation -f gfx/pokemon/doduo/front.animated.tilemap gfx/pokemon/doduo/front.dimensions > gfx/pokemon/doduo/frames.asm
tools/pokemon_animation -f gfx/pokemon/dodrio/front.animated.tilemap gfx/pokemon/dodrio/front.dimensions > gfx/pokemon/dodrio/frames.asm
tools/pokemon_animation -f gfx/pokemon/seel/front.animated.tilemap gfx/pokemon/seel/front.dimensions > gfx/pokemon/seel/frames.asm
tools/pokemon_animation -f gfx/pokemon/grimer/front.animated.tilemap gfx/pokemon/grimer/front.dimensions > gfx/pokemon/grimer/frames.asm
tools/pokemon_animation -f gfx/pokemon/muk/front.animated.tilemap gfx/pokemon/muk/front.dimensions > gfx/pokemon/muk/frames.asm
tools/pokemon_animation -f gfx/pokemon/shellder/front.animated.tilemap gfx/pokemon/shellder/front.dimensions > gfx/pokemon/shellder/frames.asm
tools/pokemon_animation -f gfx/pokemon/cloyster/front.animated.tilemap gfx/pokemon/cloyster/front.dimensions > gfx/pokemon/cloyster/frames.asm
tools/pokemon_animation -f gfx/pokemon/gastly/front.animated.tilemap gfx/pokemon/gastly/front.dimensions > gfx/pokemon/gastly/frames.asm
tools/pokemon_animation -f gfx/pokemon/haunter/front.animated.tilemap gfx/pokemon/haunter/front.dimensions > gfx/pokemon/haunter/frames.asm
tools/pokemon_animation -f gfx/pokemon/gengar/front.animated.tilemap gfx/pokemon/gengar/front.dimensions > gfx/pokemon/gengar/frames.asm
tools/pokemon_animation -f gfx/pokemon/onix/front.animated.tilemap gfx/pokemon/onix/front.dimensions > gfx/pokemon/onix/frames.asm
tools/pokemon_animation -f gfx/pokemon/drowzee/front.animated.tilemap gfx/pokemon/drowzee/front.dimensions > gfx/pokemon/drowzee/frames.asm
tools/pokemon_animation -f gfx/pokemon/hypno/front.animated.tilemap gfx/pokemon/hypno/front.dimensions > gfx/pokemon/hypno/frames.asm
tools/pokemon_animation -f gfx/pokemon/krabby/front.animated.tilemap gfx/pokemon/krabby/front.dimensions > gfx/pokemon/krabby/frames.asm
tools/pokemon_animation -f gfx/pokemon/kingler/front.animated.tilemap gfx/pokemon/kingler/front.dimensions > gfx/pokemon/kingler/frames.asm
tools/pokemon_animation -f gfx/pokemon/voltorb/front.animated.tilemap gfx/pokemon/voltorb/front.dimensions > gfx/pokemon/voltorb/frames.asm
tools/pokemon_animation -f gfx/pokemon/electrode/front.animated.tilemap gfx/pokemon/electrode/front.dimensions > gfx/pokemon/electrode/frames.asm
tools/pokemon_animation -f gfx/pokemon/exeggcute/front.animated.tilemap gfx/pokemon/exeggcute/front.dimensions > gfx/pokemon/exeggcute/frames.asm
tools/pokemon_animation -f gfx/pokemon/exeggutor/front.animated.tilemap gfx/pokemon/exeggutor/front.dimensions > gfx/pokemon/exeggutor/frames.asm
tools/pokemon_animation -f gfx/pokemon/cubone/front.animated.tilemap gfx/pokemon/cubone/front.dimensions > gfx/pokemon/cubone/frames.asm
tools/pokemon_animation -f gfx/pokemon/marowak/front.animated.tilemap gfx/pokemon/marowak/front.dimensions > gfx/pokemon/marowak/frames.asm
tools/pokemon_animation -f gfx/pokemon/hitmonlee/front.animated.tilemap gfx/pokemon/hitmonlee/front.dimensions > gfx/pokemon/hitmonlee/frames.asm
tools/pokemon_animation -f gfx/pokemon/hitmonchan/front.animated.tilemap gfx/pokemon/hitmonchan/front.dimensions > gfx/pokemon/hitmonchan/frames.asm
tools/pokemon_animation -f gfx/pokemon/lickitung/front.animated.tilemap gfx/pokemon/lickitung/front.dimensions > gfx/pokemon/lickitung/frames.asm
tools/pokemon_animation -f gfx/pokemon/koffing/front.animated.tilemap gfx/pokemon/koffing/front.dimensions > gfx/pokemon/koffing/frames.asm
tools/pokemon_animation -f gfx/pokemon/weezing/front.animated.tilemap gfx/pokemon/weezing/front.dimensions > gfx/pokemon/weezing/frames.asm
tools/pokemon_animation -f gfx/pokemon/rhyhorn/front.animated.tilemap gfx/pokemon/rhyhorn/front.dimensions > gfx/pokemon/rhyhorn/frames.asm
tools/pokemon_animation -f gfx/pokemon/rhydon/front.animated.tilemap gfx/pokemon/rhydon/front.dimensions > gfx/pokemon/rhydon/frames.asm
tools/pokemon_animation -f gfx/pokemon/chansey/front.animated.tilemap gfx/pokemon/chansey/front.dimensions > gfx/pokemon/chansey/frames.asm
tools/pokemon_animation -f gfx/pokemon/tangela/front.animated.tilemap gfx/pokemon/tangela/front.dimensions > gfx/pokemon/tangela/frames.asm
tools/pokemon_animation -f gfx/pokemon/kangaskhan/front.animated.tilemap gfx/pokemon/kangaskhan/front.dimensions > gfx/pokemon/kangaskhan/frames.asm
tools/pokemon_animation -f gfx/pokemon/horsea/front.animated.tilemap gfx/pokemon/horsea/front.dimensions > gfx/pokemon/horsea/frames.asm
tools/pokemon_animation -f gfx/pokemon/seadra/front.animated.tilemap gfx/pokemon/seadra/front.dimensions > gfx/pokemon/seadra/frames.asm
tools/pokemon_animation -f gfx/pokemon/goldeen/front.animated.tilemap gfx/pokemon/goldeen/front.dimensions > gfx/pokemon/goldeen/frames.asm
tools/pokemon_animation -f gfx/pokemon/seaking/front.animated.tilemap gfx/pokemon/seaking/front.dimensions > gfx/pokemon/seaking/frames.asm
tools/pokemon_animation -f gfx/pokemon/staryu/front.animated.tilemap gfx/pokemon/staryu/front.dimensions > gfx/pokemon/staryu/frames.asm
tools/pokemon_animation -f gfx/pokemon/starmie/front.animated.tilemap gfx/pokemon/starmie/front.dimensions > gfx/pokemon/starmie/frames.asm
tools/pokemon_animation -f gfx/pokemon/mr__mime/front.animated.tilemap gfx/pokemon/mr__mime/front.dimensions > gfx/pokemon/mr__mime/frames.asm
tools/pokemon_animation -f gfx/pokemon/scyther/front.animated.tilemap gfx/pokemon/scyther/front.dimensions > gfx/pokemon/scyther/frames.asm
tools/pokemon_animation -f gfx/pokemon/jynx/front.animated.tilemap gfx/pokemon/jynx/front.dimensions > gfx/pokemon/jynx/frames.asm
tools/pokemon_animation -f gfx/pokemon/electabuzz/front.animated.tilemap gfx/pokemon/electabuzz/front.dimensions > gfx/pokemon/electabuzz/frames.asm
tools/pokemon_animation -f gfx/pokemon/magmar/front.animated.tilemap gfx/pokemon/magmar/front.dimensions > gfx/pokemon/magmar/frames.asm
tools/pokemon_animation -f gfx/pokemon/pinsir/front.animated.tilemap gfx/pokemon/pinsir/front.dimensions > gfx/pokemon/pinsir/frames.asm
tools/pokemon_animation -f gfx/pokemon/tauros/front.animated.tilemap gfx/pokemon/tauros/front.dimensions > gfx/pokemon/tauros/frames.asm
tools/pokemon_animation -f gfx/pokemon/magikarp/front.animated.tilemap gfx/pokemon/magikarp/front.dimensions > gfx/pokemon/magikarp/frames.asm
tools/pokemon_animation -f gfx/pokemon/gyarados/front.animated.tilemap gfx/pokemon/gyarados/front.dimensions > gfx/pokemon/gyarados/frames.asm
tools/pokemon_animation -f gfx/pokemon/lapras/front.animated.tilemap gfx/pokemon/lapras/front.dimensions > gfx/pokemon/lapras/frames.asm
tools/pokemon_animation -f gfx/pokemon/ditto/front.animated.tilemap gfx/pokemon/ditto/front.dimensions > gfx/pokemon/ditto/frames.asm
tools/pokemon_animation -f gfx/pokemon/eevee/front.animated.tilemap gfx/pokemon/eevee/front.dimensions > gfx/pokemon/eevee/frames.asm
tools/pokemon_animation -f gfx/pokemon/vaporeon/front.animated.tilemap gfx/pokemon/vaporeon/front.dimensions > gfx/pokemon/vaporeon/frames.asm
tools/pokemon_animation -f gfx/pokemon/jolteon/front.animated.tilemap gfx/pokemon/jolteon/front.dimensions > gfx/pokemon/jolteon/frames.asm
tools/pokemon_animation -f gfx/pokemon/flareon/front.animated.tilemap gfx/pokemon/flareon/front.dimensions > gfx/pokemon/flareon/frames.asm
tools/pokemon_animation -f gfx/pokemon/porygon/front.animated.tilemap gfx/pokemon/porygon/front.dimensions > gfx/pokemon/porygon/frames.asm
tools/pokemon_animation -f gfx/pokemon/omanyte/front.animated.tilemap gfx/pokemon/omanyte/front.dimensions > gfx/pokemon/omanyte/frames.asm
tools/pokemon_animation -f gfx/pokemon/omastar/front.animated.tilemap gfx/pokemon/omastar/front.dimensions > gfx/pokemon/omastar/frames.asm
tools/pokemon_animation -f gfx/pokemon/kabuto/front.animated.tilemap gfx/pokemon/kabuto/front.dimensions > gfx/pokemon/kabuto/frames.asm
tools/pokemon_animation -f gfx/pokemon/kabutops/front.animated.tilemap gfx/pokemon/kabutops/front.dimensions > gfx/pokemon/kabutops/frames.asm
tools/pokemon_animation -f gfx/pokemon/aerodactyl/front.animated.tilemap gfx/pokemon/aerodactyl/front.dimensions > gfx/pokemon/aerodactyl/frames.asm
tools/pokemon_animation -f gfx/pokemon/snorlax/front.animated.tilemap gfx/pokemon/snorlax/front.dimensions > gfx/pokemon/snorlax/frames.asm
tools/pokemon_animation -f gfx/pokemon/articuno/front.animated.tilemap gfx/pokemon/articuno/front.dimensions > gfx/pokemon/articuno/frames.asm
tools/pokemon_animation -f gfx/pokemon/zapdos/front.animated.tilemap gfx/pokemon/zapdos/front.dimensions > gfx/pokemon/zapdos/frames.asm
tools/pokemon_animation -f gfx/pokemon/moltres/front.animated.tilemap gfx/pokemon/moltres/front.dimensions > gfx/pokemon/moltres/frames.asm
tools/pokemon_animation -f gfx/pokemon/dratini/front.animated.tilemap gfx/pokemon/dratini/front.dimensions > gfx/pokemon/dratini/frames.asm
tools/pokemon_animation -f gfx/pokemon/dragonair/front.animated.tilemap gfx/pokemon/dragonair/front.dimensions > gfx/pokemon/dragonair/frames.asm
tools/pokemon_animation -f gfx/pokemon/dragonite/front.animated.tilemap gfx/pokemon/dragonite/front.dimensions > gfx/pokemon/dragonite/frames.asm
tools/pokemon_animation -f gfx/pokemon/mewtwo/front.animated.tilemap gfx/pokemon/mewtwo/front.dimensions > gfx/pokemon/mewtwo/frames.asm
tools/pokemon_animation -f gfx/pokemon/mew/front.animated.tilemap gfx/pokemon/mew/front.dimensions > gfx/pokemon/mew/frames.asm
tools/pokemon_animation -f gfx/pokemon/chikorita/front.animated.tilemap gfx/pokemon/chikorita/front.dimensions > gfx/pokemon/chikorita/frames.asm
tools/pokemon_animation -f gfx/pokemon/bayleef/front.animated.tilemap gfx/pokemon/bayleef/front.dimensions > gfx/pokemon/bayleef/frames.asm
tools/pokemon_animation -f gfx/pokemon/meganium/front.animated.tilemap gfx/pokemon/meganium/front.dimensions > gfx/pokemon/meganium/frames.asm
tools/pokemon_animation -f gfx/pokemon/cyndaquil/front.animated.tilemap gfx/pokemon/cyndaquil/front.dimensions > gfx/pokemon/cyndaquil/frames.asm
tools/pokemon_animation -f gfx/pokemon/quilava/front.animated.tilemap gfx/pokemon/quilava/front.dimensions > gfx/pokemon/quilava/frames.asm
tools/pokemon_animation -f gfx/pokemon/typhlosion/front.animated.tilemap gfx/pokemon/typhlosion/front.dimensions > gfx/pokemon/typhlosion/frames.asm
tools/pokemon_animation -f gfx/pokemon/totodile/front.animated.tilemap gfx/pokemon/totodile/front.dimensions > gfx/pokemon/totodile/frames.asm
tools/pokemon_animation -f gfx/pokemon/croconaw/front.animated.tilemap gfx/pokemon/croconaw/front.dimensions > gfx/pokemon/croconaw/frames.asm
tools/pokemon_animation -f gfx/pokemon/feraligatr/front.animated.tilemap gfx/pokemon/feraligatr/front.dimensions > gfx/pokemon/feraligatr/frames.asm
tools/pokemon_animation -f gfx/pokemon/sentret/front.animated.tilemap gfx/pokemon/sentret/front.dimensions > gfx/pokemon/sentret/frames.asm
tools/pokemon_animation -f gfx/pokemon/furret/front.animated.tilemap gfx/pokemon/furret/front.dimensions > gfx/pokemon/furret/frames.asm
tools/pokemon_animation -f gfx/pokemon/hoothoot/front.animated.tilemap gfx/pokemon/hoothoot/front.dimensions > gfx/pokemon/hoothoot/frames.asm
tools/pokemon_animation -f gfx/pokemon/noctowl/front.animated.tilemap gfx/pokemon/noctowl/front.dimensions > gfx/pokemon/noctowl/frames.asm
tools/pokemon_animation -f gfx/pokemon/ledyba/front.animated.tilemap gfx/pokemon/ledyba/front.dimensions > gfx/pokemon/ledyba/frames.asm
tools/pokemon_animation -f gfx/pokemon/ledian/front.animated.tilemap gfx/pokemon/ledian/front.dimensions > gfx/pokemon/ledian/frames.asm
tools/pokemon_animation -f gfx/pokemon/spinarak/front.animated.tilemap gfx/pokemon/spinarak/front.dimensions > gfx/pokemon/spinarak/frames.asm
tools/pokemon_animation -f gfx/pokemon/ariados/front.animated.tilemap gfx/pokemon/ariados/front.dimensions > gfx/pokemon/ariados/frames.asm
tools/pokemon_animation -f gfx/pokemon/crobat/front.animated.tilemap gfx/pokemon/crobat/front.dimensions > gfx/pokemon/crobat/frames.asm
tools/pokemon_animation -f gfx/pokemon/chinchou/front.animated.tilemap gfx/pokemon/chinchou/front.dimensions > gfx/pokemon/chinchou/frames.asm
tools/pokemon_animation -f gfx/pokemon/lanturn/front.animated.tilemap gfx/pokemon/lanturn/front.dimensions > gfx/pokemon/lanturn/frames.asm
tools/pokemon_animation -f gfx/pokemon/pichu/front.animated.tilemap gfx/pokemon/pichu/front.dimensions > gfx/pokemon/pichu/frames.asm
tools/pokemon_animation -f gfx/pokemon/cleffa/front.animated.tilemap gfx/pokemon/cleffa/front.dimensions > gfx/pokemon/cleffa/frames.asm
tools/pokemon_animation -f gfx/pokemon/igglybuff/front.animated.tilemap gfx/pokemon/igglybuff/front.dimensions > gfx/pokemon/igglybuff/frames.asm
tools/pokemon_animation -f gfx/pokemon/togepi/front.animated.tilemap gfx/pokemon/togepi/front.dimensions > gfx/pokemon/togepi/frames.asm
tools/pokemon_animation -f gfx/pokemon/togetic/front.animated.tilemap gfx/pokemon/togetic/front.dimensions > gfx/pokemon/togetic/frames.asm
tools/pokemon_animation -f gfx/pokemon/natu/front.animated.tilemap gfx/pokemon/natu/front.dimensions > gfx/pokemon/natu/frames.asm
tools/pokemon_animation -f gfx/pokemon/xatu/front.animated.tilemap gfx/pokemon/xatu/front.dimensions > gfx/pokemon/xatu/frames.asm
tools/pokemon_animation -f gfx/pokemon/mareep/front.animated.tilemap gfx/pokemon/mareep/front.dimensions > gfx/pokemon/mareep/frames.asm
tools/pokemon_animation -f gfx/pokemon/flaaffy/front.animated.tilemap gfx/pokemon/flaaffy/front.dimensions > gfx/pokemon/flaaffy/frames.asm
tools/pokemon_animation -f gfx/pokemon/ampharos/front.animated.tilemap gfx/pokemon/ampharos/front.dimensions > gfx/pokemon/ampharos/frames.asm
tools/pokemon_animation -f gfx/pokemon/bellossom/front.animated.tilemap gfx/pokemon/bellossom/front.dimensions > gfx/pokemon/bellossom/frames.asm
tools/pokemon_animation -f gfx/pokemon/marill/front.animated.tilemap gfx/pokemon/marill/front.dimensions > gfx/pokemon/marill/frames.asm
tools/pokemon_animation -f gfx/pokemon/azumarill/front.animated.tilemap gfx/pokemon/azumarill/front.dimensions > gfx/pokemon/azumarill/frames.asm
tools/pokemon_animation -f gfx/pokemon/sudowoodo/front.animated.tilemap gfx/pokemon/sudowoodo/front.dimensions > gfx/pokemon/sudowoodo/frames.asm
tools/pokemon_animation -f gfx/pokemon/politoed/front.animated.tilemap gfx/pokemon/politoed/front.dimensions > gfx/pokemon/politoed/frames.asm
tools/pokemon_animation -f gfx/pokemon/hoppip/front.animated.tilemap gfx/pokemon/hoppip/front.dimensions > gfx/pokemon/hoppip/frames.asm
tools/pokemon_animation -f gfx/pokemon/skiploom/front.animated.tilemap gfx/pokemon/skiploom/front.dimensions > gfx/pokemon/skiploom/frames.asm
tools/pokemon_animation -f gfx/pokemon/jumpluff/front.animated.tilemap gfx/pokemon/jumpluff/front.dimensions > gfx/pokemon/jumpluff/frames.asm
tools/pokemon_animation -f gfx/pokemon/aipom/front.animated.tilemap gfx/pokemon/aipom/front.dimensions > gfx/pokemon/aipom/frames.asm
tools/pokemon_animation -f gfx/pokemon/sunkern/front.animated.tilemap gfx/pokemon/sunkern/front.dimensions > gfx/pokemon/sunkern/frames.asm
tools/pokemon_animation -f gfx/pokemon/sunflora/front.animated.tilemap gfx/pokemon/sunflora/front.dimensions > gfx/pokemon/sunflora/frames.asm
tools/pokemon_animation -f gfx/pokemon/yanma/front.animated.tilemap gfx/pokemon/yanma/front.dimensions > gfx/pokemon/yanma/frames.asm
tools/pokemon_animation -f gfx/pokemon/wooper/front.animated.tilemap gfx/pokemon/wooper/front.dimensions > gfx/pokemon/wooper/frames.asm
tools/pokemon_animation -f gfx/pokemon/quagsire/front.animated.tilemap gfx/pokemon/quagsire/front.dimensions > gfx/pokemon/quagsire/frames.asm
tools/pokemon_animation -f gfx/pokemon/espeon/front.animated.tilemap gfx/pokemon/espeon/front.dimensions > gfx/pokemon/espeon/frames.asm
tools/pokemon_animation -f gfx/pokemon/umbreon/front.animated.tilemap gfx/pokemon/umbreon/front.dimensions > gfx/pokemon/umbreon/frames.asm
tools/pokemon_animation -f gfx/pokemon/murkrow/front.animated.tilemap gfx/pokemon/murkrow/front.dimensions > gfx/pokemon/murkrow/frames.asm
tools/pokemon_animation -f gfx/pokemon/slowking/front.animated.tilemap gfx/pokemon/slowking/front.dimensions > gfx/pokemon/slowking/frames.asm
tools/pokemon_animation -f gfx/pokemon/misdreavus/front.animated.tilemap gfx/pokemon/misdreavus/front.dimensions > gfx/pokemon/misdreavus/frames.asm
tools/pokemon_animation -f gfx/pokemon/wobbuffet/front.animated.tilemap gfx/pokemon/wobbuffet/front.dimensions > gfx/pokemon/wobbuffet/frames.asm
tools/pokemon_animation -f gfx/pokemon/girafarig/front.animated.tilemap gfx/pokemon/girafarig/front.dimensions > gfx/pokemon/girafarig/frames.asm
tools/pokemon_animation -f gfx/pokemon/pineco/front.animated.tilemap gfx/pokemon/pineco/front.dimensions > gfx/pokemon/pineco/frames.asm
tools/pokemon_animation -f gfx/pokemon/forretress/front.animated.tilemap gfx/pokemon/forretress/front.dimensions > gfx/pokemon/forretress/frames.asm
tools/pokemon_animation -f gfx/pokemon/dunsparce/front.animated.tilemap gfx/pokemon/dunsparce/front.dimensions > gfx/pokemon/dunsparce/frames.asm
tools/pokemon_animation -f gfx/pokemon/gligar/front.animated.tilemap gfx/pokemon/gligar/front.dimensions > gfx/pokemon/gligar/frames.asm
tools/pokemon_animation -f gfx/pokemon/steelix/front.animated.tilemap gfx/pokemon/steelix/front.dimensions > gfx/pokemon/steelix/frames.asm
tools/pokemon_animation -f gfx/pokemon/snubbull/front.animated.tilemap gfx/pokemon/snubbull/front.dimensions > gfx/pokemon/snubbull/frames.asm
tools/pokemon_animation -f gfx/pokemon/granbull/front.animated.tilemap gfx/pokemon/granbull/front.dimensions > gfx/pokemon/granbull/frames.asm
tools/pokemon_animation -f gfx/pokemon/qwilfish/front.animated.tilemap gfx/pokemon/qwilfish/front.dimensions > gfx/pokemon/qwilfish/frames.asm
tools/pokemon_animation -f gfx/pokemon/scizor/front.animated.tilemap gfx/pokemon/scizor/front.dimensions > gfx/pokemon/scizor/frames.asm
tools/pokemon_animation -f gfx/pokemon/shuckle/front.animated.tilemap gfx/pokemon/shuckle/front.dimensions > gfx/pokemon/shuckle/frames.asm
tools/pokemon_animation -f gfx/pokemon/heracross/front.animated.tilemap gfx/pokemon/heracross/front.dimensions > gfx/pokemon/heracross/frames.asm
tools/pokemon_animation -f gfx/pokemon/sneasel/front.animated.tilemap gfx/pokemon/sneasel/front.dimensions > gfx/pokemon/sneasel/frames.asm
tools/pokemon_animation -f gfx/pokemon/teddiursa/front.animated.tilemap gfx/pokemon/teddiursa/front.dimensions > gfx/pokemon/teddiursa/frames.asm
tools/pokemon_animation -f gfx/pokemon/ursaring/front.animated.tilemap gfx/pokemon/ursaring/front.dimensions > gfx/pokemon/ursaring/frames.asm
tools/pokemon_animation -f gfx/pokemon/slugma/front.animated.tilemap gfx/pokemon/slugma/front.dimensions > gfx/pokemon/slugma/frames.asm
tools/pokemon_animation -f gfx/pokemon/magcargo/front.animated.tilemap gfx/pokemon/magcargo/front.dimensions > gfx/pokemon/magcargo/frames.asm
tools/pokemon_animation -f gfx/pokemon/swinub/front.animated.tilemap gfx/pokemon/swinub/front.dimensions > gfx/pokemon/swinub/frames.asm
tools/pokemon_animation -f gfx/pokemon/piloswine/front.animated.tilemap gfx/pokemon/piloswine/front.dimensions > gfx/pokemon/piloswine/frames.asm
tools/pokemon_animation -f gfx/pokemon/corsola/front.animated.tilemap gfx/pokemon/corsola/front.dimensions > gfx/pokemon/corsola/frames.asm
tools/pokemon_animation -f gfx/pokemon/remoraid/front.animated.tilemap gfx/pokemon/remoraid/front.dimensions > gfx/pokemon/remoraid/frames.asm
tools/pokemon_animation -f gfx/pokemon/octillery/front.animated.tilemap gfx/pokemon/octillery/front.dimensions > gfx/pokemon/octillery/frames.asm
tools/pokemon_animation -f gfx/pokemon/delibird/front.animated.tilemap gfx/pokemon/delibird/front.dimensions > gfx/pokemon/delibird/frames.asm
tools/pokemon_animation -f gfx/pokemon/mantine/front.animated.tilemap gfx/pokemon/mantine/front.dimensions > gfx/pokemon/mantine/frames.asm
tools/pokemon_animation -f gfx/pokemon/skarmory/front.animated.tilemap gfx/pokemon/skarmory/front.dimensions > gfx/pokemon/skarmory/frames.asm
tools/pokemon_animation -f gfx/pokemon/houndour/front.animated.tilemap gfx/pokemon/houndour/front.dimensions > gfx/pokemon/houndour/frames.asm
tools/pokemon_animation -f gfx/pokemon/houndoom/front.animated.tilemap gfx/pokemon/houndoom/front.dimensions > gfx/pokemon/houndoom/frames.asm
tools/pokemon_animation -f gfx/pokemon/kingdra/front.animated.tilemap gfx/pokemon/kingdra/front.dimensions > gfx/pokemon/kingdra/frames.asm
tools/pokemon_animation -f gfx/pokemon/phanpy/front.animated.tilemap gfx/pokemon/phanpy/front.dimensions > gfx/pokemon/phanpy/frames.asm
tools/pokemon_animation -f gfx/pokemon/donphan/front.animated.tilemap gfx/pokemon/donphan/front.dimensions > gfx/pokemon/donphan/frames.asm
tools/pokemon_animation -f gfx/pokemon/porygon2/front.animated.tilemap gfx/pokemon/porygon2/front.dimensions > gfx/pokemon/porygon2/frames.asm
tools/pokemon_animation -f gfx/pokemon/stantler/front.animated.tilemap gfx/pokemon/stantler/front.dimensions > gfx/pokemon/stantler/frames.asm
tools/pokemon_animation -f gfx/pokemon/smeargle/front.animated.tilemap gfx/pokemon/smeargle/front.dimensions > gfx/pokemon/smeargle/frames.asm
tools/pokemon_animation -f gfx/pokemon/tyrogue/front.animated.tilemap gfx/pokemon/tyrogue/front.dimensions > gfx/pokemon/tyrogue/frames.asm
tools/pokemon_animation -f gfx/pokemon/hitmontop/front.animated.tilemap gfx/pokemon/hitmontop/front.dimensions > gfx/pokemon/hitmontop/frames.asm
tools/pokemon_animation -f gfx/pokemon/smoochum/front.animated.tilemap gfx/pokemon/smoochum/front.dimensions > gfx/pokemon/smoochum/frames.asm
tools/pokemon_animation -f gfx/pokemon/elekid/front.animated.tilemap gfx/pokemon/elekid/front.dimensions > gfx/pokemon/elekid/frames.asm
tools/pokemon_animation -f gfx/pokemon/magby/front.animated.tilemap gfx/pokemon/magby/front.dimensions > gfx/pokemon/magby/frames.asm
tools/pokemon_animation -f gfx/pokemon/miltank/front.animated.tilemap gfx/pokemon/miltank/front.dimensions > gfx/pokemon/miltank/frames.asm
tools/pokemon_animation -f gfx/pokemon/blissey/front.animated.tilemap gfx/pokemon/blissey/front.dimensions > gfx/pokemon/blissey/frames.asm
tools/pokemon_animation -f gfx/pokemon/raikou/front.animated.tilemap gfx/pokemon/raikou/front.dimensions > gfx/pokemon/raikou/frames.asm
tools/pokemon_animation -f gfx/pokemon/entei/front.animated.tilemap gfx/pokemon/entei/front.dimensions > gfx/pokemon/entei/frames.asm
tools/pokemon_animation -f gfx/pokemon/suicune/front.animated.tilemap gfx/pokemon/suicune/front.dimensions > gfx/pokemon/suicune/frames.asm
tools/pokemon_animation -f gfx/pokemon/larvitar/front.animated.tilemap gfx/pokemon/larvitar/front.dimensions > gfx/pokemon/larvitar/frames.asm
tools/pokemon_animation -f gfx/pokemon/pupitar/front.animated.tilemap gfx/pokemon/pupitar/front.dimensions > gfx/pokemon/pupitar/frames.asm
tools/pokemon_animation -f gfx/pokemon/tyranitar/front.animated.tilemap gfx/pokemon/tyranitar/front.dimensions > gfx/pokemon/tyranitar/frames.asm
tools/pokemon_animation -f gfx/pokemon/ho_oh/front.animated.tilemap gfx/pokemon/ho_oh/front.dimensions > gfx/pokemon/ho_oh/frames.asm
tools/pokemon_animation -f gfx/pokemon/celebi/front.animated.tilemap gfx/pokemon/celebi/front.dimensions > gfx/pokemon/celebi/frames.asm
tools/pokemon_animation -f gfx/pokemon/egg/front.animated.tilemap gfx/pokemon/egg/front.dimensions > gfx/pokemon/egg/frames.asm
tools/pokemon_animation -f gfx/pokemon/unown_a/front.animated.tilemap gfx/pokemon/unown_a/front.dimensions > gfx/pokemon/unown_a/frames.asm
tools/pokemon_animation -f gfx/pokemon/unown_b/front.animated.tilemap gfx/pokemon/unown_b/front.dimensions > gfx/pokemon/unown_b/frames.asm
tools/pokemon_animation -f gfx/pokemon/unown_c/front.animated.tilemap gfx/pokemon/unown_c/front.dimensions > gfx/pokemon/unown_c/frames.asm
tools/pokemon_animation -f gfx/pokemon/unown_d/front.animated.tilemap gfx/pokemon/unown_d/front.dimensions > gfx/pokemon/unown_d/frames.asm
tools/pokemon_animation -f gfx/pokemon/unown_e/front.animated.tilemap gfx/pokemon/unown_e/front.dimensions > gfx/pokemon/unown_e/frames.asm
tools/pokemon_animation -f gfx/pokemon/unown_f/front.animated.tilemap gfx/pokemon/unown_f/front.dimensions > gfx/pokemon/unown_f/frames.asm
tools/pokemon_animation -f gfx/pokemon/unown_g/front.animated.tilemap gfx/pokemon/unown_g/front.dimensions > gfx/pokemon/unown_g/frames.asm
tools/pokemon_animation -f gfx/pokemon/unown_h/front.animated.tilemap gfx/pokemon/unown_h/front.dimensions > gfx/pokemon/unown_h/frames.asm
tools/pokemon_animation -f gfx/pokemon/unown_i/front.animated.tilemap gfx/pokemon/unown_i/front.dimensions > gfx/pokemon/unown_i/frames.asm
tools/pokemon_animation -f gfx/pokemon/unown_j/front.animated.tilemap gfx/pokemon/unown_j/front.dimensions > gfx/pokemon/unown_j/frames.asm
tools/pokemon_animation -f gfx/pokemon/unown_k/front.animated.tilemap gfx/pokemon/unown_k/front.dimensions > gfx/pokemon/unown_k/frames.asm
tools/pokemon_animation -f gfx/pokemon/unown_l/front.animated.tilemap gfx/pokemon/unown_l/front.dimensions > gfx/pokemon/unown_l/frames.asm
tools/pokemon_animation -f gfx/pokemon/unown_m/front.animated.tilemap gfx/pokemon/unown_m/front.dimensions > gfx/pokemon/unown_m/frames.asm
tools/pokemon_animation -f gfx/pokemon/unown_n/front.animated.tilemap gfx/pokemon/unown_n/front.dimensions > gfx/pokemon/unown_n/frames.asm
tools/pokemon_animation -f gfx/pokemon/unown_o/front.animated.tilemap gfx/pokemon/unown_o/front.dimensions > gfx/pokemon/unown_o/frames.asm
tools/pokemon_animation -f gfx/pokemon/unown_p/front.animated.tilemap gfx/pokemon/unown_p/front.dimensions > gfx/pokemon/unown_p/frames.asm
tools/pokemon_animation -f gfx/pokemon/unown_q/front.animated.tilemap gfx/pokemon/unown_q/front.dimensions > gfx/pokemon/unown_q/frames.asm
tools/pokemon_animation -f gfx/pokemon/unown_r/front.animated.tilemap gfx/pokemon/unown_r/front.dimensions > gfx/pokemon/unown_r/frames.asm
tools/pokemon_animation -f gfx/pokemon/unown_s/front.animated.tilemap gfx/pokemon/unown_s/front.dimensions > gfx/pokemon/unown_s/frames.asm
tools/pokemon_animation -f gfx/pokemon/unown_t/front.animated.tilemap gfx/pokemon/unown_t/front.dimensions > gfx/pokemon/unown_t/frames.asm
tools/pokemon_animation -f gfx/pokemon/unown_u/front.animated.tilemap gfx/pokemon/unown_u/front.dimensions > gfx/pokemon/unown_u/frames.asm
tools/pokemon_animation -f gfx/pokemon/unown_v/front.animated.tilemap gfx/pokemon/unown_v/front.dimensions > gfx/pokemon/unown_v/frames.asm
tools/pokemon_animation -f gfx/pokemon/unown_w/front.animated.tilemap gfx/pokemon/unown_w/front.dimensions > gfx/pokemon/unown_w/frames.asm
tools/pokemon_animation -f gfx/pokemon/unown_x/front.animated.tilemap gfx/pokemon/unown_x/front.dimensions > gfx/pokemon/unown_x/frames.asm
tools/pokemon_animation -f gfx/pokemon/unown_y/front.animated.tilemap gfx/pokemon/unown_y/front.dimensions > gfx/pokemon/unown_y/frames.asm
tools/pokemon_animation -f gfx/pokemon/unown_z/front.animated.tilemap gfx/pokemon/unown_z/front.dimensions > gfx/pokemon/unown_z/frames.asm
tools/lzcompress --matching -- gfx/card_flip/card_flip_3.2bpp gfx/card_flip/card_flip_3.2bpp.lz
tools/lzcompress --matching -- gfx/card_flip/card_flip_1.2bpp gfx/card_flip/card_flip_1.2bpp.lz
tools/lzcompress --matching -- gfx/card_flip/card_flip_2.2bpp gfx/card_flip/card_flip_2.2bpp.lz
tools/lzcompress --matching --align 4 --prefer-alternate --align 1 -- gfx/unown_puzzle/start_cancel.2bpp gfx/unown_puzzle/start_cancel.2bpp.lz
tools/lzcompress --matching --align 4 -- gfx/unown_puzzle/hooh.2bpp gfx/unown_puzzle/hooh.2bpp.lz
tools/lzcompress --matching --align 4 -- gfx/unown_puzzle/aerodactyl.2bpp gfx/unown_puzzle/aerodactyl.2bpp.lz
tools/lzcompress --matching --align 4 -- gfx/unown_puzzle/kabuto.2bpp gfx/unown_puzzle/kabuto.2bpp.lz
tools/lzcompress --matching --align 4 -- gfx/unown_puzzle/omanyte.2bpp gfx/unown_puzzle/omanyte.2bpp.lz
tools/lzcompress --matching --odd-alternate --align 4 -- gfx/memory_game/memory_game.2bpp gfx/memory_game/memory_game.2bpp.lz
tools/lzcompress --matching --literal-only --align 1 -- gfx/pc/pc.2bpp gfx/pc/pc.2bpp.lz
tools/lzcompress --matching --align 4 -- gfx/intro/suicune_run.2bpp gfx/intro/suicune_run.2bpp.lz
tools/lzcompress --matching --align 4 -- gfx/intro/pichu_wooper.2bpp gfx/intro/pichu_wooper.2bpp.lz
tools/lzcompress --matching --align 4 -- gfx/intro/background.2bpp gfx/intro/background.2bpp.lz
tools/lzcompress --matching --align 4 -- gfx/intro/unowns.2bpp gfx/intro/unowns.2bpp.lz
tools/lzcompress --matching --align 4 -- gfx/intro/pulse.2bpp gfx/intro/pulse.2bpp.lz
tools/lzcompress --matching --align 4 -- gfx/intro/crystal_unowns.2bpp gfx/intro/crystal_unowns.2bpp.lz
tools/lzcompress --matching --align 4 --odd-alternate --align 4 -- gfx/intro/suicune_close.2bpp gfx/intro/suicune_close.2bpp.lz
tools/lzcompress --matching --align 4 -- gfx/intro/suicune_jump.2bpp gfx/intro/suicune_jump.2bpp.lz
tools/lzcompress --matching --align 4 -- gfx/intro/suicune_back.2bpp gfx/intro/suicune_back.2bpp.lz
tools/lzcompress --matching --align 4 --odd-alternate --align 4 -- gfx/intro/unown_back.2bpp gfx/intro/unown_back.2bpp.lz
tools/lzcompress --matching --literal-only --align 1 -- gfx/pokegear/town_map.2bpp gfx/pokegear/town_map.2bpp.lz
tools/lzcompress --matching --align 4 -- gfx/mobile/mobile_trade_sprites.2bpp gfx/mobile/mobile_trade_sprites.2bpp.lz
tools/lzcompress --matching --align 4 -- gfx/mobile/mobile_trade.2bpp gfx/mobile/mobile_trade.2bpp.lz
tools/lzcompress --matching --align 4 -- gfx/title/suicune.2bpp gfx/title/suicune.2bpp.lz
tools/lzcompress --matching --literal-only --align 1 -- gfx/title/logo.2bpp gfx/title/logo.2bpp.lz
tools/lzcompress --matching --align 4 -- gfx/title/crystal.2bpp gfx/title/crystal.2bpp.lz
tools/lzcompress --matching -- gfx/mobile/pichu_animated.2bpp gfx/mobile/pichu_animated.2bpp.lz
tools/lzcompress --matching -- gfx/mobile/electro_ball.2bpp gfx/mobile/electro_ball.2bpp.lz
tools/lzcompress --matching --prefer-alternate --align 1 -- gfx/diploma/diploma.2bpp gfx/diploma/diploma.2bpp.lz
tools/lzcompress --matching --prefer-alternate --align 1 -- gfx/pokedex/pokedex_sgb.2bpp gfx/pokedex/pokedex_sgb.2bpp.lz
tools/lzcompress --matching --align 4 -- gfx/pokedex/question_mark.2bpp gfx/pokedex/question_mark.2bpp.lz
/workspace/toolchains/rgbds-1.0.4/rgbasm -Weverything -Wtruncation=1 -Q8 -P includes.asm  -o engine/movie/credits.o engine/movie/credits.asm
tools/lzcompress --matching --align 4 -- gfx/player/chris_back.2bpp gfx/player/chris_back.2bpp.lz
tools/lzcompress --matching --align 4 -- gfx/battle/dude.2bpp gfx/battle/dude.2bpp.lz
tools/lzcompress --matching --align 4 -- gfx/new_game/shrink1.2bpp gfx/new_game/shrink1.2bpp.lz
tools/lzcompress --matching --align 4 -- gfx/new_game/shrink2.2bpp gfx/new_game/shrink2.2bpp.lz
tools/lzcompress --matching -- gfx/pokemon/egg/unused_front.2bpp gfx/pokemon/egg/unused_front.2bpp.lz
tools/lzcompress --matching --odd-alternate --align 4 -- gfx/splash/ditto.2bpp gfx/splash/ditto.2bpp.lz
tools/lzcompress --matching --literal-only --align 1 -- gfx/pokegear/pokegear.2bpp gfx/pokegear/pokegear.2bpp.lz
tools/lzcompress --matching -- gfx/pokemon/ho_oh/front.animated.2bpp gfx/pokemon/ho_oh/front.animated.2bpp.lz
tools/lzcompress --matching -- gfx/pokemon/machamp/front.animated.2bpp gfx/pokemon/machamp/front.animated.2bpp.lz
tools/lzcompress --matching -- gfx/pokemon/ninetales/front.animated.2bpp gfx/pokemon/ninetales/front.animated.2bpp.lz
tools/lzcompress --matching -- gfx/pokemon/feraligatr/front.animated.2bpp gfx/pokemon/feraligatr/front.animated.2bpp.lz
tools/lzcompress --matching -- gfx/pokemon/nidoking/front.animated.2bpp gfx/pokemon/nidoking/front.animated.2bpp.lz
tools/lzcompress --matching -- gfx/pokemon/raikou/front.animated.2bpp gfx/pokemon/raikou/front.animated.2bpp.lz
tools/lzcompress --matching -- gfx/pokemon/lugia/front.animated.2bpp gfx/pokemon/lugia/front.animated.2bpp.lz
tools/lzcompress --matching -- gfx/pokemon/articuno/front.animated.2bpp gfx/pokemon/articuno/front.animated.2bpp.lz
tools/lzcompress --matching -- gfx/pokemon/tauros/front.animated.2bpp gfx/pokemon/tauros/front.animated.2bpp.lz
tools/lzcompress --matching -- gfx/pokemon/venusaur/front.animated.2bpp gfx/pokemon/venusaur/front.animated.2bpp.lz
tools/lzcompress --matching -- gfx/pokemon/entei/front.animated.2bpp gfx/pokemon/entei/front.animated.2bpp.lz
tools/lzcompress --matching -- gfx/pokemon/suicune/front.animated.2bpp gfx/pokemon/suicune/front.animated.2bpp.lz
tools/lzcompress --matching -- gfx/pokemon/typhlosion/front.animated.2bpp gfx/pokemon/typhlosion/front.animated.2bpp.lz
tools/lzcompress --matching -- gfx/pokemon/blastoise/front.animated.2bpp gfx/pokemon/blastoise/front.animated.2bpp.lz
tools/lzcompress --matching -- gfx/pokemon/rapidash/front.animated.2bpp gfx/pokemon/rapidash/front.animated.2bpp.lz
tools/lzcompress --matching -- gfx/pokemon/meganium/front.animated.2bpp gfx/pokemon/meganium/front.animated.2bpp.lz
tools/lzcompress --matching -- gfx/pokemon/nidoqueen/front.animated.2bpp gfx/pokemon/nidoqueen/front.animated.2bpp.lz
tools/lzcompress --matching -- gfx/pokemon/hitmonlee/front.animated.2bpp gfx/pokemon/hitmonlee/front.animated.2bpp.lz
tools/lzcompress --matching -- gfx/pokemon/scizor/front.animated.2bpp gfx/pokemon/scizor/front.animated.2bpp.lz
tools/lzcompress --matching -- gfx/pokemon/beedrill/front.animated.2bpp gfx/pokemon/beedrill/front.animated.2bpp.lz
tools/lzcompress --matching -- gfx/pokemon/arcanine/front.animated.2bpp gfx/pokemon/arcanine/front.animated.2bpp.lz
tools/lzcompress --matching -- gfx/pokemon/tyranitar/front.animated.2bpp gfx/pokemon/tyranitar/front.animated.2bpp.lz
tools/lzcompress --matching -- gfx/pokemon/moltres/front.animated.2bpp gfx/pokemon/moltres/front.animated.2bpp.lz
tools/lzcompress --matching -- gfx/pokemon/zapdos/front.animated.2bpp gfx/pokemon/zapdos/front.animated.2bpp.lz
tools/lzcompress --matching -- gfx/pokemon/arbok/front.animated.2bpp gfx/pokemon/arbok/front.animated.2bpp.lz
tools/lzcompress --matching -- gfx/pokemon/mewtwo/front.animated.2bpp gfx/pokemon/mewtwo/front.animated.2bpp.lz
tools/lzcompress --matching -- gfx/pokemon/fearow/front.animated.2bpp gfx/pokemon/fearow/front.animated.2bpp.lz
tools/lzcompress --matching -- gfx/pokemon/charizard/front.animated.2bpp gfx/pokemon/charizard/front.animated.2bpp.lz
tools/lzcompress --matching -- gfx/pokemon/quilava/front.animated.2bpp gfx/pokemon/quilava/front.animated.2bpp.lz
tools/lzcompress --matching -- gfx/pokemon/steelix/front.animated.2bpp gfx/pokemon/steelix/front.animated.2bpp.lz
tools/lzcompress --matching -- gfx/pokemon/alakazam/front.animated.2bpp gfx/pokemon/alakazam/front.animated.2bpp.lz
tools/lzcompress --matching -- gfx/pokemon/gyarados/front.animated.2bpp gfx/pokemon/gyarados/front.animated.2bpp.lz
tools/lzcompress --matching -- gfx/pokemon/kangaskhan/front.animated.2bpp gfx/pokemon/kangaskhan/front.animated.2bpp.lz
tools/lzcompress --matching -- gfx/pokemon/rhydon/front.animated.2bpp gfx/pokemon/rhydon/front.animated.2bpp.lz
tools/lzcompress --matching -- gfx/pokemon/golduck/front.animated.2bpp gfx/pokemon/golduck/front.animated.2bpp.lz
tools/lzcompress --matching -- gfx/pokemon/rhyhorn/front.animated.2bpp gfx/pokemon/rhyhorn/front.animated.2bpp.lz
tools/lzcompress --matching -- gfx/pokemon/pidgeot/front.animated.2bpp gfx/pokemon/pidgeot/front.animated.2bpp.lz
tools/lzcompress --matching -- gfx/pokemon/slowbro/front.animated.2bpp gfx/pokemon/slowbro/front.animated.2bpp.lz
tools/lzcompress --matching -- gfx/pokemon/butterfree/front.animated.2bpp gfx/pokemon/butterfree/front.animated.2bpp.lz
tools/lzcompress --matching -- gfx/pokemon/weezing/front.animated.2bpp gfx/pokemon/weezing/front.animated.2bpp.lz
tools/lzcompress --matching -- gfx/pokemon/cloyster/front.animated.2bpp gfx/pokemon/cloyster/front.animated.2bpp.lz
tools/lzcompress --matching -- gfx/pokemon/skarmory/front.animated.2bpp gfx/pokemon/skarmory/front.animated.2bpp.lz
tools/lzcompress --matching -- gfx/pokemon/dewgong/front.animated.2bpp gfx/pokemon/dewgong/front.animated.2bpp.lz
tools/lzcompress --matching -- gfx/pokemon/victreebel/front.animated.2bpp gfx/pokemon/victreebel/front.animated.2bpp.lz
tools/lzcompress --matching -- gfx/pokemon/raichu/front.animated.2bpp gfx/pokemon/raichu/front.animated.2bpp.lz
tools/lzcompress --matching --no-lookback-3 -- gfx/pokemon/primeape/front.animated.2bpp gfx/pokemon/primeape/front.animated.2bpp.lz
tools/lzcompress --matching -- gfx/pokemon/omastar/back.2bpp gfx/pokemon/omastar/back.2bpp.lz
tools/lzcompress --matching -- gfx/pokemon/dodrio/front.animated.2bpp gfx/pokemon/dodrio/front.animated.2bpp.lz
tools/lzcompress --matching -- gfx/pokemon/slowking/front.animated.2bpp gfx/pokemon/slowking/front.animated.2bpp.lz
tools/lzcompress --matching -- gfx/pokemon/hitmontop/front.animated.2bpp gfx/pokemon/hitmontop/front.animated.2bpp.lz
tools/lzcompress --matching -- gfx/pokemon/onix/front.animated.2bpp gfx/pokemon/onix/front.animated.2bpp.lz
tools/lzcompress --matching -- gfx/pokemon/blissey/front.animated.2bpp gfx/pokemon/blissey/front.animated.2bpp.lz
tools/lzcompress --matching -- gfx/pokemon/dragonite/front.animated.2bpp gfx/pokemon/dragonite/front.animated.2bpp.lz
tools/lzcompress --matching -- gfx/pokemon/poliwrath/front.animated.2bpp gfx/pokemon/poliwrath/front.animated.2bpp.lz
tools/lzcompress --matching --no-lookback-3 -- gfx/pokemon/scyther/front.animated.2bpp gfx/pokemon/scyther/front.animated.2bpp.lz
tools/lzcompress --matching -- gfx/pokemon/aerodactyl/front.animated.2bpp gfx/pokemon/aerodactyl/front.animated.2bpp.lz
tools/lzcompress --matching -- gfx/pokemon/seaking/front.animated.2bpp gfx/pokemon/seaking/front.animated.2bpp.lz
tools/lzcompress --matching -- gfx/pokemon/muk/front.animated.2bpp gfx/pokemon/muk/front.animated.2bpp.lz
tools/lzcompress --matching -- gfx/pokemon/croconaw/front.animated.2bpp gfx/pokemon/croconaw/front.animated.2bpp.lz
tools/lzcompress --matching -- gfx/pokemon/hypno/front.animated.2bpp gfx/pokemon/hypno/front.animated.2bpp.lz
tools/lzcompress --matching -- gfx/pokemon/nidorino/front.animated.2bpp gfx/pokemon/nidorino/front.animated.2bpp.lz
tools/lzcompress --matching -- gfx/pokemon/sandslash/front.animated.2bpp gfx/pokemon/sandslash/front.animated.2bpp.lz
tools/lzcompress --matching -- gfx/pokemon/jolteon/front.animated.2bpp gfx/pokemon/jolteon/front.animated.2bpp.lz
tools/lzcompress --matching -- gfx/pokemon/donphan/front.animated.2bpp gfx/pokemon/donphan/front.animated.2bpp.lz
tools/lzcompress --matching -- gfx/pokemon/pinsir/front.animated.2bpp gfx/pokemon/pinsir/front.animated.2bpp.lz
tools/lzcompress --matching -- gfx/pokemon/unown_e/front.animated.2bpp gfx/pokemon/unown_e/front.animated.2bpp.lz
tools/lzcompress --matching -- gfx/pokemon/golbat/front.animated.2bpp gfx/pokemon/golbat/front.animated.2bpp.lz
tools/lzcompress --matching -- gfx/pokemon/exeggcute/front.animated.2bpp gfx/pokemon/exeggcute/front.animated.2bpp.lz
tools/lzcompress --matching -- gfx/pokemon/magcargo/front.animated.2bpp gfx/pokemon/magcargo/front.animated.2bpp.lz
tools/lzcompress --matching -- gfx/pokemon/persian/front.animated.2bpp gfx/pokemon/persian/front.animated.2bpp.lz
tools/lzcompress --matching -- gfx/pokemon/stantler/front.animated.2bpp gfx/pokemon/stantler/front.animated.2bpp.lz
tools/lzcompress --matching -- gfx/pokemon/raticate/front.animated.2bpp gfx/pokemon/raticate/front.animated.2bpp.lz
tools/lzcompress --matching -- gfx/pokemon/venomoth/front.animated.2bpp gfx/pokemon/venomoth/front.animated.2bpp.lz
tools/lzcompress --matching -- gfx/pokemon/politoed/front.animated.2bpp gfx/pokemon/politoed/front.animated.2bpp.lz
tools/lzcompress --matching -- gfx/pokemon/electabuzz/front.animated.2bpp gfx/pokemon/electabuzz/front.animated.2bpp.lz
tools/lzcompress --matching -- gfx/pokemon/mantine/front.animated.2bpp gfx/pokemon/mantine/front.animated.2bpp.lz
tools/lzcompress --matching -- gfx/pokemon/lickitung/front.animated.2bpp gfx/pokemon/lickitung/front.animated.2bpp.lz
tools/lzcompress --matching -- gfx/pokemon/kingdra/front.animated.2bpp gfx/pokemon/kingdra/front.animated.2bpp.lz
tools/lzcompress --matching -- gfx/pokemon/charmeleon/front.animated.2bpp gfx/pokemon/charmeleon/front.animated.2bpp.lz
tools/lzcompress --matching -- gfx/pokemon/kadabra/front.animated.2bpp gfx/pokemon/kadabra/front.animated.2bpp.lz
tools/lzcompress --matching -- gfx/pokemon/exeggutor/front.animated.2bpp gfx/pokemon/exeggutor/front.animated.2bpp.lz
tools/lzcompress --matching -- gfx/pokemon/gastly/front.animated.2bpp gfx/pokemon/gastly/front.animated.2bpp.lz
tools/lzcompress --matching -- gfx/pokemon/azumarill/front.animated.2bpp gfx/pokemon/azumarill/front.animated.2bpp.lz
tools/lzcompress --matching -- gfx/pokemon/parasect/front.animated.2bpp gfx/pokemon/parasect/front.animated.2bpp.lz
tools/lzcompress --matching -- gfx/pokemon/mr__mime/front.animated.2bpp gfx/pokemon/mr__mime/front.animated.2bpp.lz
tools/lzcompress --matching -- gfx/pokemon/heracross/front.animated.2bpp gfx/pokemon/heracross/front.animated.2bpp.lz
tools/lzcompress --matching -- gfx/pokemon/ariados/front.animated.2bpp gfx/pokemon/ariados/front.animated.2bpp.lz
tools/lzcompress --matching -- gfx/pokemon/noctowl/front.animated.2bpp gfx/pokemon/noctowl/front.animated.2bpp.lz
tools/lzcompress --matching -- gfx/pokemon/wartortle/front.animated.2bpp gfx/pokemon/wartortle/front.animated.2bpp.lz
tools/lzcompress --matching -- gfx/pokemon/lapras/front.animated.2bpp gfx/pokemon/lapras/front.animated.2bpp.lz
tools/lzcompress --matching -- gfx/pokemon/golem/front.animated.2bpp gfx/pokemon/golem/front.animated.2bpp.lz
tools/lzcompress --matching -- gfx/pokemon/poliwhirl/front.animated.2bpp gfx/pokemon/poliwhirl/front.animated.2bpp.lz
tools/lzcompress --matching -- gfx/pokemon/ursaring/front.animated.2bpp gfx/pokemon/ursaring/front.animated.2bpp.lz
tools/lzcompress --matching -- gfx/pokemon/houndoom/front.animated.2bpp gfx/pokemon/houndoom/front.animated.2bpp.lz
tools/lzcompress --matching -- gfx/pokemon/kabutops/front.animated.2bpp gfx/pokemon/kabutops/front.animated.2bpp.lz
tools/lzcompress --matching -- gfx/pokemon/ampharos/front.animated.2bpp gfx/pokemon/ampharos/front.animated.2bpp.lz
tools/lzcompress --matching -- gfx/pokemon/nidorina/front.animated.2bpp gfx/pokemon/nidorina/front.animated.2bpp.lz
tools/lzcompress --matching -- gfx/pokemon/flareon/front.animated.2bpp gfx/pokemon/flareon/front.animated.2bpp.lz
tools/lzcompress --matching -- gfx/pokemon/farfetch_d/front.animated.2bpp gfx/pokemon/farfetch_d/front.animated.2bpp.lz
tools/lzcompress --matching -- gfx/pokemon/vileplume/front.animated.2bpp gfx/pokemon/vileplume/front.animated.2bpp.lz
tools/lzcompress --matching -- gfx/pokemon/bayleef/front.animated.2bpp gfx/pokemon/bayleef/front.animated.2bpp.lz
tools/lzcompress --matching -- gfx/pokemon/magmar/front.animated.2bpp gfx/pokemon/magmar/front.animated.2bpp.lz
tools/lzcompress --matching -- gfx/pokemon/tentacruel/front.animated.2bpp gfx/pokemon/tentacruel/front.animated.2bpp.lz
tools/lzcompress --matching -- gfx/pokemon/elekid/front.animated.2bpp gfx/pokemon/elekid/front.animated.2bpp.lz
tools/lzcompress --matching -- gfx/pokemon/jumpluff/front.animated.2bpp gfx/pokemon/jumpluff/front.animated.2bpp.lz
tools/lzcompress --matching -- gfx/pokemon/marowak/front.animated.2bpp gfx/pokemon/marowak/front.animated.2bpp.lz
tools/lzcompress --matching -- gfx/pokemon/vulpix/front.animated.2bpp gfx/pokemon/vulpix/front.animated.2bpp.lz
tools/lzcompress --matching -- gfx/pokemon/gligar/front.animated.2bpp gfx/pokemon/gligar/front.animated.2bpp.lz
tools/lzcompress --matching -- gfx/pokemon/dunsparce/front.animated.2bpp gfx/pokemon/dunsparce/front.animated.2bpp.lz
tools/lzcompress --matching -- gfx/pokemon/vaporeon/front.animated.2bpp gfx/pokemon/vaporeon/front.animated.2bpp.lz
tools/lzcompress --matching -- gfx/pokemon/girafarig/front.animated.2bpp gfx/pokemon/girafarig/front.animated.2bpp.lz
tools/lzcompress --matching -- gfx/pokemon/drowzee/front.animated.2bpp gfx/pokemon/drowzee/front.animated.2bpp.lz
tools/lzcompress --matching -- gfx/pokemon/sneasel/front.animated.2bpp gfx/pokemon/sneasel/front.animated.2bpp.lz
tools/lzcompress --matching -- gfx/pokemon/bellossom/front.animated.2bpp gfx/pokemon/bellossom/front.animated.2bpp.lz
tools/lzcompress --matching -- gfx/pokemon/snorlax/front.animated.2bpp gfx/pokemon/snorlax/front.animated.2bpp.lz
tools/lzcompress --matching -- gfx/pokemon/wigglytuff/front.animated.2bpp gfx/pokemon/wigglytuff/front.animated.2bpp.lz
tools/lzcompress --matching -- gfx/pokemon/yanma/front.animated.2bpp gfx/pokemon/yanma/front.animated.2bpp.lz
tools/lzcompress --matching -- gfx/pokemon/smeargle/front.animated.2bpp gfx/pokemon/smeargle/front.animated.2bpp.lz
tools/lzcompress --matching -- gfx/pokemon/clefable/front.animated.2bpp gfx/pokemon/clefable/front.animated.2bpp.lz
tools/lzcompress --matching -- gfx/pokemon/ponyta/front.animated.2bpp gfx/pokemon/ponyta/front.animated.2bpp.lz
tools/lzcompress --matching -- gfx/pokemon/murkrow/front.animated.2bpp gfx/pokemon/murkrow/front.animated.2bpp.lz
tools/lzcompress --matching -- gfx/pokemon/graveler/front.animated.2bpp gfx/pokemon/graveler/front.animated.2bpp.lz
tools/lzcompress --matching -- gfx/pokemon/starmie/front.animated.2bpp gfx/pokemon/starmie/front.animated.2bpp.lz
tools/lzcompress --matching -- gfx/pokemon/pidgeotto/front.animated.2bpp gfx/pokemon/pidgeotto/front.animated.2bpp.lz
tools/lzcompress --matching -- gfx/pokemon/ledyba/front.animated.2bpp gfx/pokemon/ledyba/front.animated.2bpp.lz
tools/lzcompress --matching -- gfx/pokemon/gengar/front.animated.2bpp gfx/pokemon/gengar/front.animated.2bpp.lz
tools/lzcompress --matching -- gfx/pokemon/omastar/front.animated.2bpp gfx/pokemon/omastar/front.animated.2bpp.lz
tools/lzcompress --matching -- gfx/pokemon/piloswine/front.animated.2bpp gfx/pokemon/piloswine/front.animated.2bpp.lz
tools/lzcompress --matching -- gfx/pokemon/dugtrio/front.animated.2bpp gfx/pokemon/dugtrio/front.animated.2bpp.lz
tools/lzcompress --matching -- gfx/pokemon/magneton/front.animated.2bpp gfx/pokemon/magneton/front.animated.2bpp.lz
tools/lzcompress --matching -- gfx/pokemon/dragonair/front.animated.2bpp gfx/pokemon/dragonair/front.animated.2bpp.lz
tools/lzcompress --matching -- gfx/pokemon/forretress/front.animated.2bpp gfx/pokemon/forretress/front.animated.2bpp.lz
tools/lzcompress --matching -- gfx/pokemon/togetic/front.animated.2bpp gfx/pokemon/togetic/front.animated.2bpp.lz
tools/lzcompress --matching -- gfx/pokemon/kangaskhan/back.2bpp gfx/pokemon/kangaskhan/back.2bpp.lz
tools/lzcompress --matching -- gfx/pokemon/seel/front.animated.2bpp gfx/pokemon/seel/front.animated.2bpp.lz
tools/lzcompress --matching -- gfx/pokemon/crobat/front.animated.2bpp gfx/pokemon/crobat/front.animated.2bpp.lz
tools/lzcompress --matching -- gfx/pokemon/chansey/front.animated.2bpp gfx/pokemon/chansey/front.animated.2bpp.lz
tools/lzcompress --matching -- gfx/pokemon/tangela/front.animated.2bpp gfx/pokemon/tangela/front.animated.2bpp.lz
tools/lzcompress --matching -- gfx/pokemon/snubbull/front.animated.2bpp gfx/pokemon/snubbull/front.animated.2bpp.lz
tools/lzcompress --matching -- gfx/pokemon/granbull/front.animated.2bpp gfx/pokemon/granbull/front.animated.2bpp.lz
tools/lzcompress --matching -- gfx/pokemon/miltank/front.animated.2bpp gfx/pokemon/miltank/front.animated.2bpp.lz
tools/lzcompress --matching -- gfx/pokemon/haunter/front.animated.2bpp gfx/pokemon/haunter/front.animated.2bpp.lz
tools/lzcompress --matching -- gfx/pokemon/sunflora/front.animated.2bpp gfx/pokemon/sunflora/front.animated.2bpp.lz
tools/lzcompress --matching -- gfx/pokemon/umbreon/front.animated.2bpp gfx/pokemon/umbreon/front.animated.2bpp.lz
tools/lzcompress --matching -- gfx/pokemon/chikorita/front.animated.2bpp gfx/pokemon/chikorita/front.animated.2bpp.lz
tools/lzcompress --matching -- gfx/pokemon/goldeen/front.animated.2bpp gfx/pokemon/goldeen/front.animated.2bpp.lz
tools/lzcompress --matching -- gfx/pokemon/espeon/front.animated.2bpp gfx/pokemon/espeon/front.animated.2bpp.lz
tools/lzcompress --matching -- gfx/pokemon/xatu/front.animated.2bpp gfx/pokemon/xatu/front.animated.2bpp.lz
tools/lzcompress --matching -- gfx/pokemon/mew/front.animated.2bpp gfx/pokemon/mew/front.animated.2bpp.lz
tools/lzcompress --matching -- gfx/pokemon/octillery/front.animated.2bpp gfx/pokemon/octillery/front.animated.2bpp.lz
tools/lzcompress --matching -- gfx/pokemon/jynx/front.animated.2bpp gfx/pokemon/jynx/front.animated.2bpp.lz
tools/lzcompress --matching -- gfx/pokemon/wobbuffet/front.animated.2bpp gfx/pokemon/wobbuffet/front.animated.2bpp.lz
tools/lzcompress --matching -- gfx/pokemon/delibird/front.animated.2bpp gfx/pokemon/delibird/front.animated.2bpp.lz
tools/lzcompress --matching -- gfx/pokemon/ledian/front.animated.2bpp gfx/pokemon/ledian/front.animated.2bpp.lz
tools/lzcompress --matching -- gfx/pokemon/gloom/front.animated.2bpp gfx/pokemon/gloom/front.animated.2bpp.lz
tools/lzcompress --matching -- gfx/pokemon/flaaffy/front.animated.2bpp gfx/pokemon/flaaffy/front.animated.2bpp.lz
tools/lzcompress --matching -- gfx/pokemon/ivysaur/front.animated.2bpp gfx/pokemon/ivysaur/front.animated.2bpp.lz
tools/lzcompress --matching -- gfx/pokemon/furret/front.animated.2bpp gfx/pokemon/furret/front.animated.2bpp.lz
tools/lzcompress --matching -- gfx/pokemon/cyndaquil/front.animated.2bpp gfx/pokemon/cyndaquil/front.animated.2bpp.lz
tools/lzcompress --matching -- gfx/pokemon/hitmonchan/front.animated.2bpp gfx/pokemon/hitmonchan/front.animated.2bpp.lz
tools/lzcompress --matching -- gfx/pokemon/quagsire/front.animated.2bpp gfx/pokemon/quagsire/front.animated.2bpp.lz
tools/lzcompress --matching -- gfx/pokemon/sudowoodo/front.animated.2bpp gfx/pokemon/sudowoodo/front.animated.2bpp.lz
tools/lzcompress --matching -- gfx/pokemon/pikachu/front.animated.2bpp gfx/pokemon/pikachu/front.animated.2bpp.lz
tools/lzcompress --matching -- gfx/pokemon/seadra/front.animated.2bpp gfx/pokemon/seadra/front.animated.2bpp.lz
tools/lzcompress --matching -- gfx/pokemon/magby/front.animated.2bpp gfx/pokemon/magby/front.animated.2bpp.lz
tools/lzcompress --matching -- gfx/pokemon/weepinbell/front.animated.2bpp gfx/pokemon/weepinbell/front.animated.2bpp.lz
tools/lzcompress --matching --no-lookback-3 -- gfx/pokemon/corsola/front.animated.2bpp gfx/pokemon/corsola/front.animated.2bpp.lz
tools/lzcompress --matching -- gfx/trainers/firebreather.2bpp gfx/trainers/firebreather.2bpp.lz
tools/lzcompress --matching -- gfx/pokemon/chinchou/front.animated.2bpp gfx/pokemon/chinchou/front.animated.2bpp.lz
tools/lzcompress --matching -- gfx/trainers/champion.2bpp gfx/trainers/champion.2bpp.lz
tools/lzcompress --matching -- gfx/pokemon/magikarp/front.animated.2bpp gfx/pokemon/magikarp/front.animated.2bpp.lz
tools/lzcompress --matching -- gfx/pokemon/charmander/front.animated.2bpp gfx/pokemon/charmander/front.animated.2bpp.lz
tools/lzcompress --matching -- gfx/pokemon/cubone/front.animated.2bpp gfx/pokemon/cubone/front.animated.2bpp.lz
tools/lzcompress --matching -- gfx/trainers/blackbelt_t.2bpp gfx/trainers/blackbelt_t.2bpp.lz
tools/lzcompress --matching -- gfx/trainers/biker.2bpp gfx/trainers/biker.2bpp.lz
tools/lzcompress --matching -- gfx/pokemon/nidoran_m/front.animated.2bpp gfx/pokemon/nidoran_m/front.animated.2bpp.lz
tools/lzcompress --matching -- gfx/pokemon/porygon/front.animated.2bpp gfx/pokemon/porygon/front.animated.2bpp.lz
tools/lzcompress --matching -- gfx/trainers/bruno.2bpp gfx/trainers/bruno.2bpp.lz
tools/lzcompress --matching -- gfx/pokemon/staryu/front.animated.2bpp gfx/pokemon/staryu/front.animated.2bpp.lz
tools/lzcompress --matching -- gfx/trainers/hiker.2bpp gfx/trainers/hiker.2bpp.lz
tools/lzcompress --matching -- gfx/pokemon/porygon2/front.animated.2bpp gfx/pokemon/porygon2/front.animated.2bpp.lz
tools/lzcompress --matching --no-lookback-3 -- gfx/pokemon/nidoran_f/front.animated.2bpp gfx/pokemon/nidoran_f/front.animated.2bpp.lz
tools/lzcompress --matching -- gfx/pokemon/pidgey/front.animated.2bpp gfx/pokemon/pidgey/front.animated.2bpp.lz
tools/lzcompress --matching -- gfx/pokemon/parasect/back.2bpp gfx/pokemon/parasect/back.2bpp.lz
tools/lzcompress --matching -- gfx/pokemon/misdreavus/front.animated.2bpp gfx/pokemon/misdreavus/front.animated.2bpp.lz
tools/lzcompress --matching -- gfx/pokemon/houndour/front.animated.2bpp gfx/pokemon/houndour/front.animated.2bpp.lz
tools/lzcompress --matching -- gfx/pokemon/mankey/front.animated.2bpp gfx/pokemon/mankey/front.animated.2bpp.lz
tools/lzcompress --matching -- gfx/pokemon/celebi/front.animated.2bpp gfx/pokemon/celebi/front.animated.2bpp.lz
tools/lzcompress --matching -- gfx/trainers/medium.2bpp gfx/trainers/medium.2bpp.lz
tools/lzcompress --matching -- gfx/pokemon/pineco/front.animated.2bpp gfx/pokemon/pineco/front.animated.2bpp.lz
tools/lzcompress --matching -- gfx/trainers/fisher.2bpp gfx/trainers/fisher.2bpp.lz
tools/lzcompress --matching -- gfx/pokemon/jigglypuff/front.animated.2bpp gfx/pokemon/jigglypuff/front.animated.2bpp.lz
tools/lzcompress --matching -- gfx/pokemon/paras/front.animated.2bpp gfx/pokemon/paras/front.animated.2bpp.lz
tools/lzcompress --matching -- gfx/pokemon/nidoking/back.2bpp gfx/pokemon/nidoking/back.2bpp.lz
tools/lzcompress --matching -- gfx/trainers/pokefan_m.2bpp gfx/trainers/pokefan_m.2bpp.lz
tools/lzcompress --matching -- gfx/trainers/boarder.2bpp gfx/trainers/boarder.2bpp.lz
tools/lzcompress --matching -- gfx/pokemon/psyduck/front.animated.2bpp gfx/pokemon/psyduck/front.animated.2bpp.lz
tools/lzcompress --matching -- gfx/pokemon/squirtle/front.animated.2bpp gfx/pokemon/squirtle/front.animated.2bpp.lz
tools/lzcompress --matching -- gfx/pokemon/machamp/back.2bpp gfx/pokemon/machamp/back.2bpp.lz
tools/lzcompress --matching -- gfx/pokemon/koffing/front.animated.2bpp gfx/pokemon/koffing/front.animated.2bpp.lz
tools/lzcompress --matching -- gfx/pokemon/venonat/front.animated.2bpp gfx/pokemon/venonat/front.animated.2bpp.lz
tools/lzcompress --matching -- gfx/pokemon/exeggutor/back.2bpp gfx/pokemon/exeggutor/back.2bpp.lz
tools/lzcompress --matching -- gfx/pokemon/lanturn/front.animated.2bpp gfx/pokemon/lanturn/front.animated.2bpp.lz
tools/lzcompress --matching -- gfx/pokemon/tyrogue/front.animated.2bpp gfx/pokemon/tyrogue/front.animated.2bpp.lz
tools/lzcompress --matching -- gfx/pokemon/skiploom/front.animated.2bpp gfx/pokemon/skiploom/front.animated.2bpp.lz
tools/lzcompress --matching -- gfx/pokemon/mareep/front.animated.2bpp gfx/pokemon/mareep/front.animated.2bpp.lz
tools/lzcompress --matching -- gfx/trainers/chuck.2bpp gfx/trainers/chuck.2bpp.lz
tools/lzcompress --matching -- gfx/pokemon/eevee/front.animated.2bpp gfx/pokemon/eevee/front.animated.2bpp.lz
tools/lzcompress --matching -- gfx/pokemon/butterfree/back.2bpp gfx/pokemon/butterfree/back.2bpp.lz
tools/lzcompress --matching -- gfx/pokemon/zubat/front.animated.2bpp gfx/pokemon/zubat/front.animated.2bpp.lz
tools/lzcompress --matching -- gfx/trainers/kimono_girl.2bpp gfx/trainers/kimono_girl.2bpp.lz
tools/lzcompress --matching -- gfx/pokemon/alakazam/back.2bpp gfx/pokemon/alakazam/back.2bpp.lz
tools/lzcompress --matching -- gfx/pokemon/aipom/front.animated.2bpp gfx/pokemon/aipom/front.animated.2bpp.lz
tools/lzcompress --matching -- gfx/pokemon/abra/front.animated.2bpp gfx/pokemon/abra/front.animated.2bpp.lz
tools/lzcompress --matching --no-lookback-3 -- gfx/pokemon/hitmontop/back.2bpp gfx/pokemon/hitmontop/back.2bpp.lz
tools/lzcompress --matching -- gfx/pokemon/cloyster/back.2bpp gfx/pokemon/cloyster/back.2bpp.lz
tools/lzcompress --matching -- gfx/pokemon/hoothoot/front.animated.2bpp gfx/pokemon/hoothoot/front.animated.2bpp.lz
tools/lzcompress --matching -- gfx/pokemon/unown_f/back.2bpp gfx/pokemon/unown_f/back.2bpp.lz
tools/lzcompress --matching -- gfx/pokemon/dodrio/back.2bpp gfx/pokemon/dodrio/back.2bpp.lz
tools/lzcompress --matching -- gfx/pokemon/clefairy/front.animated.2bpp gfx/pokemon/clefairy/front.animated.2bpp.lz
tools/lzcompress --matching -- gfx/pokemon/slugma/front.animated.2bpp gfx/pokemon/slugma/front.animated.2bpp.lz
tools/lzcompress --matching -- gfx/pokemon/growlithe/front.animated.2bpp gfx/pokemon/growlithe/front.animated.2bpp.lz
tools/lzcompress --matching -- gfx/pokemon/slowpoke/front.animated.2bpp gfx/pokemon/slowpoke/front.animated.2bpp.lz
tools/lzcompress --matching -- gfx/pokemon/smoochum/front.animated.2bpp gfx/pokemon/smoochum/front.animated.2bpp.lz
tools/lzcompress --matching -- gfx/trainers/juggler.2bpp gfx/trainers/juggler.2bpp.lz
tools/lzcompress --matching -- gfx/pokemon/marill/front.animated.2bpp gfx/pokemon/marill/front.animated.2bpp.lz
tools/lzcompress --matching -- gfx/trainers/guitarist.2bpp gfx/trainers/guitarist.2bpp.lz
tools/lzcompress --matching -- gfx/trainers/pokefan_f.2bpp gfx/trainers/pokefan_f.2bpp.lz
tools/lzcompress --matching -- gfx/pokemon/venomoth/back.2bpp gfx/pokemon/venomoth/back.2bpp.lz
tools/lzcompress --matching -- gfx/trainers/clair.2bpp gfx/trainers/clair.2bpp.lz
tools/lzcompress --matching -- gfx/trainers/pokemaniac.2bpp gfx/trainers/pokemaniac.2bpp.lz
tools/lzcompress --matching -- gfx/pokemon/omanyte/front.animated.2bpp gfx/pokemon/omanyte/front.animated.2bpp.lz
tools/lzcompress --matching -- gfx/trainers/skier.2bpp gfx/trainers/skier.2bpp.lz
tools/lzcompress --matching -- gfx/pokemon/pupitar/front.animated.2bpp gfx/pokemon/pupitar/front.animated.2bpp.lz
tools/lzcompress --matching -- gfx/pokemon/bellsprout/front.animated.2bpp gfx/pokemon/bellsprout/front.animated.2bpp.lz
tools/lzcompress --matching -- gfx/pokemon/shellder/front.animated.2bpp gfx/pokemon/shellder/front.animated.2bpp.lz
tools/lzcompress --matching -- gfx/pokemon/tentacool/front.animated.2bpp gfx/pokemon/tentacool/front.animated.2bpp.lz
tools/lzcompress --matching -- gfx/pokemon/cleffa/front.animated.2bpp gfx/pokemon/cleffa/front.animated.2bpp.lz
tools/lzcompress --matching -- gfx/pokemon/gyarados/back.2bpp gfx/pokemon/gyarados/back.2bpp.lz
tools/lzcompress --matching -- gfx/pokemon/ninetales/back.2bpp gfx/pokemon/ninetales/back.2bpp.lz
tools/lzcompress --matching -- gfx/pokemon/yanma/back.2bpp gfx/pokemon/yanma/back.2bpp.lz
tools/lzcompress --matching -- gfx/pokemon/pinsir/back.2bpp gfx/pokemon/pinsir/back.2bpp.lz
tools/lzcompress --matching -- gfx/trainers/lass.2bpp gfx/trainers/lass.2bpp.lz
tools/lzcompress --matching -- gfx/pokemon/clefable/back.2bpp gfx/pokemon/clefable/back.2bpp.lz
tools/lzcompress --matching -- gfx/pokemon/doduo/front.animated.2bpp gfx/pokemon/doduo/front.animated.2bpp.lz
tools/lzcompress --matching -- gfx/pokemon/feraligatr/back.2bpp gfx/pokemon/feraligatr/back.2bpp.lz
tools/lzcompress --matching -- gfx/pokemon/dratini/front.animated.2bpp gfx/pokemon/dratini/front.animated.2bpp.lz
tools/lzcompress --matching -- gfx/pokemon/magneton/back.2bpp gfx/pokemon/magneton/back.2bpp.lz
tools/lzcompress --matching -- gfx/pokemon/qwilfish/front.animated.2bpp gfx/pokemon/qwilfish/front.animated.2bpp.lz
tools/lzcompress --matching -- gfx/pokemon/suicune/back.2bpp gfx/pokemon/suicune/back.2bpp.lz
tools/lzcompress --matching -- gfx/pokemon/slowking/back.2bpp gfx/pokemon/slowking/back.2bpp.lz
tools/lzcompress --matching -- gfx/pokemon/elekid/back.2bpp gfx/pokemon/elekid/back.2bpp.lz
tools/lzcompress --matching -- gfx/pokemon/celebi/back.2bpp gfx/pokemon/celebi/back.2bpp.lz
tools/lzcompress --matching -- gfx/trainers/bug_catcher.2bpp gfx/trainers/bug_catcher.2bpp.lz
tools/lzcompress --matching -- gfx/pokemon/snorlax/back.2bpp gfx/pokemon/snorlax/back.2bpp.lz
tools/lzcompress --matching -- gfx/pokemon/venusaur/back.2bpp gfx/pokemon/venusaur/back.2bpp.lz
tools/lzcompress --matching -- gfx/pokemon/moltres/back.2bpp gfx/pokemon/moltres/back.2bpp.lz
tools/lzcompress --matching -- gfx/pokemon/sunflora/back.2bpp gfx/pokemon/sunflora/back.2bpp.lz
tools/lzcompress --matching -- gfx/pokemon/phanpy/front.animated.2bpp gfx/pokemon/phanpy/front.animated.2bpp.lz
tools/lzcompress --matching -- gfx/pokemon/rhydon/back.2bpp gfx/pokemon/rhydon/back.2bpp.lz
tools/lzcompress --matching -- gfx/pokemon/larvitar/front.animated.2bpp gfx/pokemon/larvitar/front.animated.2bpp.lz
tools/lzcompress --matching -- gfx/pokemon/tyranitar/back.2bpp gfx/pokemon/tyranitar/back.2bpp.lz
tools/lzcompress --matching -- gfx/pokemon/sandslash/back.2bpp gfx/pokemon/sandslash/back.2bpp.lz
tools/lzcompress --matching -- gfx/pokemon/seadra/back.2bpp gfx/pokemon/seadra/back.2bpp.lz
tools/lzcompress --matching -- gfx/trainers/twins.2bpp gfx/trainers/twins.2bpp.lz
tools/lzcompress --matching -- gfx/pokemon/farfetch_d/back.2bpp gfx/pokemon/farfetch_d/back.2bpp.lz
tools/lzcompress --matching -- gfx/pokemon/nidoran_m/back.2bpp gfx/pokemon/nidoran_m/back.2bpp.lz
tools/lzcompress --matching -- gfx/pokemon/ledyba/back.2bpp gfx/pokemon/ledyba/back.2bpp.lz
tools/lzcompress --matching -- gfx/pokemon/cyndaquil/back.2bpp gfx/pokemon/cyndaquil/back.2bpp.lz
tools/lzcompress --matching -- gfx/pokemon/bayleef/back.2bpp gfx/pokemon/bayleef/back.2bpp.lz
tools/lzcompress --matching -- gfx/pokemon/oddish/front.animated.2bpp gfx/pokemon/oddish/front.animated.2bpp.lz
tools/lzcompress --matching -- gfx/pokemon/rapidash/back.2bpp gfx/pokemon/rapidash/back.2bpp.lz
tools/lzcompress --matching -- gfx/pokemon/doduo/back.2bpp gfx/pokemon/doduo/back.2bpp.lz
tools/lzcompress --matching -- gfx/pokemon/hoppip/front.animated.2bpp gfx/pokemon/hoppip/front.animated.2bpp.lz
tools/lzcompress --matching -- gfx/pokemon/mankey/back.2bpp gfx/pokemon/mankey/back.2bpp.lz
tools/lzcompress --matching -- gfx/pokemon/magmar/back.2bpp gfx/pokemon/magmar/back.2bpp.lz
tools/lzcompress --matching -- gfx/pokemon/hypno/back.2bpp gfx/pokemon/hypno/back.2bpp.lz
tools/lzcompress --matching -- gfx/pokemon/quilava/back.2bpp gfx/pokemon/quilava/back.2bpp.lz
tools/lzcompress --matching -- gfx/pokemon/croconaw/back.2bpp gfx/pokemon/croconaw/back.2bpp.lz
tools/lzcompress --matching -- gfx/trainers/sailor.2bpp gfx/trainers/sailor.2bpp.lz
tools/lzcompress --matching -- gfx/trainers/beauty.2bpp gfx/trainers/beauty.2bpp.lz
tools/lzcompress --matching -- gfx/pokemon/shellder/back.2bpp gfx/pokemon/shellder/back.2bpp.lz
tools/lzcompress --matching -- gfx/pokemon/zubat/back.2bpp gfx/pokemon/zubat/back.2bpp.lz
tools/lzcompress --matching -- gfx/pokemon/teddiursa/front.animated.2bpp gfx/pokemon/teddiursa/front.animated.2bpp.lz
tools/lzcompress --matching -- gfx/pokemon/cubone/back.2bpp gfx/pokemon/cubone/back.2bpp.lz
tools/lzcompress --matching -- gfx/trainers/grunt_m.2bpp gfx/trainers/grunt_m.2bpp.lz
tools/lzcompress --matching -- gfx/pokemon/gloom/back.2bpp gfx/pokemon/gloom/back.2bpp.lz
tools/lzcompress --matching -- gfx/pokemon/magcargo/back.2bpp gfx/pokemon/magcargo/back.2bpp.lz
tools/lzcompress --matching -- gfx/pokemon/kabutops/back.2bpp gfx/pokemon/kabutops/back.2bpp.lz
tools/lzcompress --matching -- gfx/pokemon/beedrill/back.2bpp gfx/pokemon/beedrill/back.2bpp.lz
tools/lzcompress --matching -- gfx/pokemon/arcanine/back.2bpp gfx/pokemon/arcanine/back.2bpp.lz
tools/lzcompress --matching -- gfx/pokemon/flareon/back.2bpp gfx/pokemon/flareon/back.2bpp.lz
tools/lzcompress --matching -- gfx/pokemon/goldeen/back.2bpp gfx/pokemon/goldeen/back.2bpp.lz
tools/lzcompress --matching -- gfx/pokemon/bulbasaur/front.animated.2bpp gfx/pokemon/bulbasaur/front.animated.2bpp.lz
tools/lzcompress --matching -- gfx/pokemon/starmie/back.2bpp gfx/pokemon/starmie/back.2bpp.lz
tools/lzcompress --matching -- gfx/pokemon/omanyte/back.2bpp gfx/pokemon/omanyte/back.2bpp.lz
tools/lzcompress --matching -- gfx/pokemon/pidgey/back.2bpp gfx/pokemon/pidgey/back.2bpp.lz
tools/lzcompress --matching -- gfx/trainers/scientist.2bpp gfx/trainers/scientist.2bpp.lz
tools/lzcompress --matching -- gfx/pokemon/qwilfish/back.2bpp gfx/pokemon/qwilfish/back.2bpp.lz
tools/lzcompress --matching -- gfx/pokemon/gligar/back.2bpp gfx/pokemon/gligar/back.2bpp.lz
tools/lzcompress --matching -- gfx/pokemon/typhlosion/back.2bpp gfx/pokemon/typhlosion/back.2bpp.lz
tools/lzcompress --matching -- gfx/pokemon/charmeleon/back.2bpp gfx/pokemon/charmeleon/back.2bpp.lz
tools/lzcompress --matching -- gfx/pokemon/nidoqueen/back.2bpp gfx/pokemon/nidoqueen/back.2bpp.lz
tools/lzcompress --matching -- gfx/pokemon/pichu/front.animated.2bpp gfx/pokemon/pichu/front.animated.2bpp.lz
tools/lzcompress --matching -- gfx/pokemon/electabuzz/back.2bpp gfx/pokemon/electabuzz/back.2bpp.lz
tools/lzcompress --matching -- gfx/pokemon/ledian/back.2bpp gfx/pokemon/ledian/back.2bpp.lz
tools/lzcompress --matching -- gfx/pokemon/pupitar/back.2bpp gfx/pokemon/pupitar/back.2bpp.lz
tools/lzcompress --matching -- gfx/pokemon/heracross/back.2bpp gfx/pokemon/heracross/back.2bpp.lz
tools/lzcompress --matching -- gfx/pokemon/unown_d/front.animated.2bpp gfx/pokemon/unown_d/front.animated.2bpp.lz
tools/lzcompress --matching -- gfx/pokemon/miltank/back.2bpp gfx/pokemon/miltank/back.2bpp.lz
tools/lzcompress --matching -- gfx/pokemon/steelix/back.2bpp gfx/pokemon/steelix/back.2bpp.lz
tools/lzcompress --matching -- gfx/pokemon/persian/back.2bpp gfx/pokemon/persian/back.2bpp.lz
tools/lzcompress --matching -- gfx/trainers/lt_surge.2bpp gfx/trainers/lt_surge.2bpp.lz
tools/lzcompress --matching -- gfx/trainers/teacher.2bpp gfx/trainers/teacher.2bpp.lz
tools/lzcompress --matching -- gfx/pokemon/egg/front.animated.2bpp gfx/pokemon/egg/front.animated.2bpp.lz
tools/lzcompress --matching -- gfx/pokemon/eevee/back.2bpp gfx/pokemon/eevee/back.2bpp.lz
tools/lzcompress --matching -- gfx/pokemon/shuckle/front.animated.2bpp gfx/pokemon/shuckle/front.animated.2bpp.lz
tools/lzcompress --matching -- gfx/pokemon/ponyta/back.2bpp gfx/pokemon/ponyta/back.2bpp.lz
tools/lzcompress --matching -- gfx/pokemon/remoraid/front.animated.2bpp gfx/pokemon/remoraid/front.animated.2bpp.lz
tools/lzcompress --matching -- gfx/pokemon/poliwag/front.animated.2bpp gfx/pokemon/poliwag/front.animated.2bpp.lz
tools/lzcompress --matching -- gfx/pokemon/onix/back.2bpp gfx/pokemon/onix/back.2bpp.lz
tools/lzcompress --matching -- gfx/pokemon/koffing/back.2bpp gfx/pokemon/koffing/back.2bpp.lz
tools/lzcompress --matching -- gfx/trainers/bird_keeper.2bpp gfx/trainers/bird_keeper.2bpp.lz
tools/lzcompress --matching -- gfx/trainers/falkner.2bpp gfx/trainers/falkner.2bpp.lz
tools/lzcompress --matching -- gfx/trainers/karen.2bpp gfx/trainers/karen.2bpp.lz
tools/lzcompress --matching -- gfx/pokemon/nidorina/back.2bpp gfx/pokemon/nidorina/back.2bpp.lz
tools/lzcompress --matching -- gfx/pokemon/tentacruel/back.2bpp gfx/pokemon/tentacruel/back.2bpp.lz
tools/lzcompress --matching -- gfx/pokemon/growlithe/back.2bpp gfx/pokemon/growlithe/back.2bpp.lz
tools/lzcompress --matching -- gfx/trainers/koga.2bpp gfx/trainers/koga.2bpp.lz
tools/lzcompress --matching -- gfx/pokemon/raichu/back.2bpp gfx/pokemon/raichu/back.2bpp.lz
tools/lzcompress --matching -- gfx/pokemon/poliwrath/back.2bpp gfx/pokemon/poliwrath/back.2bpp.lz
tools/lzcompress --matching -- gfx/trainers/swimmer_m.2bpp gfx/trainers/swimmer_m.2bpp.lz
tools/lzcompress --matching -- gfx/pokemon/sunkern/front.animated.2bpp gfx/pokemon/sunkern/front.animated.2bpp.lz
tools/lzcompress --matching -- gfx/pokemon/nidorino/back.2bpp gfx/pokemon/nidorino/back.2bpp.lz
tools/lzcompress --matching -- gfx/trainers/mysticalman.2bpp gfx/trainers/mysticalman.2bpp.lz
tools/lzcompress --matching -- gfx/trainers/cooltrainer_f.2bpp gfx/trainers/cooltrainer_f.2bpp.lz
tools/lzcompress --matching -- gfx/pokemon/electrode/front.animated.2bpp gfx/pokemon/electrode/front.animated.2bpp.lz
tools/lzcompress --matching -- gfx/pokemon/sudowoodo/back.2bpp gfx/pokemon/sudowoodo/back.2bpp.lz
tools/lzcompress --matching -- gfx/pokemon/flaaffy/back.2bpp gfx/pokemon/flaaffy/back.2bpp.lz
tools/lzcompress --matching -- gfx/pokemon/sentret/front.animated.2bpp gfx/pokemon/sentret/front.animated.2bpp.lz
tools/lzcompress --matching -- gfx/pokemon/togetic/back.2bpp gfx/pokemon/togetic/back.2bpp.lz
tools/lzcompress --matching -- gfx/trainers/bugsy.2bpp gfx/trainers/bugsy.2bpp.lz
tools/lzcompress --matching -- gfx/pokemon/marowak/back.2bpp gfx/pokemon/marowak/back.2bpp.lz
tools/lzcompress --matching -- gfx/pokemon/scyther/back.2bpp gfx/pokemon/scyther/back.2bpp.lz
tools/lzcompress --matching -- gfx/pokemon/vileplume/back.2bpp gfx/pokemon/vileplume/back.2bpp.lz
tools/lzcompress --matching -- gfx/pokemon/hitmonchan/back.2bpp gfx/pokemon/hitmonchan/back.2bpp.lz
tools/lzcompress --matching -- gfx/pokemon/jumpluff/back.2bpp gfx/pokemon/jumpluff/back.2bpp.lz
tools/lzcompress --matching -- gfx/trainers/cooltrainer_m.2bpp gfx/trainers/cooltrainer_m.2bpp.lz
tools/lzcompress --matching -- gfx/pokemon/blastoise/back.2bpp gfx/pokemon/blastoise/back.2bpp.lz
tools/lzcompress --matching -- gfx/pokemon/misdreavus/back.2bpp gfx/pokemon/misdreavus/back.2bpp.lz
tools/lzcompress --matching -- gfx/pokemon/tyrogue/back.2bpp gfx/pokemon/tyrogue/back.2bpp.lz
tools/lzcompress --matching -- gfx/pokemon/scizor/back.2bpp gfx/pokemon/scizor/back.2bpp.lz
tools/lzcompress --matching -- gfx/pokemon/girafarig/back.2bpp gfx/pokemon/girafarig/back.2bpp.lz
tools/lzcompress --matching -- gfx/pokemon/stantler/back.2bpp gfx/pokemon/stantler/back.2bpp.lz
tools/lzcompress --matching -- gfx/pokemon/smeargle/back.2bpp gfx/pokemon/smeargle/back.2bpp.lz
tools/lzcompress --matching -- gfx/pokemon/charizard/back.2bpp gfx/pokemon/charizard/back.2bpp.lz
tools/lzcompress --matching -- gfx/pokemon/kadabra/back.2bpp gfx/pokemon/kadabra/back.2bpp.lz
tools/lzcompress --matching -- gfx/pokemon/primeape/back.2bpp gfx/pokemon/primeape/back.2bpp.lz
tools/lzcompress --matching -- gfx/pokemon/furret/back.2bpp gfx/pokemon/furret/back.2bpp.lz
tools/lzcompress --matching -- gfx/pokemon/wartortle/back.2bpp gfx/pokemon/wartortle/back.2bpp.lz
tools/lzcompress --matching -- gfx/pokemon/exeggcute/back.2bpp gfx/pokemon/exeggcute/back.2bpp.lz
tools/lzcompress --matching -- gfx/pokemon/igglybuff/front.animated.2bpp gfx/pokemon/igglybuff/front.animated.2bpp.lz
tools/lzcompress --matching -- gfx/pokemon/raticate/back.2bpp gfx/pokemon/raticate/back.2bpp.lz
tools/lzcompress --matching -- gfx/pokemon/vulpix/back.2bpp gfx/pokemon/vulpix/back.2bpp.lz
tools/lzcompress --matching -- gfx/pokemon/seaking/back.2bpp gfx/pokemon/seaking/back.2bpp.lz
tools/lzcompress --matching -- gfx/trainers/burglar.2bpp gfx/trainers/burglar.2bpp.lz
tools/lzcompress --matching -- gfx/pokemon/psyduck/back.2bpp gfx/pokemon/psyduck/back.2bpp.lz
tools/lzcompress --matching -- gfx/pokemon/pikachu/back.2bpp gfx/pokemon/pikachu/back.2bpp.lz
tools/lzcompress --matching -- gfx/pokemon/kabuto/front.animated.2bpp gfx/pokemon/kabuto/front.animated.2bpp.lz
tools/lzcompress --matching -- gfx/pokemon/mareep/back.2bpp gfx/pokemon/mareep/back.2bpp.lz
tools/lzcompress --matching -- gfx/pokemon/remoraid/back.2bpp gfx/pokemon/remoraid/back.2bpp.lz
tools/lzcompress --matching -- gfx/pokemon/ditto/front.animated.2bpp gfx/pokemon/ditto/front.animated.2bpp.lz
tools/lzcompress --matching -- gfx/pokemon/kingdra/back.2bpp gfx/pokemon/kingdra/back.2bpp.lz
tools/lzcompress --matching -- gfx/trainers/camper.2bpp gfx/trainers/camper.2bpp.lz
tools/lzcompress --matching -- gfx/pokemon/wooper/front.animated.2bpp gfx/pokemon/wooper/front.animated.2bpp.lz
tools/lzcompress --matching -- gfx/pokemon/clefairy/back.2bpp gfx/pokemon/clefairy/back.2bpp.lz
tools/lzcompress --matching -- gfx/pokemon/venonat/back.2bpp gfx/pokemon/venonat/back.2bpp.lz
tools/lzcompress --matching -- gfx/pokemon/bellossom/back.2bpp gfx/pokemon/bellossom/back.2bpp.lz
tools/lzcompress --matching -- gfx/trainers/rival1.2bpp gfx/trainers/rival1.2bpp.lz
tools/lzcompress --matching -- gfx/pokemon/swinub/back.2bpp gfx/pokemon/swinub/back.2bpp.lz
tools/lzcompress --matching -- gfx/pokemon/mewtwo/back.2bpp gfx/pokemon/mewtwo/back.2bpp.lz
tools/lzcompress --matching -- gfx/trainers/oak.2bpp gfx/trainers/oak.2bpp.lz
tools/lzcompress --matching -- gfx/trainers/cal.2bpp gfx/trainers/cal.2bpp.lz
tools/lzcompress --matching -- gfx/trainers/swimmer_f.2bpp gfx/trainers/swimmer_f.2bpp.lz
tools/lzcompress --matching -- gfx/pokemon/diglett/front.animated.2bpp gfx/pokemon/diglett/front.animated.2bpp.lz
tools/lzcompress --matching -- gfx/trainers/officer.2bpp gfx/trainers/officer.2bpp.lz
tools/lzcompress --matching -- gfx/pokemon/muk/back.2bpp gfx/pokemon/muk/back.2bpp.lz
tools/lzcompress --matching -- gfx/pokemon/delibird/back.2bpp gfx/pokemon/delibird/back.2bpp.lz
tools/lzcompress --matching -- gfx/trainers/sabrina.2bpp gfx/trainers/sabrina.2bpp.lz
tools/lzcompress --matching -- gfx/pokemon/magikarp/back.2bpp gfx/pokemon/magikarp/back.2bpp.lz
tools/lzcompress --matching -- gfx/pokemon/ariados/back.2bpp gfx/pokemon/ariados/back.2bpp.lz
tools/lzcompress --matching -- gfx/pokemon/sneasel/back.2bpp gfx/pokemon/sneasel/back.2bpp.lz
tools/lzcompress --matching -- gfx/pokemon/umbreon/back.2bpp gfx/pokemon/umbreon/back.2bpp.lz
tools/lzcompress --matching -- gfx/pokemon/murkrow/back.2bpp gfx/pokemon/murkrow/back.2bpp.lz
tools/lzcompress --matching -- gfx/pokemon/ivysaur/back.2bpp gfx/pokemon/ivysaur/back.2bpp.lz
tools/lzcompress --matching -- gfx/pokemon/slowbro/back.2bpp gfx/pokemon/slowbro/back.2bpp.lz
tools/lzcompress --matching -- gfx/trainers/psychic_t.2bpp gfx/trainers/psychic_t.2bpp.lz
tools/lzcompress --matching -- gfx/pokemon/golduck/back.2bpp gfx/pokemon/golduck/back.2bpp.lz
tools/lzcompress --matching -- gfx/pokemon/weezing/back.2bpp gfx/pokemon/weezing/back.2bpp.lz
tools/lzcompress --matching -- gfx/pokemon/entei/back.2bpp gfx/pokemon/entei/back.2bpp.lz
tools/lzcompress --matching -- gfx/trainers/grunt_f.2bpp gfx/trainers/grunt_f.2bpp.lz
tools/lzcompress --matching -- gfx/pokemon/horsea/front.animated.2bpp gfx/pokemon/horsea/front.animated.2bpp.lz
tools/lzcompress --matching -- gfx/pokemon/pidgeot/back.2bpp gfx/pokemon/pidgeot/back.2bpp.lz
tools/lzcompress --matching -- gfx/pokemon/ho_oh/back.2bpp gfx/pokemon/ho_oh/back.2bpp.lz
tools/lzcompress --matching -- gfx/pokemon/poliwhirl/back.2bpp gfx/pokemon/poliwhirl/back.2bpp.lz
tools/lzcompress --matching -- gfx/pokemon/mew/back.2bpp gfx/pokemon/mew/back.2bpp.lz
tools/lzcompress --matching -- gfx/pokemon/abra/back.2bpp gfx/pokemon/abra/back.2bpp.lz
tools/lzcompress --matching -- gfx/pokemon/aerodactyl/back.2bpp gfx/pokemon/aerodactyl/back.2bpp.lz
tools/lzcompress --matching -- gfx/pokemon/kakuna/front.animated.2bpp gfx/pokemon/kakuna/front.animated.2bpp.lz
tools/lzcompress --matching -- gfx/pokemon/dugtrio/back.2bpp gfx/pokemon/dugtrio/back.2bpp.lz
tools/lzcompress --matching -- gfx/pokemon/weepinbell/back.2bpp gfx/pokemon/weepinbell/back.2bpp.lz
tools/lzcompress --matching -- gfx/pokemon/nidoran_f/back.2bpp gfx/pokemon/nidoran_f/back.2bpp.lz
tools/lzcompress --matching -- gfx/pokemon/graveler/back.2bpp gfx/pokemon/graveler/back.2bpp.lz
tools/lzcompress --matching -- gfx/pokemon/aipom/back.2bpp gfx/pokemon/aipom/back.2bpp.lz
tools/lzcompress --matching -- gfx/pokemon/espeon/back.2bpp gfx/pokemon/espeon/back.2bpp.lz
tools/lzcompress --matching -- gfx/pokemon/weedle/front.animated.2bpp gfx/pokemon/weedle/front.animated.2bpp.lz
tools/lzcompress --matching -- gfx/pokemon/snubbull/back.2bpp gfx/pokemon/snubbull/back.2bpp.lz
tools/lzcompress --matching -- gfx/pokemon/gengar/back.2bpp gfx/pokemon/gengar/back.2bpp.lz
tools/lzcompress --matching -- gfx/trainers/youngster.2bpp gfx/trainers/youngster.2bpp.lz
tools/lzcompress --matching -- gfx/trainers/will.2bpp gfx/trainers/will.2bpp.lz
tools/lzcompress --matching -- gfx/trainers/schoolboy.2bpp gfx/trainers/schoolboy.2bpp.lz
tools/lzcompress --matching -- gfx/pokemon/magnemite/front.animated.2bpp gfx/pokemon/magnemite/front.animated.2bpp.lz
tools/lzcompress --matching -- gfx/trainers/erika.2bpp gfx/trainers/erika.2bpp.lz
tools/lzcompress --matching -- gfx/trainers/janine.2bpp gfx/trainers/janine.2bpp.lz
tools/lzcompress --matching -- gfx/pokemon/magnemite/back.2bpp gfx/pokemon/magnemite/back.2bpp.lz
tools/lzcompress --matching -- gfx/pokemon/hoothoot/back.2bpp gfx/pokemon/hoothoot/back.2bpp.lz
tools/lzcompress --matching -- gfx/pokemon/noctowl/back.2bpp gfx/pokemon/noctowl/back.2bpp.lz
tools/lzcompress --matching -- gfx/trainers/morty.2bpp gfx/trainers/morty.2bpp.lz
tools/lzcompress --matching -- gfx/pokemon/slugma/back.2bpp gfx/pokemon/slugma/back.2bpp.lz
tools/lzcompress --matching -- gfx/pokemon/kabuto/back.2bpp gfx/pokemon/kabuto/back.2bpp.lz
tools/lzcompress --matching -- gfx/pokemon/victreebel/back.2bpp gfx/pokemon/victreebel/back.2bpp.lz
tools/lzcompress --matching -- gfx/pokemon/meganium/back.2bpp gfx/pokemon/meganium/back.2bpp.lz
tools/lzcompress --matching -- gfx/trainers/picnicker.2bpp gfx/trainers/picnicker.2bpp.lz
tools/lzcompress --matching -- gfx/pokemon/lickitung/back.2bpp gfx/pokemon/lickitung/back.2bpp.lz
tools/lzcompress --matching -- gfx/pokemon/togepi/front.animated.2bpp gfx/pokemon/togepi/front.animated.2bpp.lz
tools/lzcompress --matching -- gfx/trainers/super_nerd.2bpp gfx/trainers/super_nerd.2bpp.lz
tools/lzcompress --matching -- gfx/pokemon/haunter/back.2bpp gfx/pokemon/haunter/back.2bpp.lz
tools/lzcompress --matching -- gfx/pokemon/xatu/back.2bpp gfx/pokemon/xatu/back.2bpp.lz
tools/lzcompress --matching -- gfx/trainers/red.2bpp gfx/trainers/red.2bpp.lz
tools/lzcompress --matching -- gfx/pokemon/porygon2/back.2bpp gfx/pokemon/porygon2/back.2bpp.lz
tools/lzcompress --matching -- gfx/trainers/jasmine.2bpp gfx/trainers/jasmine.2bpp.lz
tools/lzcompress --matching -- gfx/pokemon/pineco/back.2bpp gfx/pokemon/pineco/back.2bpp.lz
tools/lzcompress --matching -- gfx/pokemon/metapod/front.animated.2bpp gfx/pokemon/metapod/front.animated.2bpp.lz
tools/lzcompress --matching -- gfx/pokemon/seel/back.2bpp gfx/pokemon/seel/back.2bpp.lz
tools/lzcompress --matching -- gfx/pokemon/quagsire/back.2bpp gfx/pokemon/quagsire/back.2bpp.lz
tools/lzcompress --matching -- gfx/trainers/whitney.2bpp gfx/trainers/whitney.2bpp.lz
tools/lzcompress --matching -- gfx/pokemon/jolteon/back.2bpp gfx/pokemon/jolteon/back.2bpp.lz
tools/lzcompress --matching -- gfx/pokemon/caterpie/front.animated.2bpp gfx/pokemon/caterpie/front.animated.2bpp.lz
tools/lzcompress --matching -- gfx/pokemon/hoppip/back.2bpp gfx/pokemon/hoppip/back.2bpp.lz
tools/lzcompress --matching -- gfx/trainers/blue.2bpp gfx/trainers/blue.2bpp.lz
tools/lzcompress --matching -- gfx/pokemon/granbull/back.2bpp gfx/pokemon/granbull/back.2bpp.lz
tools/lzcompress --matching -- gfx/trainers/gentleman.2bpp gfx/trainers/gentleman.2bpp.lz
tools/lzcompress --matching -- gfx/trainers/executive_m.2bpp gfx/trainers/executive_m.2bpp.lz
tools/lzcompress --matching -- gfx/pokemon/sunkern/back.2bpp gfx/pokemon/sunkern/back.2bpp.lz
tools/lzcompress --matching -- gfx/pokemon/lapras/back.2bpp gfx/pokemon/lapras/back.2bpp.lz
tools/lzcompress --matching -- gfx/pokemon/magby/back.2bpp gfx/pokemon/magby/back.2bpp.lz
tools/lzcompress --matching -- gfx/pokemon/dragonair/back.2bpp gfx/pokemon/dragonair/back.2bpp.lz
tools/lzcompress --matching -- gfx/pokemon/zapdos/back.2bpp gfx/pokemon/zapdos/back.2bpp.lz
tools/lzcompress --matching -- gfx/pokemon/chikorita/back.2bpp gfx/pokemon/chikorita/back.2bpp.lz
tools/lzcompress --matching -- gfx/pokemon/corsola/back.2bpp gfx/pokemon/corsola/back.2bpp.lz
tools/lzcompress --matching -- gfx/pokemon/chinchou/back.2bpp gfx/pokemon/chinchou/back.2bpp.lz
tools/lzcompress --matching -- gfx/pokemon/chansey/back.2bpp gfx/pokemon/chansey/back.2bpp.lz
tools/lzcompress --matching -- gfx/pokemon/skiploom/back.2bpp gfx/pokemon/skiploom/back.2bpp.lz
tools/lzcompress --matching -- gfx/pokemon/spinarak/front.animated.2bpp gfx/pokemon/spinarak/front.animated.2bpp.lz
tools/lzcompress --matching -- gfx/trainers/rival2.2bpp gfx/trainers/rival2.2bpp.lz
tools/lzcompress --matching -- gfx/pokemon/unown_w/front.animated.2bpp gfx/pokemon/unown_w/front.animated.2bpp.lz
tools/lzcompress --matching -- gfx/pokemon/charmander/back.2bpp gfx/pokemon/charmander/back.2bpp.lz
tools/lzcompress --matching -- gfx/pokemon/rhyhorn/back.2bpp gfx/pokemon/rhyhorn/back.2bpp.lz
tools/lzcompress --matching -- gfx/pokemon/unown_c/front.animated.2bpp gfx/pokemon/unown_c/front.animated.2bpp.lz
tools/lzcompress --matching -- gfx/trainers/misty.2bpp gfx/trainers/misty.2bpp.lz
tools/lzcompress --matching -- gfx/trainers/blaine.2bpp gfx/trainers/blaine.2bpp.lz
tools/lzcompress --matching -- gfx/pokemon/unown_z/front.animated.2bpp gfx/pokemon/unown_z/front.animated.2bpp.lz
tools/lzcompress --matching -- gfx/pokemon/swinub/front.animated.2bpp gfx/pokemon/swinub/front.animated.2bpp.lz
tools/lzcompress --matching -- gfx/pokemon/larvitar/back.2bpp gfx/pokemon/larvitar/back.2bpp.lz
tools/lzcompress --matching -- gfx/pokemon/porygon/back.2bpp gfx/pokemon/porygon/back.2bpp.lz
tools/lzcompress --matching -- gfx/pokemon/unown_h/back.2bpp gfx/pokemon/unown_h/back.2bpp.lz
tools/lzcompress --matching -- gfx/pokemon/paras/back.2bpp gfx/pokemon/paras/back.2bpp.lz
tools/lzcompress --matching -- gfx/pokemon/vaporeon/back.2bpp gfx/pokemon/vaporeon/back.2bpp.lz
tools/lzcompress --matching -- gfx/pokemon/tentacool/back.2bpp gfx/pokemon/tentacool/back.2bpp.lz
tools/lzcompress --matching -- gfx/trainers/executive_f.2bpp gfx/trainers/executive_f.2bpp.lz
tools/lzcompress --matching -- gfx/pokemon/bulbasaur/back.2bpp gfx/pokemon/bulbasaur/back.2bpp.lz
tools/lzcompress --matching -- gfx/pokemon/smoochum/back.2bpp gfx/pokemon/smoochum/back.2bpp.lz
tools/lzcompress --matching -- gfx/pokemon/pichu/back.2bpp gfx/pokemon/pichu/back.2bpp.lz
tools/lzcompress --matching -- gfx/pokemon/houndoom/back.2bpp gfx/pokemon/houndoom/back.2bpp.lz
tools/lzcompress --matching -- gfx/pokemon/bellsprout/back.2bpp gfx/pokemon/bellsprout/back.2bpp.lz
tools/lzcompress --matching -- gfx/pokemon/lanturn/back.2bpp gfx/pokemon/lanturn/back.2bpp.lz
tools/lzcompress --matching -- gfx/pokemon/pidgeotto/back.2bpp gfx/pokemon/pidgeotto/back.2bpp.lz
tools/lzcompress --matching -- gfx/pokemon/staryu/back.2bpp gfx/pokemon/staryu/back.2bpp.lz
tools/lzcompress --matching -- gfx/pokemon/mr__mime/back.2bpp gfx/pokemon/mr__mime/back.2bpp.lz
tools/lzcompress --matching -- gfx/pokemon/caterpie/back.2bpp gfx/pokemon/caterpie/back.2bpp.lz
tools/lzcompress --matching --no-lookback-3 -- gfx/pokemon/voltorb/front.animated.2bpp gfx/pokemon/voltorb/front.animated.2bpp.lz
tools/lzcompress --matching -- gfx/pokemon/lugia/back.2bpp gfx/pokemon/lugia/back.2bpp.lz
tools/lzcompress --matching -- gfx/trainers/pryce.2bpp gfx/trainers/pryce.2bpp.lz
tools/lzcompress --matching -- gfx/trainers/brock.2bpp gfx/trainers/brock.2bpp.lz
tools/lzcompress --matching --no-lookback-3 -- gfx/pokemon/unown_g/front.animated.2bpp gfx/pokemon/unown_g/front.animated.2bpp.lz
tools/lzcompress --matching -- gfx/pokemon/arbok/back.2bpp gfx/pokemon/arbok/back.2bpp.lz
tools/lzcompress --matching -- gfx/pokemon/politoed/back.2bpp gfx/pokemon/politoed/back.2bpp.lz
tools/lzcompress --matching -- gfx/pokemon/dragonite/back.2bpp gfx/pokemon/dragonite/back.2bpp.lz
tools/lzcompress --matching -- gfx/pokemon/hitmonlee/back.2bpp gfx/pokemon/hitmonlee/back.2bpp.lz
tools/lzcompress --matching -- gfx/pokemon/natu/front.animated.2bpp gfx/pokemon/natu/front.animated.2bpp.lz
tools/lzcompress --matching -- gfx/pokemon/ursaring/back.2bpp gfx/pokemon/ursaring/back.2bpp.lz
tools/lzcompress --matching -- gfx/trainers/sage.2bpp gfx/trainers/sage.2bpp.lz
tools/lzcompress --matching -- gfx/pokemon/teddiursa/back.2bpp gfx/pokemon/teddiursa/back.2bpp.lz
tools/lzcompress --matching -- gfx/pokemon/phanpy/back.2bpp gfx/pokemon/phanpy/back.2bpp.lz
tools/lzcompress --matching -- gfx/pokemon/unown_v/front.animated.2bpp gfx/pokemon/unown_v/front.animated.2bpp.lz
tools/lzcompress --matching -- gfx/pokemon/kakuna/back.2bpp gfx/pokemon/kakuna/back.2bpp.lz
tools/lzcompress --matching -- gfx/pokemon/wobbuffet/back.2bpp gfx/pokemon/wobbuffet/back.2bpp.lz
tools/lzcompress --matching -- gfx/pokemon/togepi/back.2bpp gfx/pokemon/togepi/back.2bpp.lz
tools/lzcompress --matching -- gfx/pokemon/crobat/back.2bpp gfx/pokemon/crobat/back.2bpp.lz
tools/lzcompress --matching -- gfx/pokemon/blissey/back.2bpp gfx/pokemon/blissey/back.2bpp.lz
tools/lzcompress --matching -- gfx/pokemon/ampharos/back.2bpp gfx/pokemon/ampharos/back.2bpp.lz
tools/lzcompress --matching -- gfx/pokemon/igglybuff/back.2bpp gfx/pokemon/igglybuff/back.2bpp.lz
tools/lzcompress --matching -- gfx/pokemon/azumarill/back.2bpp gfx/pokemon/azumarill/back.2bpp.lz
tools/lzcompress --matching -- gfx/pokemon/octillery/back.2bpp gfx/pokemon/octillery/back.2bpp.lz
tools/lzcompress --matching -- gfx/pokemon/unown_s/front.animated.2bpp gfx/pokemon/unown_s/front.animated.2bpp.lz
tools/lzcompress --matching -- gfx/pokemon/horsea/back.2bpp gfx/pokemon/horsea/back.2bpp.lz
tools/lzcompress --matching -- gfx/pokemon/sentret/back.2bpp gfx/pokemon/sentret/back.2bpp.lz
tools/lzcompress --matching -- gfx/pokemon/unown_o/front.animated.2bpp gfx/pokemon/unown_o/front.animated.2bpp.lz
tools/lzcompress --matching -- gfx/pokemon/unown_t/front.animated.2bpp gfx/pokemon/unown_t/front.animated.2bpp.lz
tools/lzcompress --matching -- gfx/pokemon/wigglytuff/back.2bpp gfx/pokemon/wigglytuff/back.2bpp.lz
tools/lzcompress --matching -- gfx/pokemon/articuno/back.2bpp gfx/pokemon/articuno/back.2bpp.lz
tools/lzcompress --matching -- gfx/pokemon/ditto/back.2bpp gfx/pokemon/ditto/back.2bpp.lz
tools/lzcompress --matching -- gfx/pokemon/weedle/back.2bpp gfx/pokemon/weedle/back.2bpp.lz
tools/lzcompress --matching -- gfx/pokemon/unown_h/front.animated.2bpp gfx/pokemon/unown_h/front.animated.2bpp.lz
tools/lzcompress --matching -- gfx/pokemon/cleffa/back.2bpp gfx/pokemon/cleffa/back.2bpp.lz
tools/lzcompress --matching -- gfx/pokemon/drowzee/back.2bpp gfx/pokemon/drowzee/back.2bpp.lz
tools/lzcompress --matching -- gfx/pokemon/gastly/back.2bpp gfx/pokemon/gastly/back.2bpp.lz
tools/lzcompress --matching -- gfx/pokemon/fearow/back.2bpp gfx/pokemon/fearow/back.2bpp.lz
tools/lzcompress --matching -- gfx/pokemon/marill/back.2bpp gfx/pokemon/marill/back.2bpp.lz
tools/lzcompress --matching -- gfx/pokemon/dratini/back.2bpp gfx/pokemon/dratini/back.2bpp.lz
tools/lzcompress --matching -- gfx/pokemon/electrode/back.2bpp gfx/pokemon/electrode/back.2bpp.lz
tools/lzcompress --matching -- gfx/pokemon/skarmory/back.2bpp gfx/pokemon/skarmory/back.2bpp.lz
tools/lzcompress --matching -- gfx/pokemon/metapod/back.2bpp gfx/pokemon/metapod/back.2bpp.lz
tools/lzcompress --matching -- gfx/pokemon/jigglypuff/back.2bpp gfx/pokemon/jigglypuff/back.2bpp.lz
tools/lzcompress --matching -- gfx/pokemon/oddish/back.2bpp gfx/pokemon/oddish/back.2bpp.lz
tools/lzcompress --matching -- gfx/pokemon/unown_d/back.2bpp gfx/pokemon/unown_d/back.2bpp.lz
tools/lzcompress --matching -- gfx/pokemon/geodude/front.animated.2bpp gfx/pokemon/geodude/front.animated.2bpp.lz
tools/lzcompress --matching -- gfx/pokemon/machop/front.animated.2bpp gfx/pokemon/machop/front.animated.2bpp.lz
tools/lzcompress --matching -- gfx/pokemon/geodude/back.2bpp gfx/pokemon/geodude/back.2bpp.lz
tools/lzcompress --matching -- gfx/pokemon/sandshrew/back.2bpp gfx/pokemon/sandshrew/back.2bpp.lz
tools/lzcompress --matching -- gfx/pokemon/machop/back.2bpp gfx/pokemon/machop/back.2bpp.lz
tools/lzcompress --matching -- gfx/pokemon/rattata/back.2bpp gfx/pokemon/rattata/back.2bpp.lz
tools/lzcompress --matching -- gfx/pokemon/meowth/front.animated.2bpp gfx/pokemon/meowth/front.animated.2bpp.lz
tools/lzcompress --matching -- gfx/pokemon/totodile/front.animated.2bpp gfx/pokemon/totodile/front.animated.2bpp.lz
tools/lzcompress --matching -- gfx/pokemon/ekans/front.animated.2bpp gfx/pokemon/ekans/front.animated.2bpp.lz
tools/lzcompress --matching -- gfx/pokemon/grimer/front.animated.2bpp gfx/pokemon/grimer/front.animated.2bpp.lz
tools/lzcompress --matching -- gfx/pokemon/machoke/front.animated.2bpp gfx/pokemon/machoke/front.animated.2bpp.lz
tools/lzcompress --matching -- gfx/pokemon/kingler/front.animated.2bpp gfx/pokemon/kingler/front.animated.2bpp.lz
tools/lzcompress --matching -- gfx/pokemon/meowth/back.2bpp gfx/pokemon/meowth/back.2bpp.lz
tools/lzcompress --matching -- gfx/pokemon/totodile/back.2bpp gfx/pokemon/totodile/back.2bpp.lz
tools/lzcompress --matching -- gfx/pokemon/krabby/back.2bpp gfx/pokemon/krabby/back.2bpp.lz
tools/lzcompress --matching -- gfx/pokemon/spearow/back.2bpp gfx/pokemon/spearow/back.2bpp.lz
tools/lzcompress --matching -- gfx/pokemon/ekans/back.2bpp gfx/pokemon/ekans/back.2bpp.lz
tools/lzcompress --matching -- gfx/pokemon/grimer/back.2bpp gfx/pokemon/grimer/back.2bpp.lz
tools/lzcompress --matching -- gfx/pokemon/machoke/back.2bpp gfx/pokemon/machoke/back.2bpp.lz
tools/lzcompress --matching -- gfx/pokemon/kingler/back.2bpp gfx/pokemon/kingler/back.2bpp.lz
/workspace/toolchains/rgbds-1.0.4/rgbasm -Weverything -Wtruncation=1 -Q8 -P includes.asm  -o gfx/sprites.o gfx/sprites.asm
tools/lzcompress --matching --align 4 -- gfx/tilesets/peon.2bpp gfx/tilesets/peon.2bpp.lz
tools/lzcompress --matching --align 4 --literal-only --align 1 -- gfx/tilesets/kanto.2bpp gfx/tilesets/kanto.2bpp.lz
tools/lzcompress --matching --align 4 --literal-only --align 1 -- gfx/tilesets/johto.2bpp gfx/tilesets/johto.2bpp.lz
tools/lzcompress --matching --align 4 -- gfx/tilesets/ice_path.2bpp gfx/tilesets/ice_path.2bpp.lz
tools/lzcompress --matching --align 4 --no-lookback-3 --align 4 -- gfx/tilesets/players_room.2bpp gfx/tilesets/players_room.2bpp.lz
tools/lzcompress --matching --align 4 -- gfx/tilesets/pokecenter.2bpp gfx/tilesets/pokecenter.2bpp.lz
tools/lzcompress --matching --align 4 -- gfx/tilesets/port.2bpp gfx/tilesets/port.2bpp.lz
tools/lzcompress --matching --align 4 -- gfx/tilesets/players_house.2bpp gfx/tilesets/players_house.2bpp.lz
tools/lzcompress --matching --align 4 --odd-alternate --align 4 -- gfx/tilesets/mansion.2bpp gfx/tilesets/mansion.2bpp.lz
tools/lzcompress --matching --align 4 -- gfx/tilesets/cave.2bpp gfx/tilesets/cave.2bpp.lz
tools/lzcompress --matching --align 4 --odd-alternate --align 4 -- gfx/tilesets/tower.2bpp gfx/tilesets/tower.2bpp.lz
tools/lzcompress --matching --align 4 -- gfx/tilesets/lab.2bpp gfx/tilesets/lab.2bpp.lz
tools/lzcompress --matching --align 4 --odd-alternate --align 4 -- gfx/tilesets/mart.2bpp gfx/tilesets/mart.2bpp.lz
tools/lzcompress --matching --align 4 -- gfx/tilesets/game_corner.2bpp gfx/tilesets/game_corner.2bpp.lz
tools/lzcompress --matching --align 4 -- gfx/tilesets/train_station.2bpp gfx/tilesets/train_station.2bpp.lz
tools/lzcompress --matching --align 4 -- gfx/tilesets/elite_four_room.2bpp gfx/tilesets/elite_four_room.2bpp.lz
tools/lzcompress --matching --align 4 -- gfx/tilesets/park.2bpp gfx/tilesets/park.2bpp.lz
tools/lzcompress --matching --align 4 -- gfx/tilesets/radio_tower.2bpp gfx/tilesets/radio_tower.2bpp.lz
tools/lzcompress --matching --align 4 -- gfx/tilesets/underground.2bpp gfx/tilesets/underground.2bpp.lz
tools/lzcompress --matching --align 4 -- gfx/tilesets/dark_cave.2bpp gfx/tilesets/dark_cave.2bpp.lz
tools/lzcompress --matching --align 4 -- gfx/tilesets/pokecom_center.2bpp gfx/tilesets/pokecom_center.2bpp.lz
tools/lzcompress --matching --align 4 -- gfx/tilesets/battle_tower_inside.2bpp gfx/tilesets/battle_tower_inside.2bpp.lz
tools/lzcompress --matching --align 4 -- gfx/tilesets/gate.2bpp gfx/tilesets/gate.2bpp.lz
tools/lzcompress --matching --align 4 --literal-only --align 1 -- gfx/tilesets/johto_modern.2bpp gfx/tilesets/johto_modern.2bpp.lz
tools/lzcompress --matching --align 4 -- gfx/tilesets/traditional_house.2bpp gfx/tilesets/traditional_house.2bpp.lz
tools/lzcompress --matching --align 4 -- gfx/tilesets/forest.2bpp gfx/tilesets/forest.2bpp.lz
tools/lzcompress --matching --align 4 -- gfx/tilesets/champions_room.2bpp gfx/tilesets/champions_room.2bpp.lz
tools/lzcompress --matching --align 4 --odd-alternate --align 4 -- gfx/tilesets/house.2bpp gfx/tilesets/house.2bpp.lz
tools/lzcompress --matching --align 4 -- gfx/tilesets/lighthouse.2bpp gfx/tilesets/lighthouse.2bpp.lz
tools/lzcompress --matching --align 4 -- gfx/tilesets/facility.2bpp gfx/tilesets/facility.2bpp.lz
tools/lzcompress --matching --align 4 --literal-only --align 1 -- gfx/tilesets/ruins_of_alph.2bpp gfx/tilesets/ruins_of_alph.2bpp.lz
tools/pokemon_animation -f gfx/pokemon/dewgong/front.animated.tilemap gfx/pokemon/dewgong/front.dimensions > gfx/pokemon/dewgong/frames.asm
echo "	db \$4d" >> gfx/pokemon/dewgong/frames.asm
tools/pokemon_animation -f gfx/pokemon/lugia/front.animated.tilemap gfx/pokemon/lugia/front.dimensions > gfx/pokemon/lugia/frames.asm
echo "	db \$5e, \$59" >> gfx/pokemon/lugia/frames.asm
tools/lzcompress --matching -- gfx/trade/game_boy_cable.2bpp gfx/trade/game_boy_cable.2bpp.lz
tools/pokemon_animation -b gfx/pokemon/bulbasaur/front.animated.tilemap gfx/pokemon/bulbasaur/front.dimensions > gfx/pokemon/bulbasaur/bitmask.asm
tools/pokemon_animation -b gfx/pokemon/ivysaur/front.animated.tilemap gfx/pokemon/ivysaur/front.dimensions > gfx/pokemon/ivysaur/bitmask.asm
tools/pokemon_animation -b gfx/pokemon/venusaur/front.animated.tilemap gfx/pokemon/venusaur/front.dimensions > gfx/pokemon/venusaur/bitmask.asm
tools/pokemon_animation -b gfx/pokemon/charmander/front.animated.tilemap gfx/pokemon/charmander/front.dimensions > gfx/pokemon/charmander/bitmask.asm
tools/pokemon_animation -b gfx/pokemon/charmeleon/front.animated.tilemap gfx/pokemon/charmeleon/front.dimensions > gfx/pokemon/charmeleon/bitmask.asm
tools/pokemon_animation -b gfx/pokemon/charizard/front.animated.tilemap gfx/pokemon/charizard/front.dimensions > gfx/pokemon/charizard/bitmask.asm
tools/pokemon_animation -b gfx/pokemon/squirtle/front.animated.tilemap gfx/pokemon/squirtle/front.dimensions > gfx/pokemon/squirtle/bitmask.asm
tools/pokemon_animation -b gfx/pokemon/wartortle/front.animated.tilemap gfx/pokemon/wartortle/front.dimensions > gfx/pokemon/wartortle/bitmask.asm
tools/pokemon_animation -b gfx/pokemon/blastoise/front.animated.tilemap gfx/pokemon/blastoise/front.dimensions > gfx/pokemon/blastoise/bitmask.asm
tools/pokemon_animation -b gfx/pokemon/caterpie/front.animated.tilemap gfx/pokemon/caterpie/front.dimensions > gfx/pokemon/caterpie/bitmask.asm
tools/pokemon_animation -b gfx/pokemon/metapod/front.animated.tilemap gfx/pokemon/metapod/front.dimensions > gfx/pokemon/metapod/bitmask.asm
tools/pokemon_animation -b gfx/pokemon/butterfree/front.animated.tilemap gfx/pokemon/butterfree/front.dimensions > gfx/pokemon/butterfree/bitmask.asm
tools/pokemon_animation -b gfx/pokemon/weedle/front.animated.tilemap gfx/pokemon/weedle/front.dimensions > gfx/pokemon/weedle/bitmask.asm
tools/pokemon_animation -b gfx/pokemon/kakuna/front.animated.tilemap gfx/pokemon/kakuna/front.dimensions > gfx/pokemon/kakuna/bitmask.asm
tools/pokemon_animation -b gfx/pokemon/beedrill/front.animated.tilemap gfx/pokemon/beedrill/front.dimensions > gfx/pokemon/beedrill/bitmask.asm
tools/pokemon_animation -b gfx/pokemon/pidgey/front.animated.tilemap gfx/pokemon/pidgey/front.dimensions > gfx/pokemon/pidgey/bitmask.asm
tools/pokemon_animation -b gfx/pokemon/pidgeotto/front.animated.tilemap gfx/pokemon/pidgeotto/front.dimensions > gfx/pokemon/pidgeotto/bitmask.asm
tools/pokemon_animation -b gfx/pokemon/pidgeot/front.animated.tilemap gfx/pokemon/pidgeot/front.dimensions > gfx/pokemon/pidgeot/bitmask.asm
tools/pokemon_animation -b gfx/pokemon/rattata/front.animated.tilemap gfx/pokemon/rattata/front.dimensions > gfx/pokemon/rattata/bitmask.asm
tools/pokemon_animation -b gfx/pokemon/raticate/front.animated.tilemap gfx/pokemon/raticate/front.dimensions > gfx/pokemon/raticate/bitmask.asm
tools/pokemon_animation -b gfx/pokemon/spearow/front.animated.tilemap gfx/pokemon/spearow/front.dimensions > gfx/pokemon/spearow/bitmask.asm
tools/pokemon_animation -b gfx/pokemon/fearow/front.animated.tilemap gfx/pokemon/fearow/front.dimensions > gfx/pokemon/fearow/bitmask.asm
tools/pokemon_animation -b gfx/pokemon/ekans/front.animated.tilemap gfx/pokemon/ekans/front.dimensions > gfx/pokemon/ekans/bitmask.asm
tools/pokemon_animation -b gfx/pokemon/arbok/front.animated.tilemap gfx/pokemon/arbok/front.dimensions > gfx/pokemon/arbok/bitmask.asm
tools/pokemon_animation -b gfx/pokemon/pikachu/front.animated.tilemap gfx/pokemon/pikachu/front.dimensions > gfx/pokemon/pikachu/bitmask.asm
tools/pokemon_animation -b gfx/pokemon/raichu/front.animated.tilemap gfx/pokemon/raichu/front.dimensions > gfx/pokemon/raichu/bitmask.asm
tools/pokemon_animation -b gfx/pokemon/sandshrew/front.animated.tilemap gfx/pokemon/sandshrew/front.dimensions > gfx/pokemon/sandshrew/bitmask.asm
tools/pokemon_animation -b gfx/pokemon/sandslash/front.animated.tilemap gfx/pokemon/sandslash/front.dimensions > gfx/pokemon/sandslash/bitmask.asm
tools/pokemon_animation -b gfx/pokemon/nidoran_f/front.animated.tilemap gfx/pokemon/nidoran_f/front.dimensions > gfx/pokemon/nidoran_f/bitmask.asm
tools/pokemon_animation -b gfx/pokemon/nidorina/front.animated.tilemap gfx/pokemon/nidorina/front.dimensions > gfx/pokemon/nidorina/bitmask.asm
tools/pokemon_animation -b gfx/pokemon/nidoqueen/front.animated.tilemap gfx/pokemon/nidoqueen/front.dimensions > gfx/pokemon/nidoqueen/bitmask.asm
tools/pokemon_animation -b gfx/pokemon/nidoran_m/front.animated.tilemap gfx/pokemon/nidoran_m/front.dimensions > gfx/pokemon/nidoran_m/bitmask.asm
tools/pokemon_animation -b gfx/pokemon/nidorino/front.animated.tilemap gfx/pokemon/nidorino/front.dimensions > gfx/pokemon/nidorino/bitmask.asm
tools/pokemon_animation -b gfx/pokemon/nidoking/front.animated.tilemap gfx/pokemon/nidoking/front.dimensions > gfx/pokemon/nidoking/bitmask.asm
tools/pokemon_animation -b gfx/pokemon/clefairy/front.animated.tilemap gfx/pokemon/clefairy/front.dimensions > gfx/pokemon/clefairy/bitmask.asm
tools/pokemon_animation -b gfx/pokemon/clefable/front.animated.tilemap gfx/pokemon/clefable/front.dimensions > gfx/pokemon/clefable/bitmask.asm
tools/pokemon_animation -b gfx/pokemon/vulpix/front.animated.tilemap gfx/pokemon/vulpix/front.dimensions > gfx/pokemon/vulpix/bitmask.asm
tools/pokemon_animation -b gfx/pokemon/ninetales/front.animated.tilemap gfx/pokemon/ninetales/front.dimensions > gfx/pokemon/ninetales/bitmask.asm
tools/pokemon_animation -b gfx/pokemon/jigglypuff/front.animated.tilemap gfx/pokemon/jigglypuff/front.dimensions > gfx/pokemon/jigglypuff/bitmask.asm
tools/pokemon_animation -b gfx/pokemon/wigglytuff/front.animated.tilemap gfx/pokemon/wigglytuff/front.dimensions > gfx/pokemon/wigglytuff/bitmask.asm
tools/pokemon_animation -b gfx/pokemon/zubat/front.animated.tilemap gfx/pokemon/zubat/front.dimensions > gfx/pokemon/zubat/bitmask.asm
tools/pokemon_animation -b gfx/pokemon/golbat/front.animated.tilemap gfx/pokemon/golbat/front.dimensions > gfx/pokemon/golbat/bitmask.asm
tools/pokemon_animation -b gfx/pokemon/oddish/front.animated.tilemap gfx/pokemon/oddish/front.dimensions > gfx/pokemon/oddish/bitmask.asm
tools/pokemon_animation -b gfx/pokemon/gloom/front.animated.tilemap gfx/pokemon/gloom/front.dimensions > gfx/pokemon/gloom/bitmask.asm
tools/pokemon_animation -b gfx/pokemon/vileplume/front.animated.tilemap gfx/pokemon/vileplume/front.dimensions > gfx/pokemon/vileplume/bitmask.asm
tools/pokemon_animation -b gfx/pokemon/paras/front.animated.tilemap gfx/pokemon/paras/front.dimensions > gfx/pokemon/paras/bitmask.asm
tools/pokemon_animation -b gfx/pokemon/parasect/front.animated.tilemap gfx/pokemon/parasect/front.dimensions > gfx/pokemon/parasect/bitmask.asm
tools/pokemon_animation -b gfx/pokemon/venonat/front.animated.tilemap gfx/pokemon/venonat/front.dimensions > gfx/pokemon/venonat/bitmask.asm
tools/pokemon_animation -b gfx/pokemon/venomoth/front.animated.tilemap gfx/pokemon/venomoth/front.dimensions > gfx/pokemon/venomoth/bitmask.asm
tools/pokemon_animation -b gfx/pokemon/diglett/front.animated.tilemap gfx/pokemon/diglett/front.dimensions > gfx/pokemon/diglett/bitmask.asm
tools/pokemon_animation -b gfx/pokemon/dugtrio/front.animated.tilemap gfx/pokemon/dugtrio/front.dimensions > gfx/pokemon/dugtrio/bitmask.asm
tools/pokemon_animation -b gfx/pokemon/meowth/front.animated.tilemap gfx/pokemon/meowth/front.dimensions > gfx/pokemon/meowth/bitmask.asm
tools/pokemon_animation -b gfx/pokemon/persian/front.animated.tilemap gfx/pokemon/persian/front.dimensions > gfx/pokemon/persian/bitmask.asm
tools/pokemon_animation -b gfx/pokemon/psyduck/front.animated.tilemap gfx/pokemon/psyduck/front.dimensions > gfx/pokemon/psyduck/bitmask.asm
tools/pokemon_animation -b gfx/pokemon/golduck/front.animated.tilemap gfx/pokemon/golduck/front.dimensions > gfx/pokemon/golduck/bitmask.asm
tools/pokemon_animation -b gfx/pokemon/mankey/front.animated.tilemap gfx/pokemon/mankey/front.dimensions > gfx/pokemon/mankey/bitmask.asm
tools/pokemon_animation -b gfx/pokemon/primeape/front.animated.tilemap gfx/pokemon/primeape/front.dimensions > gfx/pokemon/primeape/bitmask.asm
tools/pokemon_animation -b gfx/pokemon/growlithe/front.animated.tilemap gfx/pokemon/growlithe/front.dimensions > gfx/pokemon/growlithe/bitmask.asm
tools/pokemon_animation -b gfx/pokemon/arcanine/front.animated.tilemap gfx/pokemon/arcanine/front.dimensions > gfx/pokemon/arcanine/bitmask.asm
tools/pokemon_animation -b gfx/pokemon/poliwag/front.animated.tilemap gfx/pokemon/poliwag/front.dimensions > gfx/pokemon/poliwag/bitmask.asm
tools/pokemon_animation -b gfx/pokemon/poliwhirl/front.animated.tilemap gfx/pokemon/poliwhirl/front.dimensions > gfx/pokemon/poliwhirl/bitmask.asm
tools/pokemon_animation -b gfx/pokemon/poliwrath/front.animated.tilemap gfx/pokemon/poliwrath/front.dimensions > gfx/pokemon/poliwrath/bitmask.asm
tools/pokemon_animation -b gfx/pokemon/abra/front.animated.tilemap gfx/pokemon/abra/front.dimensions > gfx/pokemon/abra/bitmask.asm
tools/pokemon_animation -b gfx/pokemon/kadabra/front.animated.tilemap gfx/pokemon/kadabra/front.dimensions > gfx/pokemon/kadabra/bitmask.asm
tools/pokemon_animation -b gfx/pokemon/alakazam/front.animated.tilemap gfx/pokemon/alakazam/front.dimensions > gfx/pokemon/alakazam/bitmask.asm
tools/pokemon_animation -b gfx/pokemon/machoke/front.animated.tilemap gfx/pokemon/machoke/front.dimensions > gfx/pokemon/machoke/bitmask.asm
tools/pokemon_animation -b gfx/pokemon/machamp/front.animated.tilemap gfx/pokemon/machamp/front.dimensions > gfx/pokemon/machamp/bitmask.asm
tools/pokemon_animation -b gfx/pokemon/bellsprout/front.animated.tilemap gfx/pokemon/bellsprout/front.dimensions > gfx/pokemon/bellsprout/bitmask.asm
tools/pokemon_animation -b gfx/pokemon/weepinbell/front.animated.tilemap gfx/pokemon/weepinbell/front.dimensions > gfx/pokemon/weepinbell/bitmask.asm
tools/pokemon_animation -b gfx/pokemon/victreebel/front.animated.tilemap gfx/pokemon/victreebel/front.dimensions > gfx/pokemon/victreebel/bitmask.asm
tools/pokemon_animation -b gfx/pokemon/tentacool/front.animated.tilemap gfx/pokemon/tentacool/front.dimensions > gfx/pokemon/tentacool/bitmask.asm
tools/pokemon_animation -b gfx/pokemon/tentacruel/front.animated.tilemap gfx/pokemon/tentacruel/front.dimensions > gfx/pokemon/tentacruel/bitmask.asm
tools/pokemon_animation -b gfx/pokemon/geodude/front.animated.tilemap gfx/pokemon/geodude/front.dimensions > gfx/pokemon/geodude/bitmask.asm
tools/pokemon_animation -b gfx/pokemon/graveler/front.animated.tilemap gfx/pokemon/graveler/front.dimensions > gfx/pokemon/graveler/bitmask.asm
tools/pokemon_animation -b gfx/pokemon/golem/front.animated.tilemap gfx/pokemon/golem/front.dimensions > gfx/pokemon/golem/bitmask.asm
tools/pokemon_animation -b gfx/pokemon/ponyta/front.animated.tilemap gfx/pokemon/ponyta/front.dimensions > gfx/pokemon/ponyta/bitmask.asm
tools/pokemon_animation -b gfx/pokemon/rapidash/front.animated.tilemap gfx/pokemon/rapidash/front.dimensions > gfx/pokemon/rapidash/bitmask.asm
tools/pokemon_animation -b gfx/pokemon/slowpoke/front.animated.tilemap gfx/pokemon/slowpoke/front.dimensions > gfx/pokemon/slowpoke/bitmask.asm
tools/pokemon_animation -b gfx/pokemon/slowbro/front.animated.tilemap gfx/pokemon/slowbro/front.dimensions > gfx/pokemon/slowbro/bitmask.asm
tools/pokemon_animation -b gfx/pokemon/magnemite/front.animated.tilemap gfx/pokemon/magnemite/front.dimensions > gfx/pokemon/magnemite/bitmask.asm
tools/pokemon_animation -b gfx/pokemon/magneton/front.animated.tilemap gfx/pokemon/magneton/front.dimensions > gfx/pokemon/magneton/bitmask.asm
tools/pokemon_animation -b gfx/pokemon/farfetch_d/front.animated.tilemap gfx/pokemon/farfetch_d/front.dimensions > gfx/pokemon/farfetch_d/bitmask.asm
tools/pokemon_animation -b gfx/pokemon/doduo/front.animated.tilemap gfx/pokemon/doduo/front.dimensions > gfx/pokemon/doduo/bitmask.asm
tools/pokemon_animation -b gfx/pokemon/dodrio/front.animated.tilemap gfx/pokemon/dodrio/front.dimensions > gfx/pokemon/dodrio/bitmask.asm
tools/pokemon_animation -b gfx/pokemon/seel/front.animated.tilemap gfx/pokemon/seel/front.dimensions > gfx/pokemon/seel/bitmask.asm
tools/pokemon_animation -b gfx/pokemon/grimer/front.animated.tilemap gfx/pokemon/grimer/front.dimensions > gfx/pokemon/grimer/bitmask.asm
tools/pokemon_animation -b gfx/pokemon/muk/front.animated.tilemap gfx/pokemon/muk/front.dimensions > gfx/pokemon/muk/bitmask.asm
tools/pokemon_animation -b gfx/pokemon/shellder/front.animated.tilemap gfx/pokemon/shellder/front.dimensions > gfx/pokemon/shellder/bitmask.asm
tools/pokemon_animation -b gfx/pokemon/cloyster/front.animated.tilemap gfx/pokemon/cloyster/front.dimensions > gfx/pokemon/cloyster/bitmask.asm
tools/pokemon_animation -b gfx/pokemon/gastly/front.animated.tilemap gfx/pokemon/gastly/front.dimensions > gfx/pokemon/gastly/bitmask.asm
tools/pokemon_animation -b gfx/pokemon/haunter/front.animated.tilemap gfx/pokemon/haunter/front.dimensions > gfx/pokemon/haunter/bitmask.asm
tools/pokemon_animation -b gfx/pokemon/gengar/front.animated.tilemap gfx/pokemon/gengar/front.dimensions > gfx/pokemon/gengar/bitmask.asm
tools/pokemon_animation -b gfx/pokemon/onix/front.animated.tilemap gfx/pokemon/onix/front.dimensions > gfx/pokemon/onix/bitmask.asm
tools/pokemon_animation -b gfx/pokemon/drowzee/front.animated.tilemap gfx/pokemon/drowzee/front.dimensions > gfx/pokemon/drowzee/bitmask.asm
tools/pokemon_animation -b gfx/pokemon/hypno/front.animated.tilemap gfx/pokemon/hypno/front.dimensions > gfx/pokemon/hypno/bitmask.asm
tools/pokemon_animation -b gfx/pokemon/krabby/front.animated.tilemap gfx/pokemon/krabby/front.dimensions > gfx/pokemon/krabby/bitmask.asm
tools/pokemon_animation -b gfx/pokemon/kingler/front.animated.tilemap gfx/pokemon/kingler/front.dimensions > gfx/pokemon/kingler/bitmask.asm
tools/pokemon_animation -b gfx/pokemon/voltorb/front.animated.tilemap gfx/pokemon/voltorb/front.dimensions > gfx/pokemon/voltorb/bitmask.asm
tools/pokemon_animation -b gfx/pokemon/electrode/front.animated.tilemap gfx/pokemon/electrode/front.dimensions > gfx/pokemon/electrode/bitmask.asm
tools/pokemon_animation -b gfx/pokemon/exeggcute/front.animated.tilemap gfx/pokemon/exeggcute/front.dimensions > gfx/pokemon/exeggcute/bitmask.asm
tools/pokemon_animation -b gfx/pokemon/exeggutor/front.animated.tilemap gfx/pokemon/exeggutor/front.dimensions > gfx/pokemon/exeggutor/bitmask.asm
tools/pokemon_animation -b gfx/pokemon/cubone/front.animated.tilemap gfx/pokemon/cubone/front.dimensions > gfx/pokemon/cubone/bitmask.asm
tools/pokemon_animation -b gfx/pokemon/marowak/front.animated.tilemap gfx/pokemon/marowak/front.dimensions > gfx/pokemon/marowak/bitmask.asm
tools/pokemon_animation -b gfx/pokemon/hitmonlee/front.animated.tilemap gfx/pokemon/hitmonlee/front.dimensions > gfx/pokemon/hitmonlee/bitmask.asm
tools/pokemon_animation -b gfx/pokemon/hitmonchan/front.animated.tilemap gfx/pokemon/hitmonchan/front.dimensions > gfx/pokemon/hitmonchan/bitmask.asm
tools/pokemon_animation -b gfx/pokemon/lickitung/front.animated.tilemap gfx/pokemon/lickitung/front.dimensions > gfx/pokemon/lickitung/bitmask.asm
tools/pokemon_animation -b gfx/pokemon/koffing/front.animated.tilemap gfx/pokemon/koffing/front.dimensions > gfx/pokemon/koffing/bitmask.asm
tools/pokemon_animation -b gfx/pokemon/weezing/front.animated.tilemap gfx/pokemon/weezing/front.dimensions > gfx/pokemon/weezing/bitmask.asm
tools/pokemon_animation -b gfx/pokemon/rhyhorn/front.animated.tilemap gfx/pokemon/rhyhorn/front.dimensions > gfx/pokemon/rhyhorn/bitmask.asm
tools/pokemon_animation -b gfx/pokemon/rhydon/front.animated.tilemap gfx/pokemon/rhydon/front.dimensions > gfx/pokemon/rhydon/bitmask.asm
tools/pokemon_animation -b gfx/pokemon/chansey/front.animated.tilemap gfx/pokemon/chansey/front.dimensions > gfx/pokemon/chansey/bitmask.asm
tools/pokemon_animation -b gfx/pokemon/tangela/front.animated.tilemap gfx/pokemon/tangela/front.dimensions > gfx/pokemon/tangela/bitmask.asm
tools/pokemon_animation -b gfx/pokemon/kangaskhan/front.animated.tilemap gfx/pokemon/kangaskhan/front.dimensions > gfx/pokemon/kangaskhan/bitmask.asm
tools/pokemon_animation -b gfx/pokemon/horsea/front.animated.tilemap gfx/pokemon/horsea/front.dimensions > gfx/pokemon/horsea/bitmask.asm
tools/pokemon_animation -b gfx/pokemon/seadra/front.animated.tilemap gfx/pokemon/seadra/front.dimensions > gfx/pokemon/seadra/bitmask.asm
tools/pokemon_animation -b gfx/pokemon/goldeen/front.animated.tilemap gfx/pokemon/goldeen/front.dimensions > gfx/pokemon/goldeen/bitmask.asm
tools/pokemon_animation -b gfx/pokemon/seaking/front.animated.tilemap gfx/pokemon/seaking/front.dimensions > gfx/pokemon/seaking/bitmask.asm
tools/pokemon_animation -b gfx/pokemon/staryu/front.animated.tilemap gfx/pokemon/staryu/front.dimensions > gfx/pokemon/staryu/bitmask.asm
tools/pokemon_animation -b gfx/pokemon/starmie/front.animated.tilemap gfx/pokemon/starmie/front.dimensions > gfx/pokemon/starmie/bitmask.asm
tools/pokemon_animation -b gfx/pokemon/mr__mime/front.animated.tilemap gfx/pokemon/mr__mime/front.dimensions > gfx/pokemon/mr__mime/bitmask.asm
tools/pokemon_animation -b gfx/pokemon/scyther/front.animated.tilemap gfx/pokemon/scyther/front.dimensions > gfx/pokemon/scyther/bitmask.asm
tools/pokemon_animation -b gfx/pokemon/jynx/front.animated.tilemap gfx/pokemon/jynx/front.dimensions > gfx/pokemon/jynx/bitmask.asm
tools/pokemon_animation -b gfx/pokemon/electabuzz/front.animated.tilemap gfx/pokemon/electabuzz/front.dimensions > gfx/pokemon/electabuzz/bitmask.asm
tools/pokemon_animation -b gfx/pokemon/magmar/front.animated.tilemap gfx/pokemon/magmar/front.dimensions > gfx/pokemon/magmar/bitmask.asm
tools/pokemon_animation -b gfx/pokemon/pinsir/front.animated.tilemap gfx/pokemon/pinsir/front.dimensions > gfx/pokemon/pinsir/bitmask.asm
tools/pokemon_animation -b gfx/pokemon/tauros/front.animated.tilemap gfx/pokemon/tauros/front.dimensions > gfx/pokemon/tauros/bitmask.asm
tools/pokemon_animation -b gfx/pokemon/magikarp/front.animated.tilemap gfx/pokemon/magikarp/front.dimensions > gfx/pokemon/magikarp/bitmask.asm
tools/pokemon_animation -b gfx/pokemon/gyarados/front.animated.tilemap gfx/pokemon/gyarados/front.dimensions > gfx/pokemon/gyarados/bitmask.asm
tools/pokemon_animation -b gfx/pokemon/lapras/front.animated.tilemap gfx/pokemon/lapras/front.dimensions > gfx/pokemon/lapras/bitmask.asm
tools/pokemon_animation -b gfx/pokemon/ditto/front.animated.tilemap gfx/pokemon/ditto/front.dimensions > gfx/pokemon/ditto/bitmask.asm
tools/pokemon_animation -b gfx/pokemon/eevee/front.animated.tilemap gfx/pokemon/eevee/front.dimensions > gfx/pokemon/eevee/bitmask.asm
tools/pokemon_animation -b gfx/pokemon/vaporeon/front.animated.tilemap gfx/pokemon/vaporeon/front.dimensions > gfx/pokemon/vaporeon/bitmask.asm
tools/pokemon_animation -b gfx/pokemon/jolteon/front.animated.tilemap gfx/pokemon/jolteon/front.dimensions > gfx/pokemon/jolteon/bitmask.asm
tools/pokemon_animation -b gfx/pokemon/flareon/front.animated.tilemap gfx/pokemon/flareon/front.dimensions > gfx/pokemon/flareon/bitmask.asm
tools/pokemon_animation -b gfx/pokemon/porygon/front.animated.tilemap gfx/pokemon/porygon/front.dimensions > gfx/pokemon/porygon/bitmask.asm
tools/pokemon_animation -b gfx/pokemon/omanyte/front.animated.tilemap gfx/pokemon/omanyte/front.dimensions > gfx/pokemon/omanyte/bitmask.asm
tools/pokemon_animation -b gfx/pokemon/omastar/front.animated.tilemap gfx/pokemon/omastar/front.dimensions > gfx/pokemon/omastar/bitmask.asm
tools/pokemon_animation -b gfx/pokemon/kabuto/front.animated.tilemap gfx/pokemon/kabuto/front.dimensions > gfx/pokemon/kabuto/bitmask.asm
tools/pokemon_animation -b gfx/pokemon/kabutops/front.animated.tilemap gfx/pokemon/kabutops/front.dimensions > gfx/pokemon/kabutops/bitmask.asm
tools/pokemon_animation -b gfx/pokemon/aerodactyl/front.animated.tilemap gfx/pokemon/aerodactyl/front.dimensions > gfx/pokemon/aerodactyl/bitmask.asm
tools/pokemon_animation -b gfx/pokemon/snorlax/front.animated.tilemap gfx/pokemon/snorlax/front.dimensions > gfx/pokemon/snorlax/bitmask.asm
tools/pokemon_animation -b gfx/pokemon/articuno/front.animated.tilemap gfx/pokemon/articuno/front.dimensions > gfx/pokemon/articuno/bitmask.asm
tools/pokemon_animation -b gfx/pokemon/zapdos/front.animated.tilemap gfx/pokemon/zapdos/front.dimensions > gfx/pokemon/zapdos/bitmask.asm
tools/pokemon_animation -b gfx/pokemon/moltres/front.animated.tilemap gfx/pokemon/moltres/front.dimensions > gfx/pokemon/moltres/bitmask.asm
tools/pokemon_animation -b gfx/pokemon/dratini/front.animated.tilemap gfx/pokemon/dratini/front.dimensions > gfx/pokemon/dratini/bitmask.asm
tools/pokemon_animation -b gfx/pokemon/dragonair/front.animated.tilemap gfx/pokemon/dragonair/front.dimensions > gfx/pokemon/dragonair/bitmask.asm
tools/pokemon_animation -b gfx/pokemon/dragonite/front.animated.tilemap gfx/pokemon/dragonite/front.dimensions > gfx/pokemon/dragonite/bitmask.asm
tools/pokemon_animation -b gfx/pokemon/mewtwo/front.animated.tilemap gfx/pokemon/mewtwo/front.dimensions > gfx/pokemon/mewtwo/bitmask.asm
tools/pokemon_animation -b gfx/pokemon/mew/front.animated.tilemap gfx/pokemon/mew/front.dimensions > gfx/pokemon/mew/bitmask.asm
tools/pokemon_animation -b gfx/pokemon/chikorita/front.animated.tilemap gfx/pokemon/chikorita/front.dimensions > gfx/pokemon/chikorita/bitmask.asm
tools/pokemon_animation -b gfx/pokemon/bayleef/front.animated.tilemap gfx/pokemon/bayleef/front.dimensions > gfx/pokemon/bayleef/bitmask.asm
tools/pokemon_animation -b gfx/pokemon/meganium/front.animated.tilemap gfx/pokemon/meganium/front.dimensions > gfx/pokemon/meganium/bitmask.asm
tools/pokemon_animation -b gfx/pokemon/cyndaquil/front.animated.tilemap gfx/pokemon/cyndaquil/front.dimensions > gfx/pokemon/cyndaquil/bitmask.asm
tools/pokemon_animation -b gfx/pokemon/quilava/front.animated.tilemap gfx/pokemon/quilava/front.dimensions > gfx/pokemon/quilava/bitmask.asm
tools/pokemon_animation -b gfx/pokemon/typhlosion/front.animated.tilemap gfx/pokemon/typhlosion/front.dimensions > gfx/pokemon/typhlosion/bitmask.asm
tools/pokemon_animation -b gfx/pokemon/totodile/front.animated.tilemap gfx/pokemon/totodile/front.dimensions > gfx/pokemon/totodile/bitmask.asm
tools/pokemon_animation -b gfx/pokemon/croconaw/front.animated.tilemap gfx/pokemon/croconaw/front.dimensions > gfx/pokemon/croconaw/bitmask.asm
tools/pokemon_animation -b gfx/pokemon/feraligatr/front.animated.tilemap gfx/pokemon/feraligatr/front.dimensions > gfx/pokemon/feraligatr/bitmask.asm
tools/pokemon_animation -b gfx/pokemon/sentret/front.animated.tilemap gfx/pokemon/sentret/front.dimensions > gfx/pokemon/sentret/bitmask.asm
tools/pokemon_animation -b gfx/pokemon/furret/front.animated.tilemap gfx/pokemon/furret/front.dimensions > gfx/pokemon/furret/bitmask.asm
tools/pokemon_animation -b gfx/pokemon/hoothoot/front.animated.tilemap gfx/pokemon/hoothoot/front.dimensions > gfx/pokemon/hoothoot/bitmask.asm
tools/pokemon_animation -b gfx/pokemon/noctowl/front.animated.tilemap gfx/pokemon/noctowl/front.dimensions > gfx/pokemon/noctowl/bitmask.asm
tools/pokemon_animation -b gfx/pokemon/ledyba/front.animated.tilemap gfx/pokemon/ledyba/front.dimensions > gfx/pokemon/ledyba/bitmask.asm
tools/pokemon_animation -b gfx/pokemon/ledian/front.animated.tilemap gfx/pokemon/ledian/front.dimensions > gfx/pokemon/ledian/bitmask.asm
tools/pokemon_animation -b gfx/pokemon/spinarak/front.animated.tilemap gfx/pokemon/spinarak/front.dimensions > gfx/pokemon/spinarak/bitmask.asm
tools/pokemon_animation -b gfx/pokemon/ariados/front.animated.tilemap gfx/pokemon/ariados/front.dimensions > gfx/pokemon/ariados/bitmask.asm
tools/pokemon_animation -b gfx/pokemon/crobat/front.animated.tilemap gfx/pokemon/crobat/front.dimensions > gfx/pokemon/crobat/bitmask.asm
tools/pokemon_animation -b gfx/pokemon/chinchou/front.animated.tilemap gfx/pokemon/chinchou/front.dimensions > gfx/pokemon/chinchou/bitmask.asm
tools/pokemon_animation -b gfx/pokemon/lanturn/front.animated.tilemap gfx/pokemon/lanturn/front.dimensions > gfx/pokemon/lanturn/bitmask.asm
tools/pokemon_animation -b gfx/pokemon/pichu/front.animated.tilemap gfx/pokemon/pichu/front.dimensions > gfx/pokemon/pichu/bitmask.asm
tools/pokemon_animation -b gfx/pokemon/cleffa/front.animated.tilemap gfx/pokemon/cleffa/front.dimensions > gfx/pokemon/cleffa/bitmask.asm
tools/pokemon_animation -b gfx/pokemon/igglybuff/front.animated.tilemap gfx/pokemon/igglybuff/front.dimensions > gfx/pokemon/igglybuff/bitmask.asm
tools/pokemon_animation -b gfx/pokemon/togepi/front.animated.tilemap gfx/pokemon/togepi/front.dimensions > gfx/pokemon/togepi/bitmask.asm
tools/pokemon_animation -b gfx/pokemon/togetic/front.animated.tilemap gfx/pokemon/togetic/front.dimensions > gfx/pokemon/togetic/bitmask.asm
tools/pokemon_animation -b gfx/pokemon/natu/front.animated.tilemap gfx/pokemon/natu/front.dimensions > gfx/pokemon/natu/bitmask.asm
tools/pokemon_animation -b gfx/pokemon/xatu/front.animated.tilemap gfx/pokemon/xatu/front.dimensions > gfx/pokemon/xatu/bitmask.asm
tools/pokemon_animation -b gfx/pokemon/mareep/front.animated.tilemap gfx/pokemon/mareep/front.dimensions > gfx/pokemon/mareep/bitmask.asm
tools/pokemon_animation -b gfx/pokemon/flaaffy/front.animated.tilemap gfx/pokemon/flaaffy/front.dimensions > gfx/pokemon/flaaffy/bitmask.asm
tools/pokemon_animation -b gfx/pokemon/ampharos/front.animated.tilemap gfx/pokemon/ampharos/front.dimensions > gfx/pokemon/ampharos/bitmask.asm
tools/pokemon_animation -b gfx/pokemon/bellossom/front.animated.tilemap gfx/pokemon/bellossom/front.dimensions > gfx/pokemon/bellossom/bitmask.asm
tools/pokemon_animation -b gfx/pokemon/marill/front.animated.tilemap gfx/pokemon/marill/front.dimensions > gfx/pokemon/marill/bitmask.asm
tools/pokemon_animation -b gfx/pokemon/azumarill/front.animated.tilemap gfx/pokemon/azumarill/front.dimensions > gfx/pokemon/azumarill/bitmask.asm
tools/pokemon_animation -b gfx/pokemon/sudowoodo/front.animated.tilemap gfx/pokemon/sudowoodo/front.dimensions > gfx/pokemon/sudowoodo/bitmask.asm
tools/pokemon_animation -b gfx/pokemon/politoed/front.animated.tilemap gfx/pokemon/politoed/front.dimensions > gfx/pokemon/politoed/bitmask.asm
tools/pokemon_animation -b gfx/pokemon/hoppip/front.animated.tilemap gfx/pokemon/hoppip/front.dimensions > gfx/pokemon/hoppip/bitmask.asm
tools/pokemon_animation -b gfx/pokemon/skiploom/front.animated.tilemap gfx/pokemon/skiploom/front.dimensions > gfx/pokemon/skiploom/bitmask.asm
tools/pokemon_animation -b gfx/pokemon/jumpluff/front.animated.tilemap gfx/pokemon/jumpluff/front.dimensions > gfx/pokemon/jumpluff/bitmask.asm
tools/pokemon_animation -b gfx/pokemon/aipom/front.animated.tilemap gfx/pokemon/aipom/front.dimensions > gfx/pokemon/aipom/bitmask.asm
tools/pokemon_animation -b gfx/pokemon/sunkern/front.animated.tilemap gfx/pokemon/sunkern/front.dimensions > gfx/pokemon/sunkern/bitmask.asm
tools/pokemon_animation -b gfx/pokemon/sunflora/front.animated.tilemap gfx/pokemon/sunflora/front.dimensions > gfx/pokemon/sunflora/bitmask.asm
tools/pokemon_animation -b gfx/pokemon/yanma/front.animated.tilemap gfx/pokemon/yanma/front.dimensions > gfx/pokemon/yanma/bitmask.asm
tools/pokemon_animation -b gfx/pokemon/wooper/front.animated.tilemap gfx/pokemon/wooper/front.dimensions > gfx/pokemon/wooper/bitmask.asm
tools/pokemon_animation -b gfx/pokemon/quagsire/front.animated.tilemap gfx/pokemon/quagsire/front.dimensions > gfx/pokemon/quagsire/bitmask.asm
tools/pokemon_animation -b gfx/pokemon/espeon/front.animated.tilemap gfx/pokemon/espeon/front.dimensions > gfx/pokemon/espeon/bitmask.asm
tools/pokemon_animation -b gfx/pokemon/umbreon/front.animated.tilemap gfx/pokemon/umbreon/front.dimensions > gfx/pokemon/umbreon/bitmask.asm
tools/pokemon_animation -b gfx/pokemon/murkrow/front.animated.tilemap gfx/pokemon/murkrow/front.dimensions > gfx/pokemon/murkrow/bitmask.asm
tools/pokemon_animation -b gfx/pokemon/slowking/front.animated.tilemap gfx/pokemon/slowking/front.dimensions > gfx/pokemon/slowking/bitmask.asm
tools/pokemon_animation -b gfx/pokemon/misdreavus/front.animated.tilemap gfx/pokemon/misdreavus/front.dimensions > gfx/pokemon/misdreavus/bitmask.asm
tools/pokemon_animation -b gfx/pokemon/wobbuffet/front.animated.tilemap gfx/pokemon/wobbuffet/front.dimensions > gfx/pokemon/wobbuffet/bitmask.asm
tools/pokemon_animation -b gfx/pokemon/girafarig/front.animated.tilemap gfx/pokemon/girafarig/front.dimensions > gfx/pokemon/girafarig/bitmask.asm
tools/pokemon_animation -b gfx/pokemon/pineco/front.animated.tilemap gfx/pokemon/pineco/front.dimensions > gfx/pokemon/pineco/bitmask.asm
tools/pokemon_animation -b gfx/pokemon/forretress/front.animated.tilemap gfx/pokemon/forretress/front.dimensions > gfx/pokemon/forretress/bitmask.asm
tools/pokemon_animation -b gfx/pokemon/dunsparce/front.animated.tilemap gfx/pokemon/dunsparce/front.dimensions > gfx/pokemon/dunsparce/bitmask.asm
tools/pokemon_animation -b gfx/pokemon/gligar/front.animated.tilemap gfx/pokemon/gligar/front.dimensions > gfx/pokemon/gligar/bitmask.asm
tools/pokemon_animation -b gfx/pokemon/steelix/front.animated.tilemap gfx/pokemon/steelix/front.dimensions > gfx/pokemon/steelix/bitmask.asm
tools/pokemon_animation -b gfx/pokemon/snubbull/front.animated.tilemap gfx/pokemon/snubbull/front.dimensions > gfx/pokemon/snubbull/bitmask.asm
tools/pokemon_animation -b gfx/pokemon/granbull/front.animated.tilemap gfx/pokemon/granbull/front.dimensions > gfx/pokemon/granbull/bitmask.asm
tools/pokemon_animation -b gfx/pokemon/qwilfish/front.animated.tilemap gfx/pokemon/qwilfish/front.dimensions > gfx/pokemon/qwilfish/bitmask.asm
tools/pokemon_animation -b gfx/pokemon/scizor/front.animated.tilemap gfx/pokemon/scizor/front.dimensions > gfx/pokemon/scizor/bitmask.asm
tools/pokemon_animation -b gfx/pokemon/shuckle/front.animated.tilemap gfx/pokemon/shuckle/front.dimensions > gfx/pokemon/shuckle/bitmask.asm
tools/pokemon_animation -b gfx/pokemon/heracross/front.animated.tilemap gfx/pokemon/heracross/front.dimensions > gfx/pokemon/heracross/bitmask.asm
tools/pokemon_animation -b gfx/pokemon/sneasel/front.animated.tilemap gfx/pokemon/sneasel/front.dimensions > gfx/pokemon/sneasel/bitmask.asm
tools/pokemon_animation -b gfx/pokemon/teddiursa/front.animated.tilemap gfx/pokemon/teddiursa/front.dimensions > gfx/pokemon/teddiursa/bitmask.asm
tools/pokemon_animation -b gfx/pokemon/ursaring/front.animated.tilemap gfx/pokemon/ursaring/front.dimensions > gfx/pokemon/ursaring/bitmask.asm
tools/pokemon_animation -b gfx/pokemon/slugma/front.animated.tilemap gfx/pokemon/slugma/front.dimensions > gfx/pokemon/slugma/bitmask.asm
tools/pokemon_animation -b gfx/pokemon/magcargo/front.animated.tilemap gfx/pokemon/magcargo/front.dimensions > gfx/pokemon/magcargo/bitmask.asm
tools/pokemon_animation -b gfx/pokemon/swinub/front.animated.tilemap gfx/pokemon/swinub/front.dimensions > gfx/pokemon/swinub/bitmask.asm
tools/pokemon_animation -b gfx/pokemon/piloswine/front.animated.tilemap gfx/pokemon/piloswine/front.dimensions > gfx/pokemon/piloswine/bitmask.asm
tools/pokemon_animation -b gfx/pokemon/corsola/front.animated.tilemap gfx/pokemon/corsola/front.dimensions > gfx/pokemon/corsola/bitmask.asm
tools/pokemon_animation -b gfx/pokemon/remoraid/front.animated.tilemap gfx/pokemon/remoraid/front.dimensions > gfx/pokemon/remoraid/bitmask.asm
tools/pokemon_animation -b gfx/pokemon/octillery/front.animated.tilemap gfx/pokemon/octillery/front.dimensions > gfx/pokemon/octillery/bitmask.asm
tools/pokemon_animation -b gfx/pokemon/delibird/front.animated.tilemap gfx/pokemon/delibird/front.dimensions > gfx/pokemon/delibird/bitmask.asm
tools/pokemon_animation -b gfx/pokemon/mantine/front.animated.tilemap gfx/pokemon/mantine/front.dimensions > gfx/pokemon/mantine/bitmask.asm
tools/pokemon_animation -b gfx/pokemon/skarmory/front.animated.tilemap gfx/pokemon/skarmory/front.dimensions > gfx/pokemon/skarmory/bitmask.asm
tools/pokemon_animation -b gfx/pokemon/houndour/front.animated.tilemap gfx/pokemon/houndour/front.dimensions > gfx/pokemon/houndour/bitmask.asm
tools/pokemon_animation -b gfx/pokemon/houndoom/front.animated.tilemap gfx/pokemon/houndoom/front.dimensions > gfx/pokemon/houndoom/bitmask.asm
tools/pokemon_animation -b gfx/pokemon/kingdra/front.animated.tilemap gfx/pokemon/kingdra/front.dimensions > gfx/pokemon/kingdra/bitmask.asm
tools/pokemon_animation -b gfx/pokemon/phanpy/front.animated.tilemap gfx/pokemon/phanpy/front.dimensions > gfx/pokemon/phanpy/bitmask.asm
tools/pokemon_animation -b gfx/pokemon/donphan/front.animated.tilemap gfx/pokemon/donphan/front.dimensions > gfx/pokemon/donphan/bitmask.asm
tools/pokemon_animation -b gfx/pokemon/porygon2/front.animated.tilemap gfx/pokemon/porygon2/front.dimensions > gfx/pokemon/porygon2/bitmask.asm
tools/pokemon_animation -b gfx/pokemon/stantler/front.animated.tilemap gfx/pokemon/stantler/front.dimensions > gfx/pokemon/stantler/bitmask.asm
tools/pokemon_animation -b gfx/pokemon/smeargle/front.animated.tilemap gfx/pokemon/smeargle/front.dimensions > gfx/pokemon/smeargle/bitmask.asm
tools/pokemon_animation -b gfx/pokemon/tyrogue/front.animated.tilemap gfx/pokemon/tyrogue/front.dimensions > gfx/pokemon/tyrogue/bitmask.asm
tools/pokemon_animation -b gfx/pokemon/hitmontop/front.animated.tilemap gfx/pokemon/hitmontop/front.dimensions > gfx/pokemon/hitmontop/bitmask.asm
tools/pokemon_animation -b gfx/pokemon/smoochum/front.animated.tilemap gfx/pokemon/smoochum/front.dimensions > gfx/pokemon/smoochum/bitmask.asm
tools/pokemon_animation -b gfx/pokemon/elekid/front.animated.tilemap gfx/pokemon/elekid/front.dimensions > gfx/pokemon/elekid/bitmask.asm
tools/pokemon_animation -b gfx/pokemon/magby/front.animated.tilemap gfx/pokemon/magby/front.dimensions > gfx/pokemon/magby/bitmask.asm
tools/pokemon_animation -b gfx/pokemon/miltank/front.animated.tilemap gfx/pokemon/miltank/front.dimensions > gfx/pokemon/miltank/bitmask.asm
tools/pokemon_animation -b gfx/pokemon/blissey/front.animated.tilemap gfx/pokemon/blissey/front.dimensions > gfx/pokemon/blissey/bitmask.asm
tools/pokemon_animation -b gfx/pokemon/raikou/front.animated.tilemap gfx/pokemon/raikou/front.dimensions > gfx/pokemon/raikou/bitmask.asm
tools/pokemon_animation -b gfx/pokemon/entei/front.animated.tilemap gfx/pokemon/entei/front.dimensions > gfx/pokemon/entei/bitmask.asm
tools/pokemon_animation -b gfx/pokemon/suicune/front.animated.tilemap gfx/pokemon/suicune/front.dimensions > gfx/pokemon/suicune/bitmask.asm
tools/pokemon_animation -b gfx/pokemon/larvitar/front.animated.tilemap gfx/pokemon/larvitar/front.dimensions > gfx/pokemon/larvitar/bitmask.asm
tools/pokemon_animation -b gfx/pokemon/pupitar/front.animated.tilemap gfx/pokemon/pupitar/front.dimensions > gfx/pokemon/pupitar/bitmask.asm
tools/pokemon_animation -b gfx/pokemon/tyranitar/front.animated.tilemap gfx/pokemon/tyranitar/front.dimensions > gfx/pokemon/tyranitar/bitmask.asm
tools/pokemon_animation -b gfx/pokemon/ho_oh/front.animated.tilemap gfx/pokemon/ho_oh/front.dimensions > gfx/pokemon/ho_oh/bitmask.asm
tools/pokemon_animation -b gfx/pokemon/celebi/front.animated.tilemap gfx/pokemon/celebi/front.dimensions > gfx/pokemon/celebi/bitmask.asm
tools/pokemon_animation -b gfx/pokemon/unown_a/front.animated.tilemap gfx/pokemon/unown_a/front.dimensions > gfx/pokemon/unown_a/bitmask.asm
tools/pokemon_animation -b gfx/pokemon/unown_b/front.animated.tilemap gfx/pokemon/unown_b/front.dimensions > gfx/pokemon/unown_b/bitmask.asm
tools/pokemon_animation -b gfx/pokemon/unown_c/front.animated.tilemap gfx/pokemon/unown_c/front.dimensions > gfx/pokemon/unown_c/bitmask.asm
tools/pokemon_animation -b gfx/pokemon/unown_d/front.animated.tilemap gfx/pokemon/unown_d/front.dimensions > gfx/pokemon/unown_d/bitmask.asm
/workspace/toolchains/rgbds-1.0.4/rgbasm -Weverything -Wtruncation=1 -Q8 -P includes.asm  -o gfx/misc.o gfx/misc.asm
/workspace/toolchains/rgbds-1.0.4/rgbasm -Weverything -Wtruncation=1 -Q8 -P includes.asm  -o gfx/pics.o gfx/pics.asm
/workspace/toolchains/rgbds-1.0.4/rgbasm -Weverything -Wtruncation=1 -Q8 -P includes.asm  -o gfx/tilesets.o gfx/tilesets.asm
/workspace/toolchains/rgbds-1.0.4/rgbasm -Weverything -Wtruncation=1 -Q8 -P includes.asm  -o main.o main.asm
/workspace/toolchains/rgbds-1.0.4/rgblink -Weverything -Wtruncation=1 -l layout.link -n pokecrystal.sym -m pokecrystal.map -o pokecrystal.gbc audio.o home.o main.o ram.o data/text/common.o data/maps/map_data.o data/pokemon/dex_entries.o data/pokemon/egg_moves.o data/pokemon/evos_attacks.o engine/movie/credits.o engine/overworld/events.o gfx/misc.o gfx/pics.o gfx/sprites.o gfx/tilesets.o lib/mobile/main.o lib/mobile/mail.o
/workspace/toolchains/rgbds-1.0.4/rgbfix -Weverything -Cjv -t PEON_WAR -k 01 -l 0x33 -m MBC3+TIMER+RAM+BATTERY -r 3 -p 0 -i BYTE -n 0 pokecrystal.gbc
tools/stadium pokecrystal.gbc
